start_date,state_name,state_id,dengue_cases,dengue_deaths,malaria_cases,malaria_deaths,chikungunya_cases,chikungunya_deaths
2001-01-01,Andaman And Nicobar Islands,andaman_and_nicobar_islands,,,18.5,0.02,,
2001-02-01,Andaman And Nicobar Islands,andaman_and_nicobar_islands,,,18.5,0.02,,
2001-03-01,Andaman And Nicobar Islands,andaman_and_nicobar_islands,,,27.75,0.03,,
2001-04-01,Andaman And Nicobar Islands,andaman_and_nicobar_islands,,,37.0,0.04,,
2001-05-01,Andaman And Nicobar Islands,andaman_and_nicobar_islands,,,46.25,0.05,,
2001-06-01,Andaman And Nicobar Islands,andaman_and_nicobar_islands,,,74.0,0.08,,
2001-07-01,Andaman And Nicobar Islands,andaman_and_nicobar_islands,,,166.5,0.18,,
2001-08-01,Andaman And Nicobar Islands,andaman_and_nicobar_islands,,,203.5,0.22,,
2001-09-01,Andaman And Nicobar Islands,andaman_and_nicobar_islands,,,166.5,0.18,,
2001-10-01,Andaman And Nicobar Islands,andaman_and_nicobar_islands,,,92.5,0.1,,
2001-11-01,Andaman And Nicobar Islands,andaman_and_nicobar_islands,,,46.25,0.05,,
2001-12-01,Andaman And Nicobar Islands,andaman_and_nicobar_islands,,,27.75,0.03,,
2002-01-01,Andaman And Nicobar Islands,andaman_and_nicobar_islands,,,17.3,0.02,,
2002-02-01,Andaman And Nicobar Islands,andaman_and_nicobar_islands,,,17.3,0.02,,
2002-03-01,Andaman And Nicobar Islands,andaman_and_nicobar_islands,,,25.95,0.03,,
2002-04-01,Andaman And Nicobar Islands,andaman_and_nicobar_islands,,,34.6,0.04,,
2002-05-01,Andaman And Nicobar Islands,andaman_and_nicobar_islands,,,43.25,0.05,,
2002-06-01,Andaman And Nicobar Islands,andaman_and_nicobar_islands,,,69.2,0.08,,
2002-07-01,Andaman And Nicobar Islands,andaman_and_nicobar_islands,,,155.7,0.18,,
2002-08-01,Andaman And Nicobar Islands,andaman_and_nicobar_islands,,,190.3,0.22,,
2002-09-01,Andaman And Nicobar Islands,andaman_and_nicobar_islands,,,155.7,0.18,,
2002-10-01,Andaman And Nicobar Islands,andaman_and_nicobar_islands,,,86.5,0.1,,
2002-11-01,Andaman And Nicobar Islands,andaman_and_nicobar_islands,,,43.25,0.05,,
2002-12-01,Andaman And Nicobar Islands,andaman_and_nicobar_islands,,,25.95,0.03,,
2003-01-01,Andaman And Nicobar Islands,andaman_and_nicobar_islands,,,15.06,0.0,,
2003-02-01,Andaman And Nicobar Islands,andaman_and_nicobar_islands,,,15.06,0.0,,
2003-03-01,Andaman And Nicobar Islands,andaman_and_nicobar_islands,,,22.59,0.0,,
2003-04-01,Andaman And Nicobar Islands,andaman_and_nicobar_islands,,,30.12,0.0,,
2003-05-01,Andaman And Nicobar Islands,andaman_and_nicobar_islands,,,37.65,0.0,,
2003-06-01,Andaman And Nicobar Islands,andaman_and_nicobar_islands,,,60.24,0.0,,
2003-07-01,Andaman And Nicobar Islands,andaman_and_nicobar_islands,,,135.54,0.0,,
2003-08-01,Andaman And Nicobar Islands,andaman_and_nicobar_islands,,,165.66,0.0,,
2003-09-01,Andaman And Nicobar Islands,andaman_and_nicobar_islands,,,135.54,0.0,,
2003-10-01,Andaman And Nicobar Islands,andaman_and_nicobar_islands,,,75.3,0.0,,
2003-11-01,Andaman And Nicobar Islands,andaman_and_nicobar_islands,,,37.65,0.0,,
2003-12-01,Andaman And Nicobar Islands,andaman_and_nicobar_islands,,,22.59,0.0,,
2004-01-01,Andaman And Nicobar Islands,andaman_and_nicobar_islands,,,14.9,0.0,,
2004-02-01,Andaman And Nicobar Islands,andaman_and_nicobar_islands,,,14.9,0.0,,
2004-03-01,Andaman And Nicobar Islands,andaman_and_nicobar_islands,,,22.349999999999998,0.0,,
2004-04-01,Andaman And Nicobar Islands,andaman_and_nicobar_islands,,,29.8,0.0,,
2004-05-01,Andaman And Nicobar Islands,andaman_and_nicobar_islands,,,37.25,0.0,,
2004-06-01,Andaman And Nicobar Islands,andaman_and_nicobar_islands,,,59.6,0.0,,
2004-07-01,Andaman And Nicobar Islands,andaman_and_nicobar_islands,,,134.1,0.0,,
2004-08-01,Andaman And Nicobar Islands,andaman_and_nicobar_islands,,,163.9,0.0,,
2004-09-01,Andaman And Nicobar Islands,andaman_and_nicobar_islands,,,134.1,0.0,,
2004-10-01,Andaman And Nicobar Islands,andaman_and_nicobar_islands,,,74.5,0.0,,
2004-11-01,Andaman And Nicobar Islands,andaman_and_nicobar_islands,,,37.25,0.0,,
2004-12-01,Andaman And Nicobar Islands,andaman_and_nicobar_islands,,,22.349999999999998,0.0,,
2005-01-01,Andaman And Nicobar Islands,andaman_and_nicobar_islands,,,79.08,0.0,,
2005-02-01,Andaman And Nicobar Islands,andaman_and_nicobar_islands,,,79.08,0.0,,
2005-03-01,Andaman And Nicobar Islands,andaman_and_nicobar_islands,,,118.61999999999999,0.0,,
2005-04-01,Andaman And Nicobar Islands,andaman_and_nicobar_islands,,,158.16,0.0,,
2005-05-01,Andaman And Nicobar Islands,andaman_and_nicobar_islands,,,197.70000000000002,0.0,,
2005-06-01,Andaman And Nicobar Islands,andaman_and_nicobar_islands,,,316.32,0.0,,
2005-07-01,Andaman And Nicobar Islands,andaman_and_nicobar_islands,,,711.72,0.0,,
2005-08-01,Andaman And Nicobar Islands,andaman_and_nicobar_islands,,,869.88,0.0,,
2005-09-01,Andaman And Nicobar Islands,andaman_and_nicobar_islands,,,711.72,0.0,,
2005-10-01,Andaman And Nicobar Islands,andaman_and_nicobar_islands,,,395.40000000000003,0.0,,
2005-11-01,Andaman And Nicobar Islands,andaman_and_nicobar_islands,,,197.70000000000002,0.0,,
2005-12-01,Andaman And Nicobar Islands,andaman_and_nicobar_islands,,,118.61999999999999,0.0,,
2006-01-01,Andaman And Nicobar Islands,andaman_and_nicobar_islands,0.0,0.0,59.86,0.02,30.98,
2006-02-01,Andaman And Nicobar Islands,andaman_and_nicobar_islands,0.0,0.0,59.86,0.02,30.98,
2006-03-01,Andaman And Nicobar Islands,andaman_and_nicobar_islands,0.0,0.0,89.78999999999999,0.03,46.47,
2006-04-01,Andaman And Nicobar Islands,andaman_and_nicobar_islands,0.0,0.0,119.72,0.04,61.96,
2006-05-01,Andaman And Nicobar Islands,andaman_and_nicobar_islands,0.0,0.0,149.65,0.05,77.45,
2006-06-01,Andaman And Nicobar Islands,andaman_and_nicobar_islands,0.0,0.0,239.44,0.08,123.92,
2006-07-01,Andaman And Nicobar Islands,andaman_and_nicobar_islands,0.0,0.0,538.74,0.18,278.82,
2006-08-01,Andaman And Nicobar Islands,andaman_and_nicobar_islands,0.0,0.0,658.46,0.22,340.78000000000003,
2006-09-01,Andaman And Nicobar Islands,andaman_and_nicobar_islands,0.0,0.0,538.74,0.18,278.82,
2006-10-01,Andaman And Nicobar Islands,andaman_and_nicobar_islands,0.0,0.0,299.3,0.1,154.9,
2006-11-01,Andaman And Nicobar Islands,andaman_and_nicobar_islands,0.0,0.0,149.65,0.05,77.45,
2006-12-01,Andaman And Nicobar Islands,andaman_and_nicobar_islands,0.0,0.0,89.78999999999999,0.03,46.47,
2007-01-01,Andaman And Nicobar Islands,andaman_and_nicobar_islands,0.0,0.0,79.46000000000001,0.0,0.0,
2007-02-01,Andaman And Nicobar Islands,andaman_and_nicobar_islands,0.0,0.0,79.46000000000001,0.0,0.0,
2007-03-01,Andaman And Nicobar Islands,andaman_and_nicobar_islands,0.0,0.0,119.19,0.0,0.0,
2007-04-01,Andaman And Nicobar Islands,andaman_and_nicobar_islands,0.0,0.0,158.92000000000002,0.0,0.0,
2007-05-01,Andaman And Nicobar Islands,andaman_and_nicobar_islands,0.0,0.0,198.65,0.0,0.0,
2007-06-01,Andaman And Nicobar Islands,andaman_and_nicobar_islands,0.0,0.0,317.84000000000003,0.0,0.0,
2007-07-01,Andaman And Nicobar Islands,andaman_and_nicobar_islands,0.0,0.0,715.14,0.0,0.0,
2007-08-01,Andaman And Nicobar Islands,andaman_and_nicobar_islands,0.0,0.0,874.0600000000001,0.0,0.0,
2007-09-01,Andaman And Nicobar Islands,andaman_and_nicobar_islands,0.0,0.0,715.14,0.0,0.0,
2007-10-01,Andaman And Nicobar Islands,andaman_and_nicobar_islands,0.0,0.0,397.3,0.0,0.0,
2007-11-01,Andaman And Nicobar Islands,andaman_and_nicobar_islands,0.0,0.0,198.65,0.0,0.0,
2007-12-01,Andaman And Nicobar Islands,andaman_and_nicobar_islands,0.0,0.0,119.19,0.0,0.0,
2008-01-01,Andaman And Nicobar Islands,andaman_and_nicobar_islands,0.0,0.0,93.76,0.0,0.0,
2008-02-01,Andaman And Nicobar Islands,andaman_and_nicobar_islands,0.0,0.0,93.76,0.0,0.0,
2008-03-01,Andaman And Nicobar Islands,andaman_and_nicobar_islands,0.0,0.0,140.64,0.0,0.0,
2008-04-01,Andaman And Nicobar Islands,andaman_and_nicobar_islands,0.0,0.0,187.52,0.0,0.0,
2008-05-01,Andaman And Nicobar Islands,andaman_and_nicobar_islands,0.0,0.0,234.4,0.0,0.0,
2008-06-01,Andaman And Nicobar Islands,andaman_and_nicobar_islands,0.0,0.0,375.04,0.0,0.0,
2008-07-01,Andaman And Nicobar Islands,andaman_and_nicobar_islands,0.0,0.0,843.8399999999999,0.0,0.0,
2008-08-01,Andaman And Nicobar Islands,andaman_and_nicobar_islands,0.0,0.0,1031.36,0.0,0.0,
2008-09-01,Andaman And Nicobar Islands,andaman_and_nicobar_islands,0.0,0.0,843.8399999999999,0.0,0.0,
2008-10-01,Andaman And Nicobar Islands,andaman_and_nicobar_islands,0.0,0.0,468.8,0.0,0.0,
2008-11-01,Andaman And Nicobar Islands,andaman_and_nicobar_islands,0.0,0.0,234.4,0.0,0.0,
2008-12-01,Andaman And Nicobar Islands,andaman_and_nicobar_islands,0.0,0.0,140.64,0.0,0.0,
2009-01-01,Andaman And Nicobar Islands,andaman_and_nicobar_islands,0.0,0.0,115.2,0.0,0.0,
2009-02-01,Andaman And Nicobar Islands,andaman_and_nicobar_islands,0.0,0.0,115.2,0.0,0.0,
2009-03-01,Andaman And Nicobar Islands,andaman_and_nicobar_islands,0.0,0.0,172.79999999999998,0.0,0.0,
2009-04-01,Andaman And Nicobar Islands,andaman_and_nicobar_islands,0.0,0.0,230.4,0.0,0.0,
2009-05-01,Andaman And Nicobar Islands,andaman_and_nicobar_islands,0.0,0.0,288.0,0.0,0.0,
2009-06-01,Andaman And Nicobar Islands,andaman_and_nicobar_islands,0.0,0.0,460.8,0.0,0.0,
2009-07-01,Andaman And Nicobar Islands,andaman_and_nicobar_islands,0.0,0.0,1036.8,0.0,0.0,
2009-08-01,Andaman And Nicobar Islands,andaman_and_nicobar_islands,0.0,0.0,1267.2,0.0,0.0,
2009-09-01,Andaman And Nicobar Islands,andaman_and_nicobar_islands,0.0,0.0,1036.8,0.0,0.0,
2009-10-01,Andaman And Nicobar Islands,andaman_and_nicobar_islands,0.0,0.0,576.0,0.0,0.0,
2009-11-01,Andaman And Nicobar Islands,andaman_and_nicobar_islands,0.0,0.0,288.0,0.0,0.0,
2009-12-01,Andaman And Nicobar Islands,andaman_and_nicobar_islands,0.0,0.0,172.79999999999998,0.0,0.0,
2010-01-01,Andaman And Nicobar Islands,andaman_and_nicobar_islands,0.5,0.0,49.68,0.0,1.18,
2010-02-01,Andaman And Nicobar Islands,andaman_and_nicobar_islands,0.5,0.0,49.68,0.0,1.18,
2010-03-01,Andaman And Nicobar Islands,andaman_and_nicobar_islands,0.75,0.0,74.52,0.0,1.77,
2010-04-01,Andaman And Nicobar Islands,andaman_and_nicobar_islands,1.0,0.0,99.36,0.0,2.36,
2010-05-01,Andaman And Nicobar Islands,andaman_and_nicobar_islands,1.25,0.0,124.2,0.0,2.95,
2010-06-01,Andaman And Nicobar Islands,andaman_and_nicobar_islands,2.0,0.0,198.72,0.0,4.72,
2010-07-01,Andaman And Nicobar Islands,andaman_and_nicobar_islands,4.5,0.0,447.12,0.0,10.62,
2010-08-01,Andaman And Nicobar Islands,andaman_and_nicobar_islands,5.5,0.0,546.48,0.0,12.98,
2010-09-01,Andaman And Nicobar Islands,andaman_and_nicobar_islands,4.5,0.0,447.12,0.0,10.62,
2010-10-01,Andaman And Nicobar Islands,andaman_and_nicobar_islands,2.5,0.0,248.4,0.0,5.9,
2010-11-01,Andaman And Nicobar Islands,andaman_and_nicobar_islands,1.25,0.0,124.2,0.0,2.95,
2010-12-01,Andaman And Nicobar Islands,andaman_and_nicobar_islands,0.75,0.0,74.52,0.0,1.77,
2011-01-01,Andaman And Nicobar Islands,andaman_and_nicobar_islands,0.12,0.0,38.36,0.0,1.92,
2011-02-01,Andaman And Nicobar Islands,andaman_and_nicobar_islands,0.12,0.0,38.36,0.0,1.92,
2011-03-01,Andaman And Nicobar Islands,andaman_and_nicobar_islands,0.18,0.0,57.54,0.0,2.88,
2011-04-01,Andaman And Nicobar Islands,andaman_and_nicobar_islands,0.24,0.0,76.72,0.0,3.84,
2011-05-01,Andaman And Nicobar Islands,andaman_and_nicobar_islands,0.30000000000000004,0.0,95.9,0.0,4.800000000000001,
2011-06-01,Andaman And Nicobar Islands,andaman_and_nicobar_islands,0.48,0.0,153.44,0.0,7.68,
2011-07-01,Andaman And Nicobar Islands,andaman_and_nicobar_islands,1.08,0.0,345.24,0.0,17.28,
2011-08-01,Andaman And Nicobar Islands,andaman_and_nicobar_islands,1.32,0.0,421.96,0.0,21.12,
2011-09-01,Andaman And Nicobar Islands,andaman_and_nicobar_islands,1.08,0.0,345.24,0.0,17.28,
2011-10-01,Andaman And Nicobar Islands,andaman_and_nicobar_islands,0.6000000000000001,0.0,191.8,0.0,9.600000000000001,
2011-11-01,Andaman And Nicobar Islands,andaman_and_nicobar_islands,0.30000000000000004,0.0,95.9,0.0,4.800000000000001,
2011-12-01,Andaman And Nicobar Islands,andaman_and_nicobar_islands,0.18,0.0,57.54,0.0,2.88,
2012-01-01,Andaman And Nicobar Islands,andaman_and_nicobar_islands,0.48,0.0,30.78,0.0,5.12,
2012-02-01,Andaman And Nicobar Islands,andaman_and_nicobar_islands,0.48,0.0,30.78,0.0,5.12,
2012-03-01,Andaman And Nicobar Islands,andaman_and_nicobar_islands,0.72,0.0,46.17,0.0,7.68,
2012-04-01,Andaman And Nicobar Islands,andaman_and_nicobar_islands,0.96,0.0,61.56,0.0,10.24,
2012-05-01,Andaman And Nicobar Islands,andaman_and_nicobar_islands,1.2000000000000002,0.0,76.95,0.0,12.8,
2012-06-01,Andaman And Nicobar Islands,andaman_and_nicobar_islands,1.92,0.0,123.12,0.0,20.48,
2012-07-01,Andaman And Nicobar Islands,andaman_and_nicobar_islands,4.32,0.0,277.02,0.0,46.08,
2012-08-01,Andaman And Nicobar Islands,andaman_and_nicobar_islands,5.28,0.0,338.58,0.0,56.32,
2012-09-01,Andaman And Nicobar Islands,andaman_and_nicobar_islands,4.32,0.0,277.02,0.0,46.08,
2012-10-01,Andaman And Nicobar Islands,andaman_and_nicobar_islands,2.4000000000000004,0.0,153.9,0.0,25.6,
2012-11-01,Andaman And Nicobar Islands,andaman_and_nicobar_islands,1.2000000000000002,0.0,76.95,0.0,12.8,
2012-12-01,Andaman And Nicobar Islands,andaman_and_nicobar_islands,0.72,0.0,46.17,0.0,7.68,
2013-01-01,Andaman And Nicobar Islands,andaman_and_nicobar_islands,1.34,0.0,20.1,0.0,4.04,
2013-02-01,Andaman And Nicobar Islands,andaman_and_nicobar_islands,1.34,0.0,20.1,0.0,4.04,
2013-03-01,Andaman And Nicobar Islands,andaman_and_nicobar_islands,2.01,0.0,30.15,0.0,6.06,
2013-04-01,Andaman And Nicobar Islands,andaman_and_nicobar_islands,2.68,0.0,40.2,0.0,8.08,
2013-05-01,Andaman And Nicobar Islands,andaman_and_nicobar_islands,3.35,0.0,50.25,0.0,10.100000000000001,
2013-06-01,Andaman And Nicobar Islands,andaman_and_nicobar_islands,5.36,0.0,80.4,0.0,16.16,
2013-07-01,Andaman And Nicobar Islands,andaman_and_nicobar_islands,12.059999999999999,0.0,180.9,0.0,36.36,
2013-08-01,Andaman And Nicobar Islands,andaman_and_nicobar_islands,14.74,0.0,221.1,0.0,44.44,
2013-09-01,Andaman And Nicobar Islands,andaman_and_nicobar_islands,12.059999999999999,0.0,180.9,0.0,36.36,
2013-10-01,Andaman And Nicobar Islands,andaman_and_nicobar_islands,6.7,0.0,100.5,0.0,20.200000000000003,
2013-11-01,Andaman And Nicobar Islands,andaman_and_nicobar_islands,3.35,0.0,50.25,0.0,10.100000000000001,
2013-12-01,Andaman And Nicobar Islands,andaman_and_nicobar_islands,2.01,0.0,30.15,0.0,6.06,
2014-01-01,Andaman And Nicobar Islands,andaman_and_nicobar_islands,,,11.14,0.0,3.22,
2014-02-01,Andaman And Nicobar Islands,andaman_and_nicobar_islands,,,11.14,0.0,3.22,
2014-03-01,Andaman And Nicobar Islands,andaman_and_nicobar_islands,,,16.71,0.0,4.83,
2014-04-01,Andaman And Nicobar Islands,andaman_and_nicobar_islands,,,22.28,0.0,6.44,
2014-05-01,Andaman And Nicobar Islands,andaman_and_nicobar_islands,,,27.85,0.0,8.05,
2014-06-01,Andaman And Nicobar Islands,andaman_and_nicobar_islands,,,44.56,0.0,12.88,
2014-07-01,Andaman And Nicobar Islands,andaman_and_nicobar_islands,,,100.25999999999999,0.0,28.98,
2014-08-01,Andaman And Nicobar Islands,andaman_and_nicobar_islands,,,122.54,0.0,35.42,
2014-09-01,Andaman And Nicobar Islands,andaman_and_nicobar_islands,,,100.25999999999999,0.0,28.98,
2014-10-01,Andaman And Nicobar Islands,andaman_and_nicobar_islands,,,55.7,0.0,16.1,
2014-11-01,Andaman And Nicobar Islands,andaman_and_nicobar_islands,,,27.85,0.0,8.05,
2014-12-01,Andaman And Nicobar Islands,andaman_and_nicobar_islands,,,16.71,0.0,4.83,
2015-01-01,Andaman And Nicobar Islands,andaman_and_nicobar_islands,,,8.18,0.0,1.36,
2015-02-01,Andaman And Nicobar Islands,andaman_and_nicobar_islands,,,8.18,0.0,1.36,
2015-03-01,Andaman And Nicobar Islands,andaman_and_nicobar_islands,,,12.27,0.0,2.04,
2015-04-01,Andaman And Nicobar Islands,andaman_and_nicobar_islands,,,16.36,0.0,2.72,
2015-05-01,Andaman And Nicobar Islands,andaman_and_nicobar_islands,,,20.450000000000003,0.0,3.4000000000000004,
2015-06-01,Andaman And Nicobar Islands,andaman_and_nicobar_islands,,,32.72,0.0,5.44,
2015-07-01,Andaman And Nicobar Islands,andaman_and_nicobar_islands,,,73.61999999999999,0.0,12.24,
2015-08-01,Andaman And Nicobar Islands,andaman_and_nicobar_islands,,,89.98,0.0,14.96,
2015-09-01,Andaman And Nicobar Islands,andaman_and_nicobar_islands,,,73.61999999999999,0.0,12.24,
2015-10-01,Andaman And Nicobar Islands,andaman_and_nicobar_islands,,,40.900000000000006,0.0,6.800000000000001,
2015-11-01,Andaman And Nicobar Islands,andaman_and_nicobar_islands,,,20.450000000000003,0.0,3.4000000000000004,
2015-12-01,Andaman And Nicobar Islands,andaman_and_nicobar_islands,,,12.27,0.0,2.04,
2016-01-01,Andaman And Nicobar Islands,andaman_and_nicobar_islands,,,9.700000000000001,0.0,0.36,
2016-02-01,Andaman And Nicobar Islands,andaman_and_nicobar_islands,,,9.700000000000001,0.0,0.36,
2016-03-01,Andaman And Nicobar Islands,andaman_and_nicobar_islands,,,14.549999999999999,0.0,0.54,
2016-04-01,Andaman And Nicobar Islands,andaman_and_nicobar_islands,,,19.400000000000002,0.0,0.72,
2016-05-01,Andaman And Nicobar Islands,andaman_and_nicobar_islands,,,24.25,0.0,0.9,
2016-06-01,Andaman And Nicobar Islands,andaman_and_nicobar_islands,,,38.800000000000004,0.0,1.44,
2016-07-01,Andaman And Nicobar Islands,andaman_and_nicobar_islands,,,87.3,0.0,3.2399999999999998,
2016-08-01,Andaman And Nicobar Islands,andaman_and_nicobar_islands,,,106.7,0.0,3.96,
2016-09-01,Andaman And Nicobar Islands,andaman_and_nicobar_islands,,,87.3,0.0,3.2399999999999998,
2016-10-01,Andaman And Nicobar Islands,andaman_and_nicobar_islands,,,48.5,0.0,1.8,
2016-11-01,Andaman And Nicobar Islands,andaman_and_nicobar_islands,,,24.25,0.0,0.9,
2016-12-01,Andaman And Nicobar Islands,andaman_and_nicobar_islands,,,14.549999999999999,0.0,0.54,
2017-01-01,Andaman And Nicobar Islands,andaman_and_nicobar_islands,0.36,0.0,10.1,0.0,1.86,
2017-02-01,Andaman And Nicobar Islands,andaman_and_nicobar_islands,0.36,0.0,10.1,0.0,1.86,
2017-03-01,Andaman And Nicobar Islands,andaman_and_nicobar_islands,0.54,0.0,15.149999999999999,0.0,2.79,
2017-04-01,Andaman And Nicobar Islands,andaman_and_nicobar_islands,0.72,0.0,20.2,0.0,3.72,
2017-05-01,Andaman And Nicobar Islands,andaman_and_nicobar_islands,0.9,0.0,25.25,0.0,4.65,
2017-06-01,Andaman And Nicobar Islands,andaman_and_nicobar_islands,1.44,0.0,40.4,0.0,7.44,
2017-07-01,Andaman And Nicobar Islands,andaman_and_nicobar_islands,3.2399999999999998,0.0,90.89999999999999,0.0,16.74,
2017-08-01,Andaman And Nicobar Islands,andaman_and_nicobar_islands,3.96,0.0,111.1,0.0,20.46,
2017-09-01,Andaman And Nicobar Islands,andaman_and_nicobar_islands,3.2399999999999998,0.0,90.89999999999999,0.0,16.74,
2017-10-01,Andaman And Nicobar Islands,andaman_and_nicobar_islands,1.8,0.0,50.5,0.0,9.3,
2017-11-01,Andaman And Nicobar Islands,andaman_and_nicobar_islands,0.9,0.0,25.25,0.0,4.65,
2017-12-01,Andaman And Nicobar Islands,andaman_and_nicobar_islands,0.54,0.0,15.149999999999999,0.0,2.79,
2018-01-01,Andaman And Nicobar Islands,andaman_and_nicobar_islands,0.98,0.0,5.18,0.0,4.1,
2018-02-01,Andaman And Nicobar Islands,andaman_and_nicobar_islands,0.98,0.0,5.18,0.0,4.1,
2018-03-01,Andaman And Nicobar Islands,andaman_and_nicobar_islands,1.47,0.0,7.77,0.0,6.1499999999999995,
2018-04-01,Andaman And Nicobar Islands,andaman_and_nicobar_islands,1.96,0.0,10.36,0.0,8.2,
2018-05-01,Andaman And Nicobar Islands,andaman_and_nicobar_islands,2.45,0.0,12.950000000000001,0.0,10.25,
2018-06-01,Andaman And Nicobar Islands,andaman_and_nicobar_islands,3.92,0.0,20.72,0.0,16.4,
2018-07-01,Andaman And Nicobar Islands,andaman_and_nicobar_islands,8.82,0.0,46.62,0.0,36.9,
2018-08-01,Andaman And Nicobar Islands,andaman_and_nicobar_islands,10.78,0.0,56.98,0.0,45.1,
2018-09-01,Andaman And Nicobar Islands,andaman_and_nicobar_islands,8.82,0.0,46.62,0.0,36.9,
2018-10-01,Andaman And Nicobar Islands,andaman_and_nicobar_islands,4.9,0.0,25.900000000000002,0.0,20.5,
2018-11-01,Andaman And Nicobar Islands,andaman_and_nicobar_islands,2.45,0.0,12.950000000000001,0.0,10.25,
2018-12-01,Andaman And Nicobar Islands,andaman_and_nicobar_islands,1.47,0.0,7.77,0.0,6.1499999999999995,
2019-01-01,Andaman And Nicobar Islands,andaman_and_nicobar_islands,3.36,0.0,4.04,0.0,14.040000000000001,
2019-02-01,Andaman And Nicobar Islands,andaman_and_nicobar_islands,3.36,0.0,4.04,0.0,14.040000000000001,
2019-03-01,Andaman And Nicobar Islands,andaman_and_nicobar_islands,5.04,0.0,6.06,0.0,21.06,
2019-04-01,Andaman And Nicobar Islands,andaman_and_nicobar_islands,6.72,0.0,8.08,0.0,28.080000000000002,
2019-05-01,Andaman And Nicobar Islands,andaman_and_nicobar_islands,8.4,0.0,10.100000000000001,0.0,35.1,
2019-06-01,Andaman And Nicobar Islands,andaman_and_nicobar_islands,13.44,0.0,16.16,0.0,56.160000000000004,
2019-07-01,Andaman And Nicobar Islands,andaman_and_nicobar_islands,30.24,0.0,36.36,0.0,126.36,
2019-08-01,Andaman And Nicobar Islands,andaman_and_nicobar_islands,36.96,0.0,44.44,0.0,154.44,
2019-09-01,Andaman And Nicobar Islands,andaman_and_nicobar_islands,30.24,0.0,36.36,0.0,126.36,
2019-10-01,Andaman And Nicobar Islands,andaman_and_nicobar_islands,16.8,0.0,20.200000000000003,0.0,70.2,
2019-11-01,Andaman And Nicobar Islands,andaman_and_nicobar_islands,8.4,0.0,10.100000000000001,0.0,35.1,
2019-12-01,Andaman And Nicobar Islands,andaman_and_nicobar_islands,5.04,0.0,6.06,0.0,21.06,
2020-01-01,Andaman And Nicobar Islands,andaman_and_nicobar_islands,1.96,0.0,1.7,0.04,12.200000000000001,
2020-02-01,Andaman And Nicobar Islands,andaman_and_nicobar_islands,1.96,0.0,1.7,0.04,12.200000000000001,
2020-03-01,Andaman And Nicobar Islands,andaman_and_nicobar_islands,2.94,0.0,2.55,0.06,18.3,
2020-04-01,Andaman And Nicobar Islands,andaman_and_nicobar_islands,3.92,0.0,3.4,0.08,24.400000000000002,
2020-05-01,Andaman And Nicobar Islands,andaman_and_nicobar_islands,4.9,0.0,4.25,0.1,30.5,
2020-06-01,Andaman And Nicobar Islands,andaman_and_nicobar_islands,7.84,0.0,6.8,0.16,48.800000000000004,
2020-07-01,Andaman And Nicobar Islands,andaman_and_nicobar_islands,17.64,0.0,15.299999999999999,0.36,109.8,
2020-08-01,Andaman And Nicobar Islands,andaman_and_nicobar_islands,21.56,0.0,18.7,0.44,134.2,
2020-09-01,Andaman And Nicobar Islands,andaman_and_nicobar_islands,17.64,0.0,15.299999999999999,0.36,109.8,
2020-10-01,Andaman And Nicobar Islands,andaman_and_nicobar_islands,9.8,0.0,8.5,0.2,61.0,
2020-11-01,Andaman And Nicobar Islands,andaman_and_nicobar_islands,4.9,0.0,4.25,0.1,30.5,
2020-12-01,Andaman And Nicobar Islands,andaman_and_nicobar_islands,2.94,0.0,2.55,0.06,18.3,
2021-01-01,Andaman And Nicobar Islands,andaman_and_nicobar_islands,3.5,0.0,0.54,0.0,3.74,
2021-02-01,Andaman And Nicobar Islands,andaman_and_nicobar_islands,3.5,0.0,0.54,0.0,3.74,
2021-03-01,Andaman And Nicobar Islands,andaman_and_nicobar_islands,5.25,0.0,0.8099999999999999,0.0,5.609999999999999,
2021-04-01,Andaman And Nicobar Islands,andaman_and_nicobar_islands,7.0,0.0,1.08,0.0,7.48,
2021-05-01,Andaman And Nicobar Islands,andaman_and_nicobar_islands,8.75,0.0,1.35,0.0,9.35,
2021-06-01,Andaman And Nicobar Islands,andaman_and_nicobar_islands,14.0,0.0,2.16,0.0,14.96,
2021-07-01,Andaman And Nicobar Islands,andaman_and_nicobar_islands,31.5,0.0,4.859999999999999,0.0,33.66,
2021-08-01,Andaman And Nicobar Islands,andaman_and_nicobar_islands,38.5,0.0,5.94,0.0,41.14,
2021-09-01,Andaman And Nicobar Islands,andaman_and_nicobar_islands,31.5,0.0,4.859999999999999,0.0,33.66,
2021-10-01,Andaman And Nicobar Islands,andaman_and_nicobar_islands,17.5,0.0,2.7,0.0,18.7,
2021-11-01,Andaman And Nicobar Islands,andaman_and_nicobar_islands,8.75,0.0,1.35,0.0,9.35,
2021-12-01,Andaman And Nicobar Islands,andaman_and_nicobar_islands,5.25,0.0,0.8099999999999999,0.0,5.609999999999999,
2022-01-01,Andaman And Nicobar Islands,andaman_and_nicobar_islands,21.6,0.0,0.92,0.0,1.3,
2022-02-01,Andaman And Nicobar Islands,andaman_and_nicobar_islands,21.6,0.0,0.92,0.0,1.3,
2022-03-01,Andaman And Nicobar Islands,andaman_and_nicobar_islands,32.4,0.0,1.38,0.0,1.95,
2022-04-01,Andaman And Nicobar Islands,andaman_and_nicobar_islands,43.2,0.0,1.84,0.0,2.6,
2022-05-01,Andaman And Nicobar Islands,andaman_and_nicobar_islands,54.0,0.0,2.3000000000000003,0.0,3.25,
2022-06-01,Andaman And Nicobar Islands,andaman_and_nicobar_islands,86.4,0.0,3.68,0.0,5.2,
2022-07-01,Andaman And Nicobar Islands,andaman_and_nicobar_islands,194.4,0.0,8.28,0.0,11.7,
2022-08-01,Andaman And Nicobar Islands,andaman_and_nicobar_islands,237.6,0.0,10.12,0.0,14.3,
2022-09-01,Andaman And Nicobar Islands,andaman_and_nicobar_islands,194.4,0.0,8.28,0.0,11.7,
2022-10-01,Andaman And Nicobar Islands,andaman_and_nicobar_islands,108.0,0.0,4.6000000000000005,0.0,6.5,
2022-11-01,Andaman And Nicobar Islands,andaman_and_nicobar_islands,54.0,0.0,2.3000000000000003,0.0,3.25,
2022-12-01,Andaman And Nicobar Islands,andaman_and_nicobar_islands,32.4,0.0,1.38,0.0,1.95,
1999-01-01,Andhra Pradesh,andhra_pradesh,0.0,0.0,,,,
1999-02-01,Andhra Pradesh,andhra_pradesh,0.0,0.0,,,,
1999-03-01,Andhra Pradesh,andhra_pradesh,0.0,0.0,,,,
1999-04-01,Andhra Pradesh,andhra_pradesh,0.0,0.0,,,,
1999-05-01,Andhra Pradesh,andhra_pradesh,0.0,0.0,,,,
1999-06-01,Andhra Pradesh,andhra_pradesh,0.0,0.0,,,,
1999-07-01,Andhra Pradesh,andhra_pradesh,0.0,0.0,,,,
1999-08-01,Andhra Pradesh,andhra_pradesh,0.0,0.0,,,,
1999-09-01,Andhra Pradesh,andhra_pradesh,0.0,0.0,,,,
1999-10-01,Andhra Pradesh,andhra_pradesh,0.0,0.0,,,,
1999-11-01,Andhra Pradesh,andhra_pradesh,0.0,0.0,,,,
1999-12-01,Andhra Pradesh,andhra_pradesh,0.0,0.0,,,,
2000-01-01,Andhra Pradesh,andhra_pradesh,0.05861509524794269,0.0,,,,
2000-02-01,Andhra Pradesh,andhra_pradesh,0.05861509524794269,0.0,,,,
2000-03-01,Andhra Pradesh,andhra_pradesh,0.08792264287191404,0.0,,,,
2000-04-01,Andhra Pradesh,andhra_pradesh,0.11723019049588539,0.0,,,,
2000-05-01,Andhra Pradesh,andhra_pradesh,0.14653773811985674,0.0,,,,
2000-06-01,Andhra Pradesh,andhra_pradesh,0.23446038099177077,0.0,,,,
2000-07-01,Andhra Pradesh,andhra_pradesh,0.5275358572314842,0.0,,,,
2000-08-01,Andhra Pradesh,andhra_pradesh,0.6447660477273697,0.0,,,,
2000-09-01,Andhra Pradesh,andhra_pradesh,0.5275358572314842,0.0,,,,
2000-10-01,Andhra Pradesh,andhra_pradesh,0.2930754762397135,0.0,,,,
2000-11-01,Andhra Pradesh,andhra_pradesh,0.14653773811985674,0.0,,,,
2000-12-01,Andhra Pradesh,andhra_pradesh,0.08792264287191404,0.0,,,,
2001-01-01,Andhra Pradesh,andhra_pradesh,0.011723019049588538,0.0,676.8285048279942,0.011723019049588538,,
2001-02-01,Andhra Pradesh,andhra_pradesh,0.011723019049588538,0.0,676.8285048279942,0.011723019049588538,,
2001-03-01,Andhra Pradesh,andhra_pradesh,0.017584528574382804,0.0,1015.2427572419913,0.017584528574382804,,
2001-04-01,Andhra Pradesh,andhra_pradesh,0.023446038099177075,0.0,1353.6570096559883,0.023446038099177075,,
2001-05-01,Andhra Pradesh,andhra_pradesh,0.029307547623971343,0.0,1692.0712620699856,0.029307547623971343,,
2001-06-01,Andhra Pradesh,andhra_pradesh,0.04689207619835415,0.0,2707.3140193119766,0.04689207619835415,,
2001-07-01,Andhra Pradesh,andhra_pradesh,0.10550717144629683,0.0,6091.456543451947,0.10550717144629683,,
2001-08-01,Andhra Pradesh,andhra_pradesh,0.1289532095454739,0.0,7445.113553107936,0.1289532095454739,,
2001-09-01,Andhra Pradesh,andhra_pradesh,0.10550717144629683,0.0,6091.456543451947,0.10550717144629683,,
2001-10-01,Andhra Pradesh,andhra_pradesh,0.058615095247942686,0.0,3384.142524139971,0.058615095247942686,,
2001-11-01,Andhra Pradesh,andhra_pradesh,0.029307547623971343,0.0,1692.0712620699856,0.029307547623971343,,
2001-12-01,Andhra Pradesh,andhra_pradesh,0.017584528574382804,0.0,1015.2427572419913,0.017584528574382804,,
2002-01-01,Andhra Pradesh,andhra_pradesh,0.7151041620249008,0.03516905714876561,446.0960438939926,0.0,,
2002-02-01,Andhra Pradesh,andhra_pradesh,0.7151041620249008,0.03516905714876561,446.0960438939926,0.0,,
2002-03-01,Andhra Pradesh,andhra_pradesh,1.0726562430373512,0.052753585723148415,669.1440658409889,0.0,,
2002-04-01,Andhra Pradesh,andhra_pradesh,1.4302083240498016,0.07033811429753122,892.1920877879852,0.0,,
2002-05-01,Andhra Pradesh,andhra_pradesh,1.787760405062252,0.08792264287191404,1115.2401097349816,0.0,,
2002-06-01,Andhra Pradesh,andhra_pradesh,2.860416648099603,0.14067622859506243,1784.3841755759704,0.0,,
2002-07-01,Andhra Pradesh,andhra_pradesh,6.435937458224107,0.3165215143388905,4014.864395045933,0.0,,
2002-08-01,Andhra Pradesh,andhra_pradesh,7.866145782273908,0.3868596286364217,4907.056482833918,0.0,,
2002-09-01,Andhra Pradesh,andhra_pradesh,6.435937458224107,0.3165215143388905,4014.864395045933,0.0,,
2002-10-01,Andhra Pradesh,andhra_pradesh,3.575520810124504,0.17584528574382807,2230.4802194699632,0.0,,
2002-11-01,Andhra Pradesh,andhra_pradesh,1.787760405062252,0.08792264287191404,1115.2401097349816,0.0,,
2002-12-01,Andhra Pradesh,andhra_pradesh,1.0726562430373512,0.052753585723148415,669.1440658409889,0.0,,
2003-01-01,Andhra Pradesh,andhra_pradesh,1.1136868097109112,0.05861509524794269,421.9700706899394,0.03516905714876561,,
2003-02-01,Andhra Pradesh,andhra_pradesh,1.1136868097109112,0.05861509524794269,421.9700706899394,0.03516905714876561,,
2003-03-01,Andhra Pradesh,andhra_pradesh,1.6705302145663665,0.08792264287191404,632.955106034909,0.052753585723148415,,
2003-04-01,Andhra Pradesh,andhra_pradesh,2.2273736194218223,0.11723019049588539,843.9401413798788,0.07033811429753122,,
2003-05-01,Andhra Pradesh,andhra_pradesh,2.784217024277278,0.14653773811985674,1054.9251767248486,0.08792264287191404,,
2003-06-01,Andhra Pradesh,andhra_pradesh,4.454747238843645,0.23446038099177077,1687.8802827597576,0.14067622859506243,,
2003-07-01,Andhra Pradesh,andhra_pradesh,10.023181287398199,0.5275358572314842,3797.730636209454,0.3165215143388905,,
2003-08-01,Andhra Pradesh,andhra_pradesh,12.250554906820023,0.6447660477273697,4641.670777589333,0.3868596286364217,,
2003-09-01,Andhra Pradesh,andhra_pradesh,10.023181287398199,0.5275358572314842,3797.730636209454,0.3165215143388905,,
2003-10-01,Andhra Pradesh,andhra_pradesh,5.568434048554556,0.2930754762397135,2109.850353449697,0.17584528574382807,,
2003-11-01,Andhra Pradesh,andhra_pradesh,2.784217024277278,0.14653773811985674,1054.9251767248486,0.08792264287191404,,
2003-12-01,Andhra Pradesh,andhra_pradesh,1.6705302145663665,0.08792264287191404,632.955106034909,0.052753585723148415,,
2004-01-01,Andhra Pradesh,andhra_pradesh,2.6962943814053633,0.011723019049588538,415.31139586977304,0.023446038099177075,,
2004-02-01,Andhra Pradesh,andhra_pradesh,2.6962943814053633,0.011723019049588538,415.31139586977304,0.023446038099177075,,
2004-03-01,Andhra Pradesh,andhra_pradesh,4.0444415721080444,0.017584528574382804,622.9670938046595,0.03516905714876561,,
2004-04-01,Andhra Pradesh,andhra_pradesh,5.3925887628107265,0.023446038099177075,830.6227917395461,0.04689207619835415,,
2004-05-01,Andhra Pradesh,andhra_pradesh,6.740735953513408,0.029307547623971343,1038.2784896744326,0.058615095247942686,,
2004-06-01,Andhra Pradesh,andhra_pradesh,10.785177525621453,0.04689207619835415,1661.2455834790921,0.0937841523967083,,
2004-07-01,Andhra Pradesh,andhra_pradesh,24.26664943264827,0.10550717144629683,3737.8025628279574,0.21101434289259366,,
2004-08-01,Andhra Pradesh,andhra_pradesh,29.659238195458993,0.1289532095454739,4568.425354567504,0.2579064190909478,,
2004-09-01,Andhra Pradesh,andhra_pradesh,24.26664943264827,0.10550717144629683,3737.8025628279574,0.21101434289259366,,
2004-10-01,Andhra Pradesh,andhra_pradesh,13.481471907026815,0.058615095247942686,2076.5569793488653,0.11723019049588537,,
2004-11-01,Andhra Pradesh,andhra_pradesh,6.740735953513408,0.029307547623971343,1038.2784896744326,0.058615095247942686,,
2004-12-01,Andhra Pradesh,andhra_pradesh,4.0444415721080444,0.017584528574382804,622.9670938046595,0.03516905714876561,,
2005-01-01,Andhra Pradesh,andhra_pradesh,1.1605788859092652,0.023446038099177075,458.3583218198623,0.0,,
2005-02-01,Andhra Pradesh,andhra_pradesh,1.1605788859092652,0.023446038099177075,458.3583218198623,0.0,,
2005-03-01,Andhra Pradesh,andhra_pradesh,1.7408683288638975,0.03516905714876561,687.5374827297934,0.0,,
2005-04-01,Andhra Pradesh,andhra_pradesh,2.3211577718185303,0.04689207619835415,916.7166436397246,0.0,,
2005-05-01,Andhra Pradesh,andhra_pradesh,2.901447214773163,0.058615095247942686,1145.8958045496556,0.0,,
2005-06-01,Andhra Pradesh,andhra_pradesh,4.642315543637061,0.0937841523967083,1833.4332872794491,0.0,,
2005-07-01,Andhra Pradesh,andhra_pradesh,10.445209973183385,0.21101434289259366,4125.22489637876,0.0,,
2005-08-01,Andhra Pradesh,andhra_pradesh,12.766367745001917,0.2579064190909478,5041.941540018484,0.0,,
2005-09-01,Andhra Pradesh,andhra_pradesh,10.445209973183385,0.21101434289259366,4125.22489637876,0.0,,
2005-10-01,Andhra Pradesh,andhra_pradesh,5.802894429546326,0.11723019049588537,2291.7916090993112,0.0,,
2005-11-01,Andhra Pradesh,andhra_pradesh,2.901447214773163,0.058615095247942686,1145.8958045496556,0.0,,
2005-12-01,Andhra Pradesh,andhra_pradesh,1.7408683288638975,0.03516905714876561,687.5374827297934,0.0,,
2006-01-01,Andhra Pradesh,andhra_pradesh,2.309434752768942,0.19929132384300513,399.53221222902687,0.0,908.9442820098473,
2006-02-01,Andhra Pradesh,andhra_pradesh,2.309434752768942,0.19929132384300513,399.53221222902687,0.0,908.9442820098473,
2006-03-01,Andhra Pradesh,andhra_pradesh,3.4641521291534123,0.29893698576450767,599.2983183435402,0.0,1363.4164230147708,
2006-04-01,Andhra Pradesh,andhra_pradesh,4.618869505537884,0.39858264768601026,799.0644244580537,0.0,1817.8885640196945,
2006-05-01,Andhra Pradesh,andhra_pradesh,5.773586881922355,0.49822830960751285,998.8305305725671,0.0,2272.3607050246183,
2006-06-01,Andhra Pradesh,andhra_pradesh,9.237739011075767,0.7971652953720205,1598.1288489161075,0.0,3635.777128039389,
2006-07-01,Andhra Pradesh,andhra_pradesh,20.784912774920475,1.793621914587046,3595.7899100612417,0.0,8180.498538088625,
2006-08-01,Andhra Pradesh,andhra_pradesh,25.40378228045836,2.1922045622730564,4394.854334519296,0.0,9998.38710210832,
2006-09-01,Andhra Pradesh,andhra_pradesh,20.784912774920475,1.793621914587046,3595.7899100612417,0.0,8180.498538088625,
2006-10-01,Andhra Pradesh,andhra_pradesh,11.54717376384471,0.9964566192150257,1997.6610611451342,0.0,4544.7214100492365,
2006-11-01,Andhra Pradesh,andhra_pradesh,5.773586881922355,0.49822830960751285,998.8305305725671,0.0,2272.3607050246183,
2006-12-01,Andhra Pradesh,andhra_pradesh,3.4641521291534123,0.29893698576450767,599.2983183435402,0.0,1363.4164230147708,
2007-01-01,Andhra Pradesh,andhra_pradesh,6.881412182108472,0.023446038099177075,325.9350986357101,0.023446038099177075,0.457197742933953,
2007-02-01,Andhra Pradesh,andhra_pradesh,6.881412182108472,0.023446038099177075,325.9350986357101,0.023446038099177075,0.457197742933953,
2007-03-01,Andhra Pradesh,andhra_pradesh,10.322118273162708,0.03516905714876561,488.9026479535651,0.03516905714876561,0.6857966144009294,
2007-04-01,Andhra Pradesh,andhra_pradesh,13.762824364216945,0.04689207619835415,651.8701972714202,0.04689207619835415,0.914395485867906,
2007-05-01,Andhra Pradesh,andhra_pradesh,17.20353045527118,0.058615095247942686,814.8377465892753,0.058615095247942686,1.1429943573348824,
2007-06-01,Andhra Pradesh,andhra_pradesh,27.52564872843389,0.0937841523967083,1303.7403945428405,0.0937841523967083,1.828790971735812,
2007-07-01,Andhra Pradesh,andhra_pradesh,61.93270963897625,0.21101434289259366,2933.415887721391,0.21101434289259366,4.114779686405576,
2007-08-01,Andhra Pradesh,andhra_pradesh,75.6955340031932,0.2579064190909478,3585.286084992811,0.2579064190909478,5.029175172273483,
2007-09-01,Andhra Pradesh,andhra_pradesh,61.93270963897625,0.21101434289259366,2933.415887721391,0.21101434289259366,4.114779686405576,
2007-10-01,Andhra Pradesh,andhra_pradesh,34.40706091054236,0.11723019049588537,1629.6754931785506,0.11723019049588537,2.285988714669765,
2007-11-01,Andhra Pradesh,andhra_pradesh,17.20353045527118,0.058615095247942686,814.8377465892753,0.058615095247942686,1.1429943573348824,
2007-12-01,Andhra Pradesh,andhra_pradesh,10.322118273162708,0.03516905714876561,488.9026479535651,0.03516905714876561,0.6857966144009294,
2008-01-01,Andhra Pradesh,andhra_pradesh,3.669304962521212,0.023446038099177075,309.7690553663275,0.0,0.05861509524794269,
2008-02-01,Andhra Pradesh,andhra_pradesh,3.669304962521212,0.023446038099177075,309.7690553663275,0.0,0.05861509524794269,
2008-03-01,Andhra Pradesh,andhra_pradesh,5.503957443781818,0.03516905714876561,464.65358304949126,0.0,0.08792264287191404,
2008-04-01,Andhra Pradesh,andhra_pradesh,7.338609925042424,0.04689207619835415,619.538110732655,0.0,0.11723019049588539,
2008-05-01,Andhra Pradesh,andhra_pradesh,9.17326240630303,0.058615095247942686,774.4226384158188,0.0,0.14653773811985674,
2008-06-01,Andhra Pradesh,andhra_pradesh,14.677219850084848,0.0937841523967083,1239.07622146531,0.0,0.23446038099177077,
2008-07-01,Andhra Pradesh,andhra_pradesh,33.02374466269091,0.21101434289259366,2787.9214982969474,0.0,0.5275358572314842,
2008-08-01,Andhra Pradesh,andhra_pradesh,40.362354587733336,0.2579064190909478,3407.4596090296027,0.0,0.6447660477273697,
2008-09-01,Andhra Pradesh,andhra_pradesh,33.02374466269091,0.21101434289259366,2787.9214982969474,0.0,0.5275358572314842,
2008-10-01,Andhra Pradesh,andhra_pradesh,18.34652481260606,0.11723019049588537,1548.8452768316376,0.0,0.2930754762397135,
2008-11-01,Andhra Pradesh,andhra_pradesh,9.17326240630303,0.058615095247942686,774.4226384158188,0.0,0.14653773811985674,
2008-12-01,Andhra Pradesh,andhra_pradesh,5.503957443781818,0.03516905714876561,464.65358304949126,0.0,0.08792264287191404,
2009-01-01,Andhra Pradesh,andhra_pradesh,13.950392669010359,0.12895320954547393,294.8573751352509,0.03516905714876561,6.9283042583068255,
2009-02-01,Andhra Pradesh,andhra_pradesh,13.950392669010359,0.12895320954547393,294.8573751352509,0.03516905714876561,6.9283042583068255,
2009-03-01,Andhra Pradesh,andhra_pradesh,20.925589003515537,0.19342981431821088,442.2860627028763,0.052753585723148415,10.392456387460237,
2009-04-01,Andhra Pradesh,andhra_pradesh,27.900785338020718,0.25790641909094786,589.7147502705018,0.07033811429753122,13.856608516613651,
2009-05-01,Andhra Pradesh,andhra_pradesh,34.8759816725259,0.32238302386368484,737.1434378381273,0.08792264287191404,17.320760645767063,
2009-06-01,Andhra Pradesh,andhra_pradesh,55.801570676041436,0.5158128381818957,1179.4295005410036,0.14067622859506243,27.713217033227302,
2009-07-01,Andhra Pradesh,andhra_pradesh,125.55353402109323,1.1605788859092652,2653.7163762172577,0.3165215143388905,62.35473832476143,
2009-08-01,Andhra Pradesh,andhra_pradesh,153.45431935911395,1.418485305000213,3243.4311264877597,0.3868596286364217,76.21134684137508,
2009-09-01,Andhra Pradesh,andhra_pradesh,125.55353402109323,1.1605788859092652,2653.7163762172577,0.3165215143388905,62.35473832476143,
2009-10-01,Andhra Pradesh,andhra_pradesh,69.7519633450518,0.6447660477273697,1474.2868756762546,0.17584528574382807,34.641521291534126,
2009-11-01,Andhra Pradesh,andhra_pradesh,34.8759816725259,0.32238302386368484,737.1434378381273,0.08792264287191404,17.320760645767063,
2009-12-01,Andhra Pradesh,andhra_pradesh,20.925589003515537,0.19342981431821088,442.2860627028763,0.052753585723148415,10.392456387460237,
2010-01-01,Andhra Pradesh,andhra_pradesh,15.52,0.06,391.46677512290995,0.23446038099177074,2.32,
2010-02-01,Andhra Pradesh,andhra_pradesh,15.52,0.06,391.46677512290995,0.23446038099177074,2.32,
2010-03-01,Andhra Pradesh,andhra_pradesh,23.279999999999998,0.09,587.200162684365,0.3516905714876561,3.48,
2010-04-01,Andhra Pradesh,andhra_pradesh,31.04,0.12,782.9335502458199,0.4689207619835415,4.64,
2010-05-01,Andhra Pradesh,andhra_pradesh,38.800000000000004,0.15000000000000002,978.666937807275,0.5861509524794268,5.800000000000001,
2010-06-01,Andhra Pradesh,andhra_pradesh,62.08,0.24,1565.8671004916398,0.937841523967083,9.28,
2010-07-01,Andhra Pradesh,andhra_pradesh,139.68,0.54,3523.2009761061895,2.1101434289259364,20.88,
2010-08-01,Andhra Pradesh,andhra_pradesh,170.72,0.66,4306.13452635201,2.5790641909094782,25.52,
2010-09-01,Andhra Pradesh,andhra_pradesh,139.68,0.54,3523.2009761061895,2.1101434289259364,20.88,
2010-10-01,Andhra Pradesh,andhra_pradesh,77.60000000000001,0.30000000000000004,1957.33387561455,1.1723019049588537,11.600000000000001,
2010-11-01,Andhra Pradesh,andhra_pradesh,38.800000000000004,0.15000000000000002,978.666937807275,0.5861509524794268,5.800000000000001,
2010-12-01,Andhra Pradesh,andhra_pradesh,23.279999999999998,0.09,587.200162684365,0.3516905714876561,3.48,
2011-01-01,Andhra Pradesh,andhra_pradesh,24.18,0.12,698.98,0.1,1.98,
2011-02-01,Andhra Pradesh,andhra_pradesh,24.18,0.12,698.98,0.1,1.98,
2011-03-01,Andhra Pradesh,andhra_pradesh,36.269999999999996,0.18,1048.47,0.15,2.9699999999999998,
2011-04-01,Andhra Pradesh,andhra_pradesh,48.36,0.24,1397.96,0.2,3.96,
2011-05-01,Andhra Pradesh,andhra_pradesh,60.45,0.30000000000000004,1747.45,0.25,4.95,
2011-06-01,Andhra Pradesh,andhra_pradesh,96.72,0.48,2795.92,0.4,7.92,
2011-07-01,Andhra Pradesh,andhra_pradesh,217.62,1.08,6290.82,0.8999999999999999,17.82,
2011-08-01,Andhra Pradesh,andhra_pradesh,265.98,1.32,7688.78,1.1,21.78,
2011-09-01,Andhra Pradesh,andhra_pradesh,217.62,1.08,6290.82,0.8999999999999999,17.82,
2011-10-01,Andhra Pradesh,andhra_pradesh,120.9,0.6000000000000001,3494.9,0.5,9.9,
2011-11-01,Andhra Pradesh,andhra_pradesh,60.45,0.30000000000000004,1747.45,0.25,4.95,
2011-12-01,Andhra Pradesh,andhra_pradesh,36.269999999999996,0.18,1048.47,0.15,2.9699999999999998,
2012-01-01,Andhra Pradesh,andhra_pradesh,45.980000000000004,0.04,493.98,0.04,56.54,
2012-02-01,Andhra Pradesh,andhra_pradesh,45.980000000000004,0.04,493.98,0.04,56.54,
2012-03-01,Andhra Pradesh,andhra_pradesh,68.97,0.06,740.97,0.06,84.81,
2012-04-01,Andhra Pradesh,andhra_pradesh,91.96000000000001,0.08,987.96,0.08,113.08,
2012-05-01,Andhra Pradesh,andhra_pradesh,114.95,0.1,1234.95,0.1,141.35,
2012-06-01,Andhra Pradesh,andhra_pradesh,183.92000000000002,0.16,1975.92,0.16,226.16,
2012-07-01,Andhra Pradesh,andhra_pradesh,413.82,0.36,4445.82,0.36,508.85999999999996,
2012-08-01,Andhra Pradesh,andhra_pradesh,505.78000000000003,0.44,5433.78,0.44,621.94,
2012-09-01,Andhra Pradesh,andhra_pradesh,413.82,0.36,4445.82,0.36,508.85999999999996,
2012-10-01,Andhra Pradesh,andhra_pradesh,229.9,0.2,2469.9,0.2,282.7,
2012-11-01,Andhra Pradesh,andhra_pradesh,114.95,0.1,1234.95,0.1,141.35,
2012-12-01,Andhra Pradesh,andhra_pradesh,68.97,0.06,740.97,0.06,84.81,
2013-01-01,Andhra Pradesh,andhra_pradesh,18.2,0.02,395.74,0.0,96.54,
2013-02-01,Andhra Pradesh,andhra_pradesh,18.2,0.02,395.74,0.0,96.54,
2013-03-01,Andhra Pradesh,andhra_pradesh,27.3,0.03,593.61,0.0,144.81,
2013-04-01,Andhra Pradesh,andhra_pradesh,36.4,0.04,791.48,0.0,193.08,
2013-05-01,Andhra Pradesh,andhra_pradesh,45.5,0.05,989.35,0.0,241.35000000000002,
2013-06-01,Andhra Pradesh,andhra_pradesh,72.8,0.08,1582.96,0.0,386.16,
2013-07-01,Andhra Pradesh,andhra_pradesh,163.79999999999998,0.18,3561.66,0.0,868.86,
2013-08-01,Andhra Pradesh,andhra_pradesh,200.2,0.22,4353.14,0.0,1061.94,
2013-09-01,Andhra Pradesh,andhra_pradesh,163.79999999999998,0.18,3561.66,0.0,868.86,
2013-10-01,Andhra Pradesh,andhra_pradesh,91.0,0.1,1978.7,0.0,482.70000000000005,
2013-11-01,Andhra Pradesh,andhra_pradesh,45.5,0.05,989.35,0.0,241.35000000000002,
2013-12-01,Andhra Pradesh,andhra_pradesh,27.3,0.03,593.61,0.0,144.81,
2014-01-01,Andhra Pradesh,andhra_pradesh,,,421.54,0.0,27.18,
2014-02-01,Andhra Pradesh,andhra_pradesh,,,421.54,0.0,27.18,
2014-03-01,Andhra Pradesh,andhra_pradesh,,,632.31,0.0,40.769999999999996,
2014-04-01,Andhra Pradesh,andhra_pradesh,,,843.08,0.0,54.36,
2014-05-01,Andhra Pradesh,andhra_pradesh,,,1053.8500000000001,0.0,67.95,
2014-06-01,Andhra Pradesh,andhra_pradesh,,,1686.16,0.0,108.72,
2014-07-01,Andhra Pradesh,andhra_pradesh,,,3793.8599999999997,0.0,244.62,
2014-08-01,Andhra Pradesh,andhra_pradesh,,,4636.94,0.0,298.98,
2014-09-01,Andhra Pradesh,andhra_pradesh,,,3793.8599999999997,0.0,244.62,
2014-10-01,Andhra Pradesh,andhra_pradesh,,,2107.7000000000003,0.0,135.9,
2014-11-01,Andhra Pradesh,andhra_pradesh,,,1053.8500000000001,0.0,67.95,
2014-12-01,Andhra Pradesh,andhra_pradesh,,,632.31,0.0,40.769999999999996,
2015-01-01,Andhra Pradesh,andhra_pradesh,,,500.84000000000003,0.0,16.34,
2015-02-01,Andhra Pradesh,andhra_pradesh,,,500.84000000000003,0.0,16.34,
2015-03-01,Andhra Pradesh,andhra_pradesh,,,751.26,0.0,24.509999999999998,
2015-04-01,Andhra Pradesh,andhra_pradesh,,,1001.6800000000001,0.0,32.68,
2015-05-01,Andhra Pradesh,andhra_pradesh,,,1252.1000000000001,0.0,40.85,
2015-06-01,Andhra Pradesh,andhra_pradesh,,,2003.3600000000001,0.0,65.36,
2015-07-01,Andhra Pradesh,andhra_pradesh,,,4507.5599999999995,0.0,147.06,
2015-08-01,Andhra Pradesh,andhra_pradesh,,,5509.24,0.0,179.74,
2015-09-01,Andhra Pradesh,andhra_pradesh,,,4507.5599999999995,0.0,147.06,
2015-10-01,Andhra Pradesh,andhra_pradesh,,,2504.2000000000003,0.0,81.7,
2015-11-01,Andhra Pradesh,andhra_pradesh,,,1252.1000000000001,0.0,40.85,
2015-12-01,Andhra Pradesh,andhra_pradesh,,,751.26,0.0,24.509999999999998,
2016-01-01,Andhra Pradesh,andhra_pradesh,,,472.26,0.0,19.2,
2016-02-01,Andhra Pradesh,andhra_pradesh,,,472.26,0.0,19.2,
2016-03-01,Andhra Pradesh,andhra_pradesh,,,708.39,0.0,28.799999999999997,
2016-04-01,Andhra Pradesh,andhra_pradesh,,,944.52,0.0,38.4,
2016-05-01,Andhra Pradesh,andhra_pradesh,,,1180.65,0.0,48.0,
2016-06-01,Andhra Pradesh,andhra_pradesh,,,1889.04,0.0,76.8,
2016-07-01,Andhra Pradesh,andhra_pradesh,,,4250.34,0.0,172.79999999999998,
2016-08-01,Andhra Pradesh,andhra_pradesh,,,5194.86,0.0,211.2,
2016-09-01,Andhra Pradesh,andhra_pradesh,,,4250.34,0.0,172.79999999999998,
2016-10-01,Andhra Pradesh,andhra_pradesh,,,2361.3,0.0,96.0,
2016-11-01,Andhra Pradesh,andhra_pradesh,,,1180.65,0.0,48.0,
2016-12-01,Andhra Pradesh,andhra_pradesh,,,708.39,0.0,28.799999999999997,
2017-01-01,Andhra Pradesh,andhra_pradesh,98.5,0.0,339.44,0.0,23.240000000000002,
2017-02-01,Andhra Pradesh,andhra_pradesh,98.5,0.0,339.44,0.0,23.240000000000002,
2017-03-01,Andhra Pradesh,andhra_pradesh,147.75,0.0,509.15999999999997,0.0,34.86,
2017-04-01,Andhra Pradesh,andhra_pradesh,197.0,0.0,678.88,0.0,46.480000000000004,
2017-05-01,Andhra Pradesh,andhra_pradesh,246.25,0.0,848.6,0.0,58.1,
2017-06-01,Andhra Pradesh,andhra_pradesh,394.0,0.0,1357.76,0.0,92.96000000000001,
2017-07-01,Andhra Pradesh,andhra_pradesh,886.5,0.0,3054.96,0.0,209.16,
2017-08-01,Andhra Pradesh,andhra_pradesh,1083.5,0.0,3733.84,0.0,255.64000000000001,
2017-09-01,Andhra Pradesh,andhra_pradesh,886.5,0.0,3054.96,0.0,209.16,
2017-10-01,Andhra Pradesh,andhra_pradesh,492.5,0.0,1697.2,0.0,116.2,
2017-11-01,Andhra Pradesh,andhra_pradesh,246.25,0.0,848.6,0.0,58.1,
2017-12-01,Andhra Pradesh,andhra_pradesh,147.75,0.0,509.15999999999997,0.0,34.86,
2018-01-01,Andhra Pradesh,andhra_pradesh,80.22,0.0,120.8,0.0,12.44,
2018-02-01,Andhra Pradesh,andhra_pradesh,80.22,0.0,120.8,0.0,12.44,
2018-03-01,Andhra Pradesh,andhra_pradesh,120.33,0.0,181.2,0.0,18.66,
2018-04-01,Andhra Pradesh,andhra_pradesh,160.44,0.0,241.6,0.0,24.88,
2018-05-01,Andhra Pradesh,andhra_pradesh,200.55,0.0,302.0,0.0,31.1,
2018-06-01,Andhra Pradesh,andhra_pradesh,320.88,0.0,483.2,0.0,49.76,
2018-07-01,Andhra Pradesh,andhra_pradesh,721.98,0.0,1087.2,0.0,111.96,
2018-08-01,Andhra Pradesh,andhra_pradesh,882.42,0.0,1328.8,0.0,136.84,
2018-09-01,Andhra Pradesh,andhra_pradesh,721.98,0.0,1087.2,0.0,111.96,
2018-10-01,Andhra Pradesh,andhra_pradesh,401.1,0.0,604.0,0.0,62.2,
2018-11-01,Andhra Pradesh,andhra_pradesh,200.55,0.0,302.0,0.0,31.1,
2018-12-01,Andhra Pradesh,andhra_pradesh,120.33,0.0,181.2,0.0,18.66,
2019-01-01,Andhra Pradesh,andhra_pradesh,105.72,0.0,62.08,0.0,16.64,
2019-02-01,Andhra Pradesh,andhra_pradesh,105.72,0.0,62.08,0.0,16.64,
2019-03-01,Andhra Pradesh,andhra_pradesh,158.57999999999998,0.0,93.11999999999999,0.0,24.96,
2019-04-01,Andhra Pradesh,andhra_pradesh,211.44,0.0,124.16,0.0,33.28,
2019-05-01,Andhra Pradesh,andhra_pradesh,264.3,0.0,155.20000000000002,0.0,41.6,
2019-06-01,Andhra Pradesh,andhra_pradesh,422.88,0.0,248.32,0.0,66.56,
2019-07-01,Andhra Pradesh,andhra_pradesh,951.48,0.0,558.72,0.0,149.76,
2019-08-01,Andhra Pradesh,andhra_pradesh,1162.92,0.0,682.88,0.0,183.04,
2019-09-01,Andhra Pradesh,andhra_pradesh,951.48,0.0,558.72,0.0,149.76,
2019-10-01,Andhra Pradesh,andhra_pradesh,528.6,0.0,310.40000000000003,0.0,83.2,
2019-11-01,Andhra Pradesh,andhra_pradesh,264.3,0.0,155.20000000000002,0.0,41.6,
2019-12-01,Andhra Pradesh,andhra_pradesh,158.57999999999998,0.0,93.11999999999999,0.0,24.96,
2020-01-01,Andhra Pradesh,andhra_pradesh,18.5,0.0,40.54,0.0,6.36,
2020-02-01,Andhra Pradesh,andhra_pradesh,18.5,0.0,40.54,0.0,6.36,
2020-03-01,Andhra Pradesh,andhra_pradesh,27.75,0.0,60.809999999999995,0.0,9.54,
2020-04-01,Andhra Pradesh,andhra_pradesh,37.0,0.0,81.08,0.0,12.72,
2020-05-01,Andhra Pradesh,andhra_pradesh,46.25,0.0,101.35000000000001,0.0,15.9,
2020-06-01,Andhra Pradesh,andhra_pradesh,74.0,0.0,162.16,0.0,25.44,
2020-07-01,Andhra Pradesh,andhra_pradesh,166.5,0.0,364.86,0.0,57.239999999999995,
2020-08-01,Andhra Pradesh,andhra_pradesh,203.5,0.0,445.94,0.0,69.96,
2020-09-01,Andhra Pradesh,andhra_pradesh,166.5,0.0,364.86,0.0,57.239999999999995,
2020-10-01,Andhra Pradesh,andhra_pradesh,92.5,0.0,202.70000000000002,0.0,31.8,
2020-11-01,Andhra Pradesh,andhra_pradesh,46.25,0.0,101.35000000000001,0.0,15.9,
2020-12-01,Andhra Pradesh,andhra_pradesh,27.75,0.0,60.809999999999995,0.0,9.54,
2021-01-01,Andhra Pradesh,andhra_pradesh,95.2,0.0,26.3,0.0,15.06,
2021-02-01,Andhra Pradesh,andhra_pradesh,95.2,0.0,26.3,0.0,15.06,
2021-03-01,Andhra Pradesh,andhra_pradesh,142.79999999999998,0.0,39.449999999999996,0.0,22.59,
2021-04-01,Andhra Pradesh,andhra_pradesh,190.4,0.0,52.6,0.0,30.12,
2021-05-01,Andhra Pradesh,andhra_pradesh,238.0,0.0,65.75,0.0,37.65,
2021-06-01,Andhra Pradesh,andhra_pradesh,380.8,0.0,105.2,0.0,60.24,
2021-07-01,Andhra Pradesh,andhra_pradesh,856.8,0.0,236.7,0.0,135.54,
2021-08-01,Andhra Pradesh,andhra_pradesh,1047.2,0.0,289.3,0.0,165.66,
2021-09-01,Andhra Pradesh,andhra_pradesh,856.8,0.0,236.7,0.0,135.54,
2021-10-01,Andhra Pradesh,andhra_pradesh,476.0,0.0,131.5,0.0,75.3,
2021-11-01,Andhra Pradesh,andhra_pradesh,238.0,0.0,65.75,0.0,37.65,
2021-12-01,Andhra Pradesh,andhra_pradesh,142.79999999999998,0.0,39.449999999999996,0.0,22.59,
2022-01-01,Andhra Pradesh,andhra_pradesh,127.82000000000001,0.0,40.38,0.0,32.22,
2022-02-01,Andhra Pradesh,andhra_pradesh,127.82000000000001,0.0,40.38,0.0,32.22,
2022-03-01,Andhra Pradesh,andhra_pradesh,191.73,0.0,60.57,0.0,48.33,
2022-04-01,Andhra Pradesh,andhra_pradesh,255.64000000000001,0.0,80.76,0.0,64.44,
2022-05-01,Andhra Pradesh,andhra_pradesh,319.55,0.0,100.95,0.0,80.55000000000001,
2022-06-01,Andhra Pradesh,andhra_pradesh,511.28000000000003,0.0,161.52,0.0,128.88,
2022-07-01,Andhra Pradesh,andhra_pradesh,1150.3799999999999,0.0,363.41999999999996,0.0,289.97999999999996,
2022-08-01,Andhra Pradesh,andhra_pradesh,1406.02,0.0,444.18,0.0,354.42,
2022-09-01,Andhra Pradesh,andhra_pradesh,1150.3799999999999,0.0,363.41999999999996,0.0,289.97999999999996,
2022-10-01,Andhra Pradesh,andhra_pradesh,639.1,0.0,201.9,0.0,161.10000000000002,
2022-11-01,Andhra Pradesh,andhra_pradesh,319.55,0.0,100.95,0.0,80.55000000000001,
2022-12-01,Andhra Pradesh,andhra_pradesh,191.73,0.0,60.57,0.0,48.33,
2001-01-01,Arunachal Pradesh,arunachal_pradesh,,,1120.6000000000001,0.28,,
2001-02-01,Arunachal Pradesh,arunachal_pradesh,,,1120.6000000000001,0.28,,
2001-03-01,Arunachal Pradesh,arunachal_pradesh,,,1680.8999999999999,0.42,,
2001-04-01,Arunachal Pradesh,arunachal_pradesh,,,2241.2000000000003,0.56,,
2001-05-01,Arunachal Pradesh,arunachal_pradesh,,,2801.5,0.7000000000000001,,
2001-06-01,Arunachal Pradesh,arunachal_pradesh,,,4482.400000000001,1.12,,
2001-07-01,Arunachal Pradesh,arunachal_pradesh,,,10085.4,2.52,,
2001-08-01,Arunachal Pradesh,arunachal_pradesh,,,12326.6,3.08,,
2001-09-01,Arunachal Pradesh,arunachal_pradesh,,,10085.4,2.52,,
2001-10-01,Arunachal Pradesh,arunachal_pradesh,,,5603.0,1.4000000000000001,,
2001-11-01,Arunachal Pradesh,arunachal_pradesh,,,2801.5,0.7000000000000001,,
2001-12-01,Arunachal Pradesh,arunachal_pradesh,,,1680.8999999999999,0.42,,
2002-01-01,Arunachal Pradesh,arunachal_pradesh,,,928.62,0.0,,
2002-02-01,Arunachal Pradesh,arunachal_pradesh,,,928.62,0.0,,
2002-03-01,Arunachal Pradesh,arunachal_pradesh,,,1392.9299999999998,0.0,,
2002-04-01,Arunachal Pradesh,arunachal_pradesh,,,1857.24,0.0,,
2002-05-01,Arunachal Pradesh,arunachal_pradesh,,,2321.55,0.0,,
2002-06-01,Arunachal Pradesh,arunachal_pradesh,,,3714.48,0.0,,
2002-07-01,Arunachal Pradesh,arunachal_pradesh,,,8357.58,0.0,,
2002-08-01,Arunachal Pradesh,arunachal_pradesh,,,10214.82,0.0,,
2002-09-01,Arunachal Pradesh,arunachal_pradesh,,,8357.58,0.0,,
2002-10-01,Arunachal Pradesh,arunachal_pradesh,,,4643.1,0.0,,
2002-11-01,Arunachal Pradesh,arunachal_pradesh,,,2321.55,0.0,,
2002-12-01,Arunachal Pradesh,arunachal_pradesh,,,1392.9299999999998,0.0,,
2003-01-01,Arunachal Pradesh,arunachal_pradesh,,,696.2,0.0,,
2003-02-01,Arunachal Pradesh,arunachal_pradesh,,,696.2,0.0,,
2003-03-01,Arunachal Pradesh,arunachal_pradesh,,,1044.3,0.0,,
2003-04-01,Arunachal Pradesh,arunachal_pradesh,,,1392.4,0.0,,
2003-05-01,Arunachal Pradesh,arunachal_pradesh,,,1740.5,0.0,,
2003-06-01,Arunachal Pradesh,arunachal_pradesh,,,2784.8,0.0,,
2003-07-01,Arunachal Pradesh,arunachal_pradesh,,,6265.8,0.0,,
2003-08-01,Arunachal Pradesh,arunachal_pradesh,,,7658.2,0.0,,
2003-09-01,Arunachal Pradesh,arunachal_pradesh,,,6265.8,0.0,,
2003-10-01,Arunachal Pradesh,arunachal_pradesh,,,3481.0,0.0,,
2003-11-01,Arunachal Pradesh,arunachal_pradesh,,,1740.5,0.0,,
2003-12-01,Arunachal Pradesh,arunachal_pradesh,,,1044.3,0.0,,
2004-01-01,Arunachal Pradesh,arunachal_pradesh,,,596.98,0.0,,
2004-02-01,Arunachal Pradesh,arunachal_pradesh,,,596.98,0.0,,
2004-03-01,Arunachal Pradesh,arunachal_pradesh,,,895.4699999999999,0.0,,
2004-04-01,Arunachal Pradesh,arunachal_pradesh,,,1193.96,0.0,,
2004-05-01,Arunachal Pradesh,arunachal_pradesh,,,1492.45,0.0,,
2004-06-01,Arunachal Pradesh,arunachal_pradesh,,,2387.92,0.0,,
2004-07-01,Arunachal Pradesh,arunachal_pradesh,,,5372.82,0.0,,
2004-08-01,Arunachal Pradesh,arunachal_pradesh,,,6566.78,0.0,,
2004-09-01,Arunachal Pradesh,arunachal_pradesh,,,5372.82,0.0,,
2004-10-01,Arunachal Pradesh,arunachal_pradesh,,,2984.9,0.0,,
2004-11-01,Arunachal Pradesh,arunachal_pradesh,,,1492.45,0.0,,
2004-12-01,Arunachal Pradesh,arunachal_pradesh,,,895.4699999999999,0.0,,
2005-01-01,Arunachal Pradesh,arunachal_pradesh,,,624.3000000000001,0.0,,
2005-02-01,Arunachal Pradesh,arunachal_pradesh,,,624.3000000000001,0.0,,
2005-03-01,Arunachal Pradesh,arunachal_pradesh,,,936.4499999999999,0.0,,
2005-04-01,Arunachal Pradesh,arunachal_pradesh,,,1248.6000000000001,0.0,,
2005-05-01,Arunachal Pradesh,arunachal_pradesh,,,1560.75,0.0,,
2005-06-01,Arunachal Pradesh,arunachal_pradesh,,,2497.2000000000003,0.0,,
2005-07-01,Arunachal Pradesh,arunachal_pradesh,,,5618.7,0.0,,
2005-08-01,Arunachal Pradesh,arunachal_pradesh,,,6867.3,0.0,,
2005-09-01,Arunachal Pradesh,arunachal_pradesh,,,5618.7,0.0,,
2005-10-01,Arunachal Pradesh,arunachal_pradesh,,,3121.5,0.0,,
2005-11-01,Arunachal Pradesh,arunachal_pradesh,,,1560.75,0.0,,
2005-12-01,Arunachal Pradesh,arunachal_pradesh,,,936.4499999999999,0.0,,
2006-01-01,Arunachal Pradesh,arunachal_pradesh,,,783.64,3.92,,
2006-02-01,Arunachal Pradesh,arunachal_pradesh,,,783.64,3.92,,
2006-03-01,Arunachal Pradesh,arunachal_pradesh,,,1175.46,5.88,,
2006-04-01,Arunachal Pradesh,arunachal_pradesh,,,1567.28,7.84,,
2006-05-01,Arunachal Pradesh,arunachal_pradesh,,,1959.1000000000001,9.8,,
2006-06-01,Arunachal Pradesh,arunachal_pradesh,,,3134.56,15.68,,
2006-07-01,Arunachal Pradesh,arunachal_pradesh,,,7052.759999999999,35.28,,
2006-08-01,Arunachal Pradesh,arunachal_pradesh,,,8620.04,43.12,,
2006-09-01,Arunachal Pradesh,arunachal_pradesh,,,7052.759999999999,35.28,,
2006-10-01,Arunachal Pradesh,arunachal_pradesh,,,3918.2000000000003,19.6,,
2006-11-01,Arunachal Pradesh,arunachal_pradesh,,,1959.1000000000001,9.8,,
2006-12-01,Arunachal Pradesh,arunachal_pradesh,,,1175.46,5.88,,
2007-01-01,Arunachal Pradesh,arunachal_pradesh,,,641.44,0.72,,
2007-02-01,Arunachal Pradesh,arunachal_pradesh,,,641.44,0.72,,
2007-03-01,Arunachal Pradesh,arunachal_pradesh,,,962.16,1.08,,
2007-04-01,Arunachal Pradesh,arunachal_pradesh,,,1282.88,1.44,,
2007-05-01,Arunachal Pradesh,arunachal_pradesh,,,1603.6000000000001,1.8,,
2007-06-01,Arunachal Pradesh,arunachal_pradesh,,,2565.76,2.88,,
2007-07-01,Arunachal Pradesh,arunachal_pradesh,,,5772.96,6.4799999999999995,,
2007-08-01,Arunachal Pradesh,arunachal_pradesh,,,7055.84,7.92,,
2007-09-01,Arunachal Pradesh,arunachal_pradesh,,,5772.96,6.4799999999999995,,
2007-10-01,Arunachal Pradesh,arunachal_pradesh,,,3207.2000000000003,3.6,,
2007-11-01,Arunachal Pradesh,arunachal_pradesh,,,1603.6000000000001,1.8,,
2007-12-01,Arunachal Pradesh,arunachal_pradesh,,,962.16,1.08,,
2008-01-01,Arunachal Pradesh,arunachal_pradesh,0.0,0.0,582.92,0.54,0.0,
2008-02-01,Arunachal Pradesh,arunachal_pradesh,0.0,0.0,582.92,0.54,0.0,
2008-03-01,Arunachal Pradesh,arunachal_pradesh,0.0,0.0,874.38,0.8099999999999999,0.0,
2008-04-01,Arunachal Pradesh,arunachal_pradesh,0.0,0.0,1165.84,1.08,0.0,
2008-05-01,Arunachal Pradesh,arunachal_pradesh,0.0,0.0,1457.3000000000002,1.35,0.0,
2008-06-01,Arunachal Pradesh,arunachal_pradesh,0.0,0.0,2331.68,2.16,0.0,
2008-07-01,Arunachal Pradesh,arunachal_pradesh,0.0,0.0,5246.28,4.859999999999999,0.0,
2008-08-01,Arunachal Pradesh,arunachal_pradesh,0.0,0.0,6412.12,5.94,0.0,
2008-09-01,Arunachal Pradesh,arunachal_pradesh,0.0,0.0,5246.28,4.859999999999999,0.0,
2008-10-01,Arunachal Pradesh,arunachal_pradesh,0.0,0.0,2914.6000000000004,2.7,0.0,
2008-11-01,Arunachal Pradesh,arunachal_pradesh,0.0,0.0,1457.3000000000002,1.35,0.0,
2008-12-01,Arunachal Pradesh,arunachal_pradesh,0.0,0.0,874.38,0.8099999999999999,0.0,
2009-01-01,Arunachal Pradesh,arunachal_pradesh,0.0,0.0,441.32,0.3,0.0,
2009-02-01,Arunachal Pradesh,arunachal_pradesh,0.0,0.0,441.32,0.3,0.0,
2009-03-01,Arunachal Pradesh,arunachal_pradesh,0.0,0.0,661.98,0.44999999999999996,0.0,
2009-04-01,Arunachal Pradesh,arunachal_pradesh,0.0,0.0,882.64,0.6,0.0,
2009-05-01,Arunachal Pradesh,arunachal_pradesh,0.0,0.0,1103.3,0.75,0.0,
2009-06-01,Arunachal Pradesh,arunachal_pradesh,0.0,0.0,1765.28,1.2,0.0,
2009-07-01,Arunachal Pradesh,arunachal_pradesh,0.0,0.0,3971.8799999999997,2.6999999999999997,0.0,
2009-08-01,Arunachal Pradesh,arunachal_pradesh,0.0,0.0,4854.52,3.3,0.0,
2009-09-01,Arunachal Pradesh,arunachal_pradesh,0.0,0.0,3971.8799999999997,2.6999999999999997,0.0,
2009-10-01,Arunachal Pradesh,arunachal_pradesh,0.0,0.0,2206.6,1.5,0.0,
2009-11-01,Arunachal Pradesh,arunachal_pradesh,0.0,0.0,1103.3,0.75,0.0,
2009-12-01,Arunachal Pradesh,arunachal_pradesh,0.0,0.0,661.98,0.44999999999999996,0.0,
2010-01-01,Arunachal Pradesh,arunachal_pradesh,0.0,0.0,358.88,2.06,0.0,
2010-02-01,Arunachal Pradesh,arunachal_pradesh,0.0,0.0,358.88,2.06,0.0,
2010-03-01,Arunachal Pradesh,arunachal_pradesh,0.0,0.0,538.3199999999999,3.09,0.0,
2010-04-01,Arunachal Pradesh,arunachal_pradesh,0.0,0.0,717.76,4.12,0.0,
2010-05-01,Arunachal Pradesh,arunachal_pradesh,0.0,0.0,897.2,5.15,0.0,
2010-06-01,Arunachal Pradesh,arunachal_pradesh,0.0,0.0,1435.52,8.24,0.0,
2010-07-01,Arunachal Pradesh,arunachal_pradesh,0.0,0.0,3229.92,18.54,0.0,
2010-08-01,Arunachal Pradesh,arunachal_pradesh,0.0,0.0,3947.68,22.66,0.0,
2010-09-01,Arunachal Pradesh,arunachal_pradesh,0.0,0.0,3229.92,18.54,0.0,
2010-10-01,Arunachal Pradesh,arunachal_pradesh,0.0,0.0,1794.4,10.3,0.0,
2010-11-01,Arunachal Pradesh,arunachal_pradesh,0.0,0.0,897.2,5.15,0.0,
2010-12-01,Arunachal Pradesh,arunachal_pradesh,0.0,0.0,538.3199999999999,3.09,0.0,
2011-01-01,Arunachal Pradesh,arunachal_pradesh,0.0,0.0,279.0,0.34,0.0,
2011-02-01,Arunachal Pradesh,arunachal_pradesh,0.0,0.0,279.0,0.34,0.0,
2011-03-01,Arunachal Pradesh,arunachal_pradesh,0.0,0.0,418.5,0.51,0.0,
2011-04-01,Arunachal Pradesh,arunachal_pradesh,0.0,0.0,558.0,0.68,0.0,
2011-05-01,Arunachal Pradesh,arunachal_pradesh,0.0,0.0,697.5,0.8500000000000001,0.0,
2011-06-01,Arunachal Pradesh,arunachal_pradesh,0.0,0.0,1116.0,1.36,0.0,
2011-07-01,Arunachal Pradesh,arunachal_pradesh,0.0,0.0,2511.0,3.06,0.0,
2011-08-01,Arunachal Pradesh,arunachal_pradesh,0.0,0.0,3069.0,3.74,0.0,
2011-09-01,Arunachal Pradesh,arunachal_pradesh,0.0,0.0,2511.0,3.06,0.0,
2011-10-01,Arunachal Pradesh,arunachal_pradesh,0.0,0.0,1395.0,1.7000000000000002,0.0,
2011-11-01,Arunachal Pradesh,arunachal_pradesh,0.0,0.0,697.5,0.8500000000000001,0.0,
2011-12-01,Arunachal Pradesh,arunachal_pradesh,0.0,0.0,418.5,0.51,0.0,
2012-01-01,Arunachal Pradesh,arunachal_pradesh,6.92,0.0,167.36,0.3,0.0,
2012-02-01,Arunachal Pradesh,arunachal_pradesh,6.92,0.0,167.36,0.3,0.0,
2012-03-01,Arunachal Pradesh,arunachal_pradesh,10.379999999999999,0.0,251.04,0.44999999999999996,0.0,
2012-04-01,Arunachal Pradesh,arunachal_pradesh,13.84,0.0,334.72,0.6,0.0,
2012-05-01,Arunachal Pradesh,arunachal_pradesh,17.3,0.0,418.40000000000003,0.75,0.0,
2012-06-01,Arunachal Pradesh,arunachal_pradesh,27.68,0.0,669.44,1.2,0.0,
2012-07-01,Arunachal Pradesh,arunachal_pradesh,62.28,0.0,1506.24,2.6999999999999997,0.0,
2012-08-01,Arunachal Pradesh,arunachal_pradesh,76.12,0.0,1840.96,3.3,0.0,
2012-09-01,Arunachal Pradesh,arunachal_pradesh,62.28,0.0,1506.24,2.6999999999999997,0.0,
2012-10-01,Arunachal Pradesh,arunachal_pradesh,34.6,0.0,836.8000000000001,1.5,0.0,
2012-11-01,Arunachal Pradesh,arunachal_pradesh,17.3,0.0,418.40000000000003,0.75,0.0,
2012-12-01,Arunachal Pradesh,arunachal_pradesh,10.379999999999999,0.0,251.04,0.44999999999999996,0.0,
2013-01-01,Arunachal Pradesh,arunachal_pradesh,0.0,0.0,127.96000000000001,0.42,0.0,
2013-02-01,Arunachal Pradesh,arunachal_pradesh,0.0,0.0,127.96000000000001,0.42,0.0,
2013-03-01,Arunachal Pradesh,arunachal_pradesh,0.0,0.0,191.94,0.63,0.0,
2013-04-01,Arunachal Pradesh,arunachal_pradesh,0.0,0.0,255.92000000000002,0.84,0.0,
2013-05-01,Arunachal Pradesh,arunachal_pradesh,0.0,0.0,319.90000000000003,1.05,0.0,
2013-06-01,Arunachal Pradesh,arunachal_pradesh,0.0,0.0,511.84000000000003,1.68,0.0,
2013-07-01,Arunachal Pradesh,arunachal_pradesh,0.0,0.0,1151.6399999999999,3.78,0.0,
2013-08-01,Arunachal Pradesh,arunachal_pradesh,0.0,0.0,1407.56,4.62,0.0,
2013-09-01,Arunachal Pradesh,arunachal_pradesh,0.0,0.0,1151.6399999999999,3.78,0.0,
2013-10-01,Arunachal Pradesh,arunachal_pradesh,0.0,0.0,639.8000000000001,2.1,0.0,
2013-11-01,Arunachal Pradesh,arunachal_pradesh,0.0,0.0,319.90000000000003,1.05,0.0,
2013-12-01,Arunachal Pradesh,arunachal_pradesh,0.0,0.0,191.94,0.63,0.0,
2014-01-01,Arunachal Pradesh,arunachal_pradesh,,,121.64,0.18,0.0,
2014-02-01,Arunachal Pradesh,arunachal_pradesh,,,121.64,0.18,0.0,
2014-03-01,Arunachal Pradesh,arunachal_pradesh,,,182.45999999999998,0.27,0.0,
2014-04-01,Arunachal Pradesh,arunachal_pradesh,,,243.28,0.36,0.0,
2014-05-01,Arunachal Pradesh,arunachal_pradesh,,,304.1,0.45,0.0,
2014-06-01,Arunachal Pradesh,arunachal_pradesh,,,486.56,0.72,0.0,
2014-07-01,Arunachal Pradesh,arunachal_pradesh,,,1094.76,1.6199999999999999,0.0,
2014-08-01,Arunachal Pradesh,arunachal_pradesh,,,1338.04,1.98,0.0,
2014-09-01,Arunachal Pradesh,arunachal_pradesh,,,1094.76,1.6199999999999999,0.0,
2014-10-01,Arunachal Pradesh,arunachal_pradesh,,,608.2,0.9,0.0,
2014-11-01,Arunachal Pradesh,arunachal_pradesh,,,304.1,0.45,0.0,
2014-12-01,Arunachal Pradesh,arunachal_pradesh,,,182.45999999999998,0.27,0.0,
2015-01-01,Arunachal Pradesh,arunachal_pradesh,,,101.76,0.14,0.7000000000000001,
2015-02-01,Arunachal Pradesh,arunachal_pradesh,,,101.76,0.14,0.7000000000000001,
2015-03-01,Arunachal Pradesh,arunachal_pradesh,,,152.64,0.21,1.05,
2015-04-01,Arunachal Pradesh,arunachal_pradesh,,,203.52,0.28,1.4000000000000001,
2015-05-01,Arunachal Pradesh,arunachal_pradesh,,,254.4,0.35000000000000003,1.75,
2015-06-01,Arunachal Pradesh,arunachal_pradesh,,,407.04,0.56,2.8000000000000003,
2015-07-01,Arunachal Pradesh,arunachal_pradesh,,,915.8399999999999,1.26,6.3,
2015-08-01,Arunachal Pradesh,arunachal_pradesh,,,1119.36,1.54,7.7,
2015-09-01,Arunachal Pradesh,arunachal_pradesh,,,915.8399999999999,1.26,6.3,
2015-10-01,Arunachal Pradesh,arunachal_pradesh,,,508.8,0.7000000000000001,3.5,
2015-11-01,Arunachal Pradesh,arunachal_pradesh,,,254.4,0.35000000000000003,1.75,
2015-12-01,Arunachal Pradesh,arunachal_pradesh,,,152.64,0.21,1.05,
2016-01-01,Arunachal Pradesh,arunachal_pradesh,,,62.56,0.04,4.78,
2016-02-01,Arunachal Pradesh,arunachal_pradesh,,,62.56,0.04,4.78,
2016-03-01,Arunachal Pradesh,arunachal_pradesh,,,93.84,0.06,7.17,
2016-04-01,Arunachal Pradesh,arunachal_pradesh,,,125.12,0.08,9.56,
2016-05-01,Arunachal Pradesh,arunachal_pradesh,,,156.4,0.1,11.950000000000001,
2016-06-01,Arunachal Pradesh,arunachal_pradesh,,,250.24,0.16,19.12,
2016-07-01,Arunachal Pradesh,arunachal_pradesh,,,563.04,0.36,43.019999999999996,
2016-08-01,Arunachal Pradesh,arunachal_pradesh,,,688.16,0.44,52.58,
2016-09-01,Arunachal Pradesh,arunachal_pradesh,,,563.04,0.36,43.019999999999996,
2016-10-01,Arunachal Pradesh,arunachal_pradesh,,,312.8,0.2,23.900000000000002,
2016-11-01,Arunachal Pradesh,arunachal_pradesh,,,156.4,0.1,11.950000000000001,
2016-12-01,Arunachal Pradesh,arunachal_pradesh,,,93.84,0.06,7.17,
2017-01-01,Arunachal Pradesh,arunachal_pradesh,0.36,0.0,30.92,0.0,2.66,
2017-02-01,Arunachal Pradesh,arunachal_pradesh,0.36,0.0,30.92,0.0,2.66,
2017-03-01,Arunachal Pradesh,arunachal_pradesh,0.54,0.0,46.379999999999995,0.0,3.9899999999999998,
2017-04-01,Arunachal Pradesh,arunachal_pradesh,0.72,0.0,61.84,0.0,5.32,
2017-05-01,Arunachal Pradesh,arunachal_pradesh,0.9,0.0,77.30000000000001,0.0,6.65,
2017-06-01,Arunachal Pradesh,arunachal_pradesh,1.44,0.0,123.68,0.0,10.64,
2017-07-01,Arunachal Pradesh,arunachal_pradesh,3.2399999999999998,0.0,278.28,0.0,23.939999999999998,
2017-08-01,Arunachal Pradesh,arunachal_pradesh,3.96,0.0,340.12,0.0,29.26,
2017-09-01,Arunachal Pradesh,arunachal_pradesh,3.2399999999999998,0.0,278.28,0.0,23.939999999999998,
2017-10-01,Arunachal Pradesh,arunachal_pradesh,1.8,0.0,154.60000000000002,0.0,13.3,
2017-11-01,Arunachal Pradesh,arunachal_pradesh,0.9,0.0,77.30000000000001,0.0,6.65,
2017-12-01,Arunachal Pradesh,arunachal_pradesh,0.54,0.0,46.379999999999995,0.0,3.9899999999999998,
2018-01-01,Arunachal Pradesh,arunachal_pradesh,0.02,0.0,12.5,0.0,10.14,
2018-02-01,Arunachal Pradesh,arunachal_pradesh,0.02,0.0,12.5,0.0,10.14,
2018-03-01,Arunachal Pradesh,arunachal_pradesh,0.03,0.0,18.75,0.0,15.209999999999999,
2018-04-01,Arunachal Pradesh,arunachal_pradesh,0.04,0.0,25.0,0.0,20.28,
2018-05-01,Arunachal Pradesh,arunachal_pradesh,0.05,0.0,31.25,0.0,25.35,
2018-06-01,Arunachal Pradesh,arunachal_pradesh,0.08,0.0,50.0,0.0,40.56,
2018-07-01,Arunachal Pradesh,arunachal_pradesh,0.18,0.0,112.5,0.0,91.25999999999999,
2018-08-01,Arunachal Pradesh,arunachal_pradesh,0.22,0.0,137.5,0.0,111.54,
2018-09-01,Arunachal Pradesh,arunachal_pradesh,0.18,0.0,112.5,0.0,91.25999999999999,
2018-10-01,Arunachal Pradesh,arunachal_pradesh,0.1,0.0,62.5,0.0,50.7,
2018-11-01,Arunachal Pradesh,arunachal_pradesh,0.05,0.0,31.25,0.0,25.35,
2018-12-01,Arunachal Pradesh,arunachal_pradesh,0.03,0.0,18.75,0.0,15.209999999999999,
2019-01-01,Arunachal Pradesh,arunachal_pradesh,2.46,0.0,2.7800000000000002,0.0,6.640000000000001,
2019-02-01,Arunachal Pradesh,arunachal_pradesh,2.46,0.0,2.7800000000000002,0.0,6.640000000000001,
2019-03-01,Arunachal Pradesh,arunachal_pradesh,3.69,0.0,4.17,0.0,9.959999999999999,
2019-04-01,Arunachal Pradesh,arunachal_pradesh,4.92,0.0,5.5600000000000005,0.0,13.280000000000001,
2019-05-01,Arunachal Pradesh,arunachal_pradesh,6.15,0.0,6.95,0.0,16.6,
2019-06-01,Arunachal Pradesh,arunachal_pradesh,9.84,0.0,11.120000000000001,0.0,26.560000000000002,
2019-07-01,Arunachal Pradesh,arunachal_pradesh,22.14,0.0,25.02,0.0,59.76,
2019-08-01,Arunachal Pradesh,arunachal_pradesh,27.06,0.0,30.580000000000002,0.0,73.04,
2019-09-01,Arunachal Pradesh,arunachal_pradesh,22.14,0.0,25.02,0.0,59.76,
2019-10-01,Arunachal Pradesh,arunachal_pradesh,12.3,0.0,13.9,0.0,33.2,
2019-11-01,Arunachal Pradesh,arunachal_pradesh,6.15,0.0,6.95,0.0,16.6,
2019-12-01,Arunachal Pradesh,arunachal_pradesh,3.69,0.0,4.17,0.0,9.959999999999999,
2020-01-01,Arunachal Pradesh,arunachal_pradesh,0.02,0.0,0.66,0.0,0.0,
2020-02-01,Arunachal Pradesh,arunachal_pradesh,0.02,0.0,0.66,0.0,0.0,
2020-03-01,Arunachal Pradesh,arunachal_pradesh,0.03,0.0,0.99,0.0,0.0,
2020-04-01,Arunachal Pradesh,arunachal_pradesh,0.04,0.0,1.32,0.0,0.0,
2020-05-01,Arunachal Pradesh,arunachal_pradesh,0.05,0.0,1.6500000000000001,0.0,0.0,
2020-06-01,Arunachal Pradesh,arunachal_pradesh,0.08,0.0,2.64,0.0,0.0,
2020-07-01,Arunachal Pradesh,arunachal_pradesh,0.18,0.0,5.9399999999999995,0.0,0.0,
2020-08-01,Arunachal Pradesh,arunachal_pradesh,0.22,0.0,7.26,0.0,0.0,
2020-09-01,Arunachal Pradesh,arunachal_pradesh,0.18,0.0,5.9399999999999995,0.0,0.0,
2020-10-01,Arunachal Pradesh,arunachal_pradesh,0.1,0.0,3.3000000000000003,0.0,0.0,
2020-11-01,Arunachal Pradesh,arunachal_pradesh,0.05,0.0,1.6500000000000001,0.0,0.0,
2020-12-01,Arunachal Pradesh,arunachal_pradesh,0.03,0.0,0.99,0.0,0.0,
2021-01-01,Arunachal Pradesh,arunachal_pradesh,0.14,0.0,0.16,0.0,0.0,
2021-02-01,Arunachal Pradesh,arunachal_pradesh,0.14,0.0,0.16,0.0,0.0,
2021-03-01,Arunachal Pradesh,arunachal_pradesh,0.21,0.0,0.24,0.0,0.0,
2021-04-01,Arunachal Pradesh,arunachal_pradesh,0.28,0.0,0.32,0.0,0.0,
2021-05-01,Arunachal Pradesh,arunachal_pradesh,0.35000000000000003,0.0,0.4,0.0,0.0,
2021-06-01,Arunachal Pradesh,arunachal_pradesh,0.56,0.0,0.64,0.0,0.0,
2021-07-01,Arunachal Pradesh,arunachal_pradesh,1.26,0.0,1.44,0.0,0.0,
2021-08-01,Arunachal Pradesh,arunachal_pradesh,1.54,0.0,1.76,0.0,0.0,
2021-09-01,Arunachal Pradesh,arunachal_pradesh,1.26,0.0,1.44,0.0,0.0,
2021-10-01,Arunachal Pradesh,arunachal_pradesh,0.7000000000000001,0.0,0.8,0.0,0.0,
2021-11-01,Arunachal Pradesh,arunachal_pradesh,0.35000000000000003,0.0,0.4,0.0,0.0,
2021-12-01,Arunachal Pradesh,arunachal_pradesh,0.21,0.0,0.24,0.0,0.0,
2022-01-01,Arunachal Pradesh,arunachal_pradesh,2.04,0.0,0.34,0.0,0.0,
2022-02-01,Arunachal Pradesh,arunachal_pradesh,2.04,0.0,0.34,0.0,0.0,
2022-03-01,Arunachal Pradesh,arunachal_pradesh,3.06,0.0,0.51,0.0,0.0,
2022-04-01,Arunachal Pradesh,arunachal_pradesh,4.08,0.0,0.68,0.0,0.0,
2022-05-01,Arunachal Pradesh,arunachal_pradesh,5.1000000000000005,0.0,0.8500000000000001,0.0,0.0,
2022-06-01,Arunachal Pradesh,arunachal_pradesh,8.16,0.0,1.36,0.0,0.0,
2022-07-01,Arunachal Pradesh,arunachal_pradesh,18.36,0.0,3.06,0.0,0.0,
2022-08-01,Arunachal Pradesh,arunachal_pradesh,22.44,0.0,3.74,0.0,0.0,
2022-09-01,Arunachal Pradesh,arunachal_pradesh,18.36,0.0,3.06,0.0,0.0,
2022-10-01,Arunachal Pradesh,arunachal_pradesh,10.200000000000001,0.0,1.7000000000000002,0.0,0.0,
2022-11-01,Arunachal Pradesh,arunachal_pradesh,5.1000000000000005,0.0,0.8500000000000001,0.0,0.0,
2022-12-01,Arunachal Pradesh,arunachal_pradesh,3.06,0.0,0.51,0.0,0.0,
2001-01-01,Assam,assam,,,1902.8400000000001,2.44,,
2001-02-01,Assam,assam,,,1902.8400000000001,2.44,,
2001-03-01,Assam,assam,,,2854.2599999999998,3.6599999999999997,,
2001-04-01,Assam,assam,,,3805.6800000000003,4.88,,
2001-05-01,Assam,assam,,,4757.1,6.1000000000000005,,
2001-06-01,Assam,assam,,,7611.360000000001,9.76,,
2001-07-01,Assam,assam,,,17125.559999999998,21.96,,
2001-08-01,Assam,assam,,,20931.24,26.84,,
2001-09-01,Assam,assam,,,17125.559999999998,21.96,,
2001-10-01,Assam,assam,,,9514.2,12.200000000000001,,
2001-11-01,Assam,assam,,,4757.1,6.1000000000000005,,
2001-12-01,Assam,assam,,,2854.2599999999998,3.6599999999999997,,
2002-01-01,Assam,assam,,,1792.02,1.44,,
2002-02-01,Assam,assam,,,1792.02,1.44,,
2002-03-01,Assam,assam,,,2688.0299999999997,2.16,,
2002-04-01,Assam,assam,,,3584.04,2.88,,
2002-05-01,Assam,assam,,,4480.05,3.6,,
2002-06-01,Assam,assam,,,7168.08,5.76,,
2002-07-01,Assam,assam,,,16128.18,12.959999999999999,,
2002-08-01,Assam,assam,,,19712.22,15.84,,
2002-09-01,Assam,assam,,,16128.18,12.959999999999999,,
2002-10-01,Assam,assam,,,8960.1,7.2,,
2002-11-01,Assam,assam,,,4480.05,3.6,,
2002-12-01,Assam,assam,,,2688.0299999999997,2.16,,
2003-01-01,Assam,assam,,,1531.4,1.06,,
2003-02-01,Assam,assam,,,1531.4,1.06,,
2003-03-01,Assam,assam,,,2297.1,1.5899999999999999,,
2003-04-01,Assam,assam,,,3062.8,2.12,,
2003-05-01,Assam,assam,,,3828.5,2.6500000000000004,,
2003-06-01,Assam,assam,,,6125.6,4.24,,
2003-07-01,Assam,assam,,,13782.6,9.54,,
2003-08-01,Assam,assam,,,16845.4,11.66,,
2003-09-01,Assam,assam,,,13782.6,9.54,,
2003-10-01,Assam,assam,,,7657.0,5.300000000000001,,
2003-11-01,Assam,assam,,,3828.5,2.6500000000000004,,
2003-12-01,Assam,assam,,,2297.1,1.5899999999999999,,
2004-01-01,Assam,assam,,,1162.68,1.08,,
2004-02-01,Assam,assam,,,1162.68,1.08,,
2004-03-01,Assam,assam,,,1744.02,1.6199999999999999,,
2004-04-01,Assam,assam,,,2325.36,2.16,,
2004-05-01,Assam,assam,,,2906.7000000000003,2.7,,
2004-06-01,Assam,assam,,,4650.72,4.32,,
2004-07-01,Assam,assam,,,10464.119999999999,9.719999999999999,,
2004-08-01,Assam,assam,,,12789.48,11.88,,
2004-09-01,Assam,assam,,,10464.119999999999,9.719999999999999,,
2004-10-01,Assam,assam,,,5813.400000000001,5.4,,
2004-11-01,Assam,assam,,,2906.7000000000003,2.7,,
2004-12-01,Assam,assam,,,1744.02,1.6199999999999999,,
2005-01-01,Assam,assam,,,1357.7,2.2600000000000002,,
2005-02-01,Assam,assam,,,1357.7,2.2600000000000002,,
2005-03-01,Assam,assam,,,2036.55,3.3899999999999997,,
2005-04-01,Assam,assam,,,2715.4,4.5200000000000005,,
2005-05-01,Assam,assam,,,3394.25,5.65,,
2005-06-01,Assam,assam,,,5430.8,9.040000000000001,,
2005-07-01,Assam,assam,,,12219.3,20.34,,
2005-08-01,Assam,assam,,,14934.7,24.86,,
2005-09-01,Assam,assam,,,12219.3,20.34,,
2005-10-01,Assam,assam,,,6788.5,11.3,,
2005-11-01,Assam,assam,,,3394.25,5.65,,
2005-12-01,Assam,assam,,,2036.55,3.3899999999999997,,
2006-01-01,Assam,assam,0.0,0.0,2523.56,6.08,,
2006-02-01,Assam,assam,0.0,0.0,2523.56,6.08,,
2006-03-01,Assam,assam,0.0,0.0,3785.3399999999997,9.12,,
2006-04-01,Assam,assam,0.0,0.0,5047.12,12.16,,
2006-05-01,Assam,assam,0.0,0.0,6308.900000000001,15.200000000000001,,
2006-06-01,Assam,assam,0.0,0.0,10094.24,24.32,,
2006-07-01,Assam,assam,0.0,0.0,22712.04,54.72,,
2006-08-01,Assam,assam,0.0,0.0,27759.16,66.88,,
2006-09-01,Assam,assam,0.0,0.0,22712.04,54.72,,
2006-10-01,Assam,assam,0.0,0.0,12617.800000000001,30.400000000000002,,
2006-11-01,Assam,assam,0.0,0.0,6308.900000000001,15.200000000000001,,
2006-12-01,Assam,assam,0.0,0.0,3785.3399999999997,9.12,,
2007-01-01,Assam,assam,0.0,0.0,1897.06,3.04,,
2007-02-01,Assam,assam,0.0,0.0,1897.06,3.04,,
2007-03-01,Assam,assam,0.0,0.0,2845.5899999999997,4.56,,
2007-04-01,Assam,assam,0.0,0.0,3794.12,6.08,,
2007-05-01,Assam,assam,0.0,0.0,4742.650000000001,7.6000000000000005,,
2007-06-01,Assam,assam,0.0,0.0,7588.24,12.16,,
2007-07-01,Assam,assam,0.0,0.0,17073.54,27.36,,
2007-08-01,Assam,assam,0.0,0.0,20867.66,33.44,,
2007-09-01,Assam,assam,0.0,0.0,17073.54,27.36,,
2007-10-01,Assam,assam,0.0,0.0,9485.300000000001,15.200000000000001,,
2007-11-01,Assam,assam,0.0,0.0,4742.650000000001,7.6000000000000005,,
2007-12-01,Assam,assam,0.0,0.0,2845.5899999999997,4.56,,
2008-01-01,Assam,assam,0.0,0.0,1678.78,1.72,0.0,
2008-02-01,Assam,assam,0.0,0.0,1678.78,1.72,0.0,
2008-03-01,Assam,assam,0.0,0.0,2518.17,2.58,0.0,
2008-04-01,Assam,assam,0.0,0.0,3357.56,3.44,0.0,
2008-05-01,Assam,assam,0.0,0.0,4196.95,4.3,0.0,
2008-06-01,Assam,assam,0.0,0.0,6715.12,6.88,0.0,
2008-07-01,Assam,assam,0.0,0.0,15109.019999999999,15.479999999999999,0.0,
2008-08-01,Assam,assam,0.0,0.0,18466.58,18.92,0.0,
2008-09-01,Assam,assam,0.0,0.0,15109.019999999999,15.479999999999999,0.0,
2008-10-01,Assam,assam,0.0,0.0,8393.9,8.6,0.0,
2008-11-01,Assam,assam,0.0,0.0,4196.95,4.3,0.0,
2008-12-01,Assam,assam,0.0,0.0,2518.17,2.58,0.0,
2009-01-01,Assam,assam,0.0,0.0,1828.26,1.26,0.0,
2009-02-01,Assam,assam,0.0,0.0,1828.26,1.26,0.0,
2009-03-01,Assam,assam,0.0,0.0,2742.39,1.89,0.0,
2009-04-01,Assam,assam,0.0,0.0,3656.52,2.52,0.0,
2009-05-01,Assam,assam,0.0,0.0,4570.650000000001,3.1500000000000004,0.0,
2009-06-01,Assam,assam,0.0,0.0,7313.04,5.04,0.0,
2009-07-01,Assam,assam,0.0,0.0,16454.34,11.34,0.0,
2009-08-01,Assam,assam,0.0,0.0,20110.86,13.86,0.0,
2009-09-01,Assam,assam,0.0,0.0,16454.34,11.34,0.0,
2009-10-01,Assam,assam,0.0,0.0,9141.300000000001,6.300000000000001,0.0,
2009-11-01,Assam,assam,0.0,0.0,4570.650000000001,3.1500000000000004,0.0,
2009-12-01,Assam,assam,0.0,0.0,2742.39,1.89,0.0,
2010-01-01,Assam,assam,4.74,0.04,1367.06,0.72,0.0,
2010-02-01,Assam,assam,4.74,0.04,1367.06,0.72,0.0,
2010-03-01,Assam,assam,7.109999999999999,0.06,2050.59,1.08,0.0,
2010-04-01,Assam,assam,9.48,0.08,2734.12,1.44,0.0,
2010-05-01,Assam,assam,11.850000000000001,0.1,3417.65,1.8,0.0,
2010-06-01,Assam,assam,18.96,0.16,5468.24,2.88,0.0,
2010-07-01,Assam,assam,42.66,0.36,12303.539999999999,6.4799999999999995,0.0,
2010-08-01,Assam,assam,52.14,0.44,15037.66,7.92,0.0,
2010-09-01,Assam,assam,42.66,0.36,12303.539999999999,6.4799999999999995,0.0,
2010-10-01,Assam,assam,23.700000000000003,0.2,6835.3,3.6,0.0,
2010-11-01,Assam,assam,11.850000000000001,0.1,3417.65,1.8,0.0,
2010-12-01,Assam,assam,7.109999999999999,0.06,2050.59,1.08,0.0,
2011-01-01,Assam,assam,0.0,0.0,947.94,0.9,0.0,
2011-02-01,Assam,assam,0.0,0.0,947.94,0.9,0.0,
2011-03-01,Assam,assam,0.0,0.0,1421.9099999999999,1.3499999999999999,0.0,
2011-04-01,Assam,assam,0.0,0.0,1895.88,1.8,0.0,
2011-05-01,Assam,assam,0.0,0.0,2369.85,2.25,0.0,
2011-06-01,Assam,assam,0.0,0.0,3791.76,3.6,0.0,
2011-07-01,Assam,assam,0.0,0.0,8531.46,8.1,0.0,
2011-08-01,Assam,assam,0.0,0.0,10427.34,9.9,0.0,
2011-09-01,Assam,assam,0.0,0.0,8531.46,8.1,0.0,
2011-10-01,Assam,assam,0.0,0.0,4739.7,4.5,0.0,
2011-11-01,Assam,assam,0.0,0.0,2369.85,2.25,0.0,
2011-12-01,Assam,assam,0.0,0.0,1421.9099999999999,1.3499999999999999,0.0,
2012-01-01,Assam,assam,21.16,0.1,599.98,0.26,0.0,
2012-02-01,Assam,assam,21.16,0.1,599.98,0.26,0.0,
2012-03-01,Assam,assam,31.74,0.15,899.9699999999999,0.39,0.0,
2012-04-01,Assam,assam,42.32,0.2,1199.96,0.52,0.0,
2012-05-01,Assam,assam,52.900000000000006,0.25,1499.95,0.65,0.0,
2012-06-01,Assam,assam,84.64,0.4,2399.92,1.04,0.0,
2012-07-01,Assam,assam,190.44,0.8999999999999999,5399.82,2.34,0.0,
2012-08-01,Assam,assam,232.76,1.1,6599.78,2.86,0.0,
2012-09-01,Assam,assam,190.44,0.8999999999999999,5399.82,2.34,0.0,
2012-10-01,Assam,assam,105.80000000000001,0.5,2999.9,1.3,0.0,
2012-11-01,Assam,assam,52.900000000000006,0.25,1499.95,0.65,0.0,
2012-12-01,Assam,assam,31.74,0.15,899.9699999999999,0.39,0.0,
2013-01-01,Assam,assam,90.52,0.04,390.84000000000003,0.14,14.84,
2013-02-01,Assam,assam,90.52,0.04,390.84000000000003,0.14,14.84,
2013-03-01,Assam,assam,135.78,0.06,586.26,0.21,22.259999999999998,
2013-04-01,Assam,assam,181.04,0.08,781.6800000000001,0.28,29.68,
2013-05-01,Assam,assam,226.3,0.1,977.1,0.35000000000000003,37.1,
2013-06-01,Assam,assam,362.08,0.16,1563.3600000000001,0.56,59.36,
2013-07-01,Assam,assam,814.68,0.36,3517.56,1.26,133.56,
2013-08-01,Assam,assam,995.72,0.44,4299.24,1.54,163.24,
2013-09-01,Assam,assam,814.68,0.36,3517.56,1.26,133.56,
2013-10-01,Assam,assam,452.6,0.2,1954.2,0.7000000000000001,74.2,
2013-11-01,Assam,assam,226.3,0.1,977.1,0.35000000000000003,37.1,
2013-12-01,Assam,assam,135.78,0.06,586.26,0.21,22.259999999999998,
2014-01-01,Assam,assam,,,290.8,0.22,0.0,
2014-02-01,Assam,assam,,,290.8,0.22,0.0,
2014-03-01,Assam,assam,,,436.2,0.32999999999999996,0.0,
2014-04-01,Assam,assam,,,581.6,0.44,0.0,
2014-05-01,Assam,assam,,,727.0,0.55,0.0,
2014-06-01,Assam,assam,,,1163.2,0.88,0.0,
2014-07-01,Assam,assam,,,2617.2,1.98,0.0,
2014-08-01,Assam,assam,,,3198.8,2.42,0.0,
2014-09-01,Assam,assam,,,2617.2,1.98,0.0,
2014-10-01,Assam,assam,,,1454.0,1.1,0.0,
2014-11-01,Assam,assam,,,727.0,0.55,0.0,
2014-12-01,Assam,assam,,,436.2,0.32999999999999996,0.0,
2015-01-01,Assam,assam,,,311.14,0.08,0.0,
2015-02-01,Assam,assam,,,311.14,0.08,0.0,
2015-03-01,Assam,assam,,,466.71,0.12,0.0,
2015-04-01,Assam,assam,,,622.28,0.16,0.0,
2015-05-01,Assam,assam,,,777.85,0.2,0.0,
2015-06-01,Assam,assam,,,1244.56,0.32,0.0,
2015-07-01,Assam,assam,,,2800.2599999999998,0.72,0.0,
2015-08-01,Assam,assam,,,3422.54,0.88,0.0,
2015-09-01,Assam,assam,,,2800.2599999999998,0.72,0.0,
2015-10-01,Assam,assam,,,1555.7,0.4,0.0,
2015-11-01,Assam,assam,,,777.85,0.2,0.0,
2015-12-01,Assam,assam,,,466.71,0.12,0.0,
2016-01-01,Assam,assam,,,156.52,0.12,0.8,
2016-02-01,Assam,assam,,,156.52,0.12,0.8,
2016-03-01,Assam,assam,,,234.78,0.18,1.2,
2016-04-01,Assam,assam,,,313.04,0.24,1.6,
2016-05-01,Assam,assam,,,391.3,0.30000000000000004,2.0,
2016-06-01,Assam,assam,,,626.08,0.48,3.2,
2016-07-01,Assam,assam,,,1408.6799999999998,1.08,7.199999999999999,
2016-08-01,Assam,assam,,,1721.72,1.32,8.8,
2016-09-01,Assam,assam,,,1408.6799999999998,1.08,7.199999999999999,
2016-10-01,Assam,assam,,,782.6,0.6000000000000001,4.0,
2016-11-01,Assam,assam,,,391.3,0.30000000000000004,2.0,
2016-12-01,Assam,assam,,,234.78,0.18,1.2,
2017-01-01,Assam,assam,100.48,0.02,105.62,0.0,0.8200000000000001,
2017-02-01,Assam,assam,100.48,0.02,105.62,0.0,0.8200000000000001,
2017-03-01,Assam,assam,150.72,0.03,158.43,0.0,1.23,
2017-04-01,Assam,assam,200.96,0.04,211.24,0.0,1.6400000000000001,
2017-05-01,Assam,assam,251.20000000000002,0.05,264.05,0.0,2.0500000000000003,
2017-06-01,Assam,assam,401.92,0.08,422.48,0.0,3.2800000000000002,
2017-07-01,Assam,assam,904.3199999999999,0.18,950.5799999999999,0.0,7.38,
2017-08-01,Assam,assam,1105.28,0.22,1161.82,0.0,9.02,
2017-09-01,Assam,assam,904.3199999999999,0.18,950.5799999999999,0.0,7.38,
2017-10-01,Assam,assam,502.40000000000003,0.1,528.1,0.0,4.1000000000000005,
2017-11-01,Assam,assam,251.20000000000002,0.05,264.05,0.0,2.0500000000000003,
2017-12-01,Assam,assam,150.72,0.03,158.43,0.0,1.23,
2018-01-01,Assam,assam,3.3200000000000003,0.0,76.32000000000001,0.04,0.06,
2018-02-01,Assam,assam,3.3200000000000003,0.0,76.32000000000001,0.04,0.06,
2018-03-01,Assam,assam,4.9799999999999995,0.0,114.47999999999999,0.06,0.09,
2018-04-01,Assam,assam,6.640000000000001,0.0,152.64000000000001,0.08,0.12,
2018-05-01,Assam,assam,8.3,0.0,190.8,0.1,0.15000000000000002,
2018-06-01,Assam,assam,13.280000000000001,0.0,305.28000000000003,0.16,0.24,
2018-07-01,Assam,assam,29.88,0.0,686.88,0.36,0.54,
2018-08-01,Assam,assam,36.52,0.0,839.52,0.44,0.66,
2018-09-01,Assam,assam,29.88,0.0,686.88,0.36,0.54,
2018-10-01,Assam,assam,16.6,0.0,381.6,0.2,0.30000000000000004,
2018-11-01,Assam,assam,8.3,0.0,190.8,0.1,0.15000000000000002,
2018-12-01,Assam,assam,4.9799999999999995,0.0,114.47999999999999,0.06,0.09,
2019-01-01,Assam,assam,3.92,0.0,29.18,0.08,0.0,
2019-02-01,Assam,assam,3.92,0.0,29.18,0.08,0.0,
2019-03-01,Assam,assam,5.88,0.0,43.769999999999996,0.12,0.0,
2019-04-01,Assam,assam,7.84,0.0,58.36,0.16,0.0,
2019-05-01,Assam,assam,9.8,0.0,72.95,0.2,0.0,
2019-06-01,Assam,assam,15.68,0.0,116.72,0.32,0.0,
2019-07-01,Assam,assam,35.28,0.0,262.62,0.72,0.0,
2019-08-01,Assam,assam,43.12,0.0,320.98,0.88,0.0,
2019-09-01,Assam,assam,35.28,0.0,262.62,0.72,0.0,
2019-10-01,Assam,assam,19.6,0.0,145.9,0.4,0.0,
2019-11-01,Assam,assam,9.8,0.0,72.95,0.2,0.0,
2019-12-01,Assam,assam,5.88,0.0,43.769999999999996,0.12,0.0,
2020-01-01,Assam,assam,0.66,0.0,9.68,0.04,0.0,
2020-02-01,Assam,assam,0.66,0.0,9.68,0.04,0.0,
2020-03-01,Assam,assam,0.99,0.0,14.52,0.06,0.0,
2020-04-01,Assam,assam,1.32,0.0,19.36,0.08,0.0,
2020-05-01,Assam,assam,1.6500000000000001,0.0,24.200000000000003,0.1,0.0,
2020-06-01,Assam,assam,2.64,0.0,38.72,0.16,0.0,
2020-07-01,Assam,assam,5.9399999999999995,0.0,87.11999999999999,0.36,0.0,
2020-08-01,Assam,assam,7.26,0.0,106.48,0.44,0.0,
2020-09-01,Assam,assam,5.9399999999999995,0.0,87.11999999999999,0.36,0.0,
2020-10-01,Assam,assam,3.3000000000000003,0.0,48.400000000000006,0.2,0.0,
2020-11-01,Assam,assam,1.6500000000000001,0.0,24.200000000000003,0.1,0.0,
2020-12-01,Assam,assam,0.99,0.0,14.52,0.06,0.0,
2021-01-01,Assam,assam,2.06,0.0,3.24,0.0,0.04,
2021-02-01,Assam,assam,2.06,0.0,3.24,0.0,0.04,
2021-03-01,Assam,assam,3.09,0.0,4.859999999999999,0.0,0.06,
2021-04-01,Assam,assam,4.12,0.0,6.48,0.0,0.08,
2021-05-01,Assam,assam,5.15,0.0,8.1,0.0,0.1,
2021-06-01,Assam,assam,8.24,0.0,12.96,0.0,0.16,
2021-07-01,Assam,assam,18.54,0.0,29.16,0.0,0.36,
2021-08-01,Assam,assam,22.66,0.0,35.64,0.0,0.44,
2021-09-01,Assam,assam,18.54,0.0,29.16,0.0,0.36,
2021-10-01,Assam,assam,10.3,0.0,16.2,0.0,0.2,
2021-11-01,Assam,assam,5.15,0.0,8.1,0.0,0.1,
2021-12-01,Assam,assam,3.09,0.0,4.859999999999999,0.0,0.06,
2022-01-01,Assam,assam,36.52,0.04,5.6000000000000005,0.0,0.0,
2022-02-01,Assam,assam,36.52,0.04,5.6000000000000005,0.0,0.0,
2022-03-01,Assam,assam,54.78,0.06,8.4,0.0,0.0,
2022-04-01,Assam,assam,73.04,0.08,11.200000000000001,0.0,0.0,
2022-05-01,Assam,assam,91.30000000000001,0.1,14.0,0.0,0.0,
2022-06-01,Assam,assam,146.08,0.16,22.400000000000002,0.0,0.0,
2022-07-01,Assam,assam,328.68,0.36,50.4,0.0,0.0,
2022-08-01,Assam,assam,401.72,0.44,61.6,0.0,0.0,
2022-09-01,Assam,assam,328.68,0.36,50.4,0.0,0.0,
2022-10-01,Assam,assam,182.60000000000002,0.2,28.0,0.0,0.0,
2022-11-01,Assam,assam,91.30000000000001,0.1,14.0,0.0,0.0,
2022-12-01,Assam,assam,54.78,0.06,8.4,0.0,0.0,
1999-01-01,Bihar,bihar,0.0,0.0,,,,
1999-02-01,Bihar,bihar,0.0,0.0,,,,
1999-03-01,Bihar,bihar,0.0,0.0,,,,
1999-04-01,Bihar,bihar,0.0,0.0,,,,
1999-05-01,Bihar,bihar,0.0,0.0,,,,
1999-06-01,Bihar,bihar,0.0,0.0,,,,
1999-07-01,Bihar,bihar,0.0,0.0,,,,
1999-08-01,Bihar,bihar,0.0,0.0,,,,
1999-09-01,Bihar,bihar,0.0,0.0,,,,
1999-10-01,Bihar,bihar,0.0,0.0,,,,
1999-11-01,Bihar,bihar,0.0,0.0,,,,
1999-12-01,Bihar,bihar,0.0,0.0,,,,
2000-01-01,Bihar,bihar,0.0,0.0,,,,
2000-02-01,Bihar,bihar,0.0,0.0,,,,
2000-03-01,Bihar,bihar,0.0,0.0,,,,
2000-04-01,Bihar,bihar,0.0,0.0,,,,
2000-05-01,Bihar,bihar,0.0,0.0,,,,
2000-06-01,Bihar,bihar,0.0,0.0,,,,
2000-07-01,Bihar,bihar,0.0,0.0,,,,
2000-08-01,Bihar,bihar,0.0,0.0,,,,
2000-09-01,Bihar,bihar,0.0,0.0,,,,
2000-10-01,Bihar,bihar,0.0,0.0,,,,
2000-11-01,Bihar,bihar,0.0,0.0,,,,
2000-12-01,Bihar,bihar,0.0,0.0,,,,
2001-01-01,Bihar,bihar,0.0,0.0,82.16,0.0,,
2001-02-01,Bihar,bihar,0.0,0.0,82.16,0.0,,
2001-03-01,Bihar,bihar,0.0,0.0,123.24,0.0,,
2001-04-01,Bihar,bihar,0.0,0.0,164.32,0.0,,
2001-05-01,Bihar,bihar,0.0,0.0,205.4,0.0,,
2001-06-01,Bihar,bihar,0.0,0.0,328.64,0.0,,
2001-07-01,Bihar,bihar,0.0,0.0,739.4399999999999,0.0,,
2001-08-01,Bihar,bihar,0.0,0.0,903.76,0.0,,
2001-09-01,Bihar,bihar,0.0,0.0,739.4399999999999,0.0,,
2001-10-01,Bihar,bihar,0.0,0.0,410.8,0.0,,
2001-11-01,Bihar,bihar,0.0,0.0,205.4,0.0,,
2001-12-01,Bihar,bihar,0.0,0.0,123.24,0.0,,
2002-01-01,Bihar,bihar,0.02,0.0,73.66,0.04,,
2002-02-01,Bihar,bihar,0.02,0.0,73.66,0.04,,
2002-03-01,Bihar,bihar,0.03,0.0,110.49,0.06,,
2002-04-01,Bihar,bihar,0.04,0.0,147.32,0.08,,
2002-05-01,Bihar,bihar,0.05,0.0,184.15,0.1,,
2002-06-01,Bihar,bihar,0.08,0.0,294.64,0.16,,
2002-07-01,Bihar,bihar,0.18,0.0,662.9399999999999,0.36,,
2002-08-01,Bihar,bihar,0.22,0.0,810.26,0.44,,
2002-09-01,Bihar,bihar,0.18,0.0,662.9399999999999,0.36,,
2002-10-01,Bihar,bihar,0.1,0.0,368.3,0.2,,
2002-11-01,Bihar,bihar,0.05,0.0,184.15,0.1,,
2002-12-01,Bihar,bihar,0.03,0.0,110.49,0.06,,
2003-01-01,Bihar,bihar,0.0,0.0,53.04,0.02,,
2003-02-01,Bihar,bihar,0.0,0.0,53.04,0.02,,
2003-03-01,Bihar,bihar,0.0,0.0,79.56,0.03,,
2003-04-01,Bihar,bihar,0.0,0.0,106.08,0.04,,
2003-05-01,Bihar,bihar,0.0,0.0,132.6,0.05,,
2003-06-01,Bihar,bihar,0.0,0.0,212.16,0.08,,
2003-07-01,Bihar,bihar,0.0,0.0,477.35999999999996,0.18,,
2003-08-01,Bihar,bihar,0.0,0.0,583.44,0.22,,
2003-09-01,Bihar,bihar,0.0,0.0,477.35999999999996,0.18,,
2003-10-01,Bihar,bihar,0.0,0.0,265.2,0.1,,
2003-11-01,Bihar,bihar,0.0,0.0,132.6,0.05,,
2003-12-01,Bihar,bihar,0.0,0.0,79.56,0.03,,
2004-01-01,Bihar,bihar,0.0,0.0,37.44,0.0,,
2004-02-01,Bihar,bihar,0.0,0.0,37.44,0.0,,
2004-03-01,Bihar,bihar,0.0,0.0,56.16,0.0,,
2004-04-01,Bihar,bihar,0.0,0.0,74.88,0.0,,
2004-05-01,Bihar,bihar,0.0,0.0,93.60000000000001,0.0,,
2004-06-01,Bihar,bihar,0.0,0.0,149.76,0.0,,
2004-07-01,Bihar,bihar,0.0,0.0,336.96,0.0,,
2004-08-01,Bihar,bihar,0.0,0.0,411.84,0.0,,
2004-09-01,Bihar,bihar,0.0,0.0,336.96,0.0,,
2004-10-01,Bihar,bihar,0.0,0.0,187.20000000000002,0.0,,
2004-11-01,Bihar,bihar,0.0,0.0,93.60000000000001,0.0,,
2004-12-01,Bihar,bihar,0.0,0.0,56.16,0.0,,
2005-01-01,Bihar,bihar,0.0,0.0,54.660000000000004,0.02,,
2005-02-01,Bihar,bihar,0.0,0.0,54.660000000000004,0.02,,
2005-03-01,Bihar,bihar,0.0,0.0,81.99,0.03,,
2005-04-01,Bihar,bihar,0.0,0.0,109.32000000000001,0.04,,
2005-05-01,Bihar,bihar,0.0,0.0,136.65,0.05,,
2005-06-01,Bihar,bihar,0.0,0.0,218.64000000000001,0.08,,
2005-07-01,Bihar,bihar,0.0,0.0,491.94,0.18,,
2005-08-01,Bihar,bihar,0.0,0.0,601.26,0.22,,
2005-09-01,Bihar,bihar,0.0,0.0,491.94,0.18,,
2005-10-01,Bihar,bihar,0.0,0.0,273.3,0.1,,
2005-11-01,Bihar,bihar,0.0,0.0,136.65,0.05,,
2005-12-01,Bihar,bihar,0.0,0.0,81.99,0.03,,
2006-01-01,Bihar,bihar,0.08,0.0,54.88,0.02,,
2006-02-01,Bihar,bihar,0.08,0.0,54.88,0.02,,
2006-03-01,Bihar,bihar,0.12,0.0,82.32,0.03,,
2006-04-01,Bihar,bihar,0.16,0.0,109.76,0.04,,
2006-05-01,Bihar,bihar,0.2,0.0,137.20000000000002,0.05,,
2006-06-01,Bihar,bihar,0.32,0.0,219.52,0.08,,
2006-07-01,Bihar,bihar,0.72,0.0,493.91999999999996,0.18,,
2006-08-01,Bihar,bihar,0.88,0.0,603.68,0.22,,
2006-09-01,Bihar,bihar,0.72,0.0,493.91999999999996,0.18,,
2006-10-01,Bihar,bihar,0.4,0.0,274.40000000000003,0.1,,
2006-11-01,Bihar,bihar,0.2,0.0,137.20000000000002,0.05,,
2006-12-01,Bihar,bihar,0.12,0.0,82.32,0.03,,
2007-01-01,Bihar,bihar,0.0,0.0,31.900000000000002,0.02,,
2007-02-01,Bihar,bihar,0.0,0.0,31.900000000000002,0.02,,
2007-03-01,Bihar,bihar,0.0,0.0,47.85,0.03,,
2007-04-01,Bihar,bihar,0.0,0.0,63.800000000000004,0.04,,
2007-05-01,Bihar,bihar,0.0,0.0,79.75,0.05,,
2007-06-01,Bihar,bihar,0.0,0.0,127.60000000000001,0.08,,
2007-07-01,Bihar,bihar,0.0,0.0,287.09999999999997,0.18,,
2007-08-01,Bihar,bihar,0.0,0.0,350.9,0.22,,
2007-09-01,Bihar,bihar,0.0,0.0,287.09999999999997,0.18,,
2007-10-01,Bihar,bihar,0.0,0.0,159.5,0.1,,
2007-11-01,Bihar,bihar,0.0,0.0,79.75,0.05,,
2007-12-01,Bihar,bihar,0.0,0.0,47.85,0.03,,
2008-01-01,Bihar,bihar,0.02,0.0,50.82,0.0,0.0,
2008-02-01,Bihar,bihar,0.02,0.0,50.82,0.0,0.0,
2008-03-01,Bihar,bihar,0.03,0.0,76.23,0.0,0.0,
2008-04-01,Bihar,bihar,0.04,0.0,101.64,0.0,0.0,
2008-05-01,Bihar,bihar,0.05,0.0,127.05000000000001,0.0,0.0,
2008-06-01,Bihar,bihar,0.08,0.0,203.28,0.0,0.0,
2008-07-01,Bihar,bihar,0.18,0.0,457.38,0.0,0.0,
2008-08-01,Bihar,bihar,0.22,0.0,559.02,0.0,0.0,
2008-09-01,Bihar,bihar,0.18,0.0,457.38,0.0,0.0,
2008-10-01,Bihar,bihar,0.1,0.0,254.10000000000002,0.0,0.0,
2008-11-01,Bihar,bihar,0.05,0.0,127.05000000000001,0.0,0.0,
2008-12-01,Bihar,bihar,0.03,0.0,76.23,0.0,0.0,
2009-01-01,Bihar,bihar,0.02,0.0,65.1,0.42,0.0,
2009-02-01,Bihar,bihar,0.02,0.0,65.1,0.42,0.0,
2009-03-01,Bihar,bihar,0.03,0.0,97.64999999999999,0.63,0.0,
2009-04-01,Bihar,bihar,0.04,0.0,130.2,0.84,0.0,
2009-05-01,Bihar,bihar,0.05,0.0,162.75,1.05,0.0,
2009-06-01,Bihar,bihar,0.08,0.0,260.4,1.68,0.0,
2009-07-01,Bihar,bihar,0.18,0.0,585.9,3.78,0.0,
2009-08-01,Bihar,bihar,0.22,0.0,716.1,4.62,0.0,
2009-09-01,Bihar,bihar,0.18,0.0,585.9,3.78,0.0,
2009-10-01,Bihar,bihar,0.1,0.0,325.5,2.1,0.0,
2009-11-01,Bihar,bihar,0.05,0.0,162.75,1.05,0.0,
2009-12-01,Bihar,bihar,0.03,0.0,97.64999999999999,0.63,0.0,
2010-01-01,Bihar,bihar,10.200000000000001,0.0,38.160000000000004,0.02,0.0,
2010-02-01,Bihar,bihar,10.200000000000001,0.0,38.160000000000004,0.02,0.0,
2010-03-01,Bihar,bihar,15.299999999999999,0.0,57.239999999999995,0.03,0.0,
2010-04-01,Bihar,bihar,20.400000000000002,0.0,76.32000000000001,0.04,0.0,
2010-05-01,Bihar,bihar,25.5,0.0,95.4,0.05,0.0,
2010-06-01,Bihar,bihar,40.800000000000004,0.0,152.64000000000001,0.08,0.0,
2010-07-01,Bihar,bihar,91.8,0.0,343.44,0.18,0.0,
2010-08-01,Bihar,bihar,112.2,0.0,419.76,0.22,0.0,
2010-09-01,Bihar,bihar,91.8,0.0,343.44,0.18,0.0,
2010-10-01,Bihar,bihar,51.0,0.0,190.8,0.1,0.0,
2010-11-01,Bihar,bihar,25.5,0.0,95.4,0.05,0.0,
2010-12-01,Bihar,bihar,15.299999999999999,0.0,57.239999999999995,0.03,0.0,
2011-01-01,Bihar,bihar,0.42,0.0,52.86,0.0,1.82,
2011-02-01,Bihar,bihar,0.42,0.0,52.86,0.0,1.82,
2011-03-01,Bihar,bihar,0.63,0.0,79.28999999999999,0.0,2.73,
2011-04-01,Bihar,bihar,0.84,0.0,105.72,0.0,3.64,
2011-05-01,Bihar,bihar,1.05,0.0,132.15,0.0,4.55,
2011-06-01,Bihar,bihar,1.68,0.0,211.44,0.0,7.28,
2011-07-01,Bihar,bihar,3.78,0.0,475.74,0.0,16.38,
2011-08-01,Bihar,bihar,4.62,0.0,581.46,0.0,20.02,
2011-09-01,Bihar,bihar,3.78,0.0,475.74,0.0,16.38,
2011-10-01,Bihar,bihar,2.1,0.0,264.3,0.0,9.1,
2011-11-01,Bihar,bihar,1.05,0.0,132.15,0.0,4.55,
2011-12-01,Bihar,bihar,0.63,0.0,79.28999999999999,0.0,2.73,
2012-01-01,Bihar,bihar,17.44,0.06,52.1,0.0,0.68,
2012-02-01,Bihar,bihar,17.44,0.06,52.1,0.0,0.68,
2012-03-01,Bihar,bihar,26.16,0.09,78.14999999999999,0.0,1.02,
2012-04-01,Bihar,bihar,34.88,0.12,104.2,0.0,1.36,
2012-05-01,Bihar,bihar,43.6,0.15000000000000002,130.25,0.0,1.7000000000000002,
2012-06-01,Bihar,bihar,69.76,0.24,208.4,0.0,2.72,
2012-07-01,Bihar,bihar,156.96,0.54,468.9,0.0,6.12,
2012-08-01,Bihar,bihar,191.84,0.66,573.1,0.0,7.48,
2012-09-01,Bihar,bihar,156.96,0.54,468.9,0.0,6.12,
2012-10-01,Bihar,bihar,87.2,0.30000000000000004,260.5,0.0,3.4000000000000004,
2012-11-01,Bihar,bihar,43.6,0.15000000000000002,130.25,0.0,1.7000000000000002,
2012-12-01,Bihar,bihar,26.16,0.09,78.14999999999999,0.0,1.02,
2013-01-01,Bihar,bihar,24.92,0.1,53.86,0.02,0.0,
2013-02-01,Bihar,bihar,24.92,0.1,53.86,0.02,0.0,
2013-03-01,Bihar,bihar,37.379999999999995,0.15,80.78999999999999,0.03,0.0,
2013-04-01,Bihar,bihar,49.84,0.2,107.72,0.04,0.0,
2013-05-01,Bihar,bihar,62.300000000000004,0.25,134.65,0.05,0.0,
2013-06-01,Bihar,bihar,99.68,0.4,215.44,0.08,0.0,
2013-07-01,Bihar,bihar,224.28,0.8999999999999999,484.74,0.18,0.0,
2013-08-01,Bihar,bihar,274.12,1.1,592.46,0.22,0.0,
2013-09-01,Bihar,bihar,224.28,0.8999999999999999,484.74,0.18,0.0,
2013-10-01,Bihar,bihar,124.60000000000001,0.5,269.3,0.1,0.0,
2013-11-01,Bihar,bihar,62.300000000000004,0.25,134.65,0.05,0.0,
2013-12-01,Bihar,bihar,37.379999999999995,0.15,80.78999999999999,0.03,0.0,
2014-01-01,Bihar,bihar,,,40.86,0.0,0.0,
2014-02-01,Bihar,bihar,,,40.86,0.0,0.0,
2014-03-01,Bihar,bihar,,,61.29,0.0,0.0,
2014-04-01,Bihar,bihar,,,81.72,0.0,0.0,
2014-05-01,Bihar,bihar,,,102.15,0.0,0.0,
2014-06-01,Bihar,bihar,,,163.44,0.0,0.0,
2014-07-01,Bihar,bihar,,,367.74,0.0,0.0,
2014-08-01,Bihar,bihar,,,449.46,0.0,0.0,
2014-09-01,Bihar,bihar,,,367.74,0.0,0.0,
2014-10-01,Bihar,bihar,,,204.3,0.0,0.0,
2014-11-01,Bihar,bihar,,,102.15,0.0,0.0,
2014-12-01,Bihar,bihar,,,61.29,0.0,0.0,
2015-01-01,Bihar,bihar,,,80.12,0.02,0.06,
2015-02-01,Bihar,bihar,,,80.12,0.02,0.06,
2015-03-01,Bihar,bihar,,,120.17999999999999,0.03,0.09,
2015-04-01,Bihar,bihar,,,160.24,0.04,0.12,
2015-05-01,Bihar,bihar,,,200.3,0.05,0.15000000000000002,
2015-06-01,Bihar,bihar,,,320.48,0.08,0.24,
2015-07-01,Bihar,bihar,,,721.0799999999999,0.18,0.54,
2015-08-01,Bihar,bihar,,,881.32,0.22,0.66,
2015-09-01,Bihar,bihar,,,721.0799999999999,0.18,0.54,
2015-10-01,Bihar,bihar,,,400.6,0.1,0.30000000000000004,
2015-11-01,Bihar,bihar,,,200.3,0.05,0.15000000000000002,
2015-12-01,Bihar,bihar,,,120.17999999999999,0.03,0.09,
2016-01-01,Bihar,bihar,,,103.78,0.0,11.32,
2016-02-01,Bihar,bihar,,,103.78,0.0,11.32,
2016-03-01,Bihar,bihar,,,155.67,0.0,16.98,
2016-04-01,Bihar,bihar,,,207.56,0.0,22.64,
2016-05-01,Bihar,bihar,,,259.45,0.0,28.3,
2016-06-01,Bihar,bihar,,,415.12,0.0,45.28,
2016-07-01,Bihar,bihar,,,934.02,0.0,101.88,
2016-08-01,Bihar,bihar,,,1141.58,0.0,124.52,
2016-09-01,Bihar,bihar,,,934.02,0.0,101.88,
2016-10-01,Bihar,bihar,,,518.9,0.0,56.6,
2016-11-01,Bihar,bihar,,,259.45,0.0,28.3,
2016-12-01,Bihar,bihar,,,155.67,0.0,16.98,
2017-01-01,Bihar,bihar,37.08,0.0,80.4,0.04,25.02,
2017-02-01,Bihar,bihar,37.08,0.0,80.4,0.04,25.02,
2017-03-01,Bihar,bihar,55.62,0.0,120.6,0.06,37.53,
2017-04-01,Bihar,bihar,74.16,0.0,160.8,0.08,50.04,
2017-05-01,Bihar,bihar,92.7,0.0,201.0,0.1,62.550000000000004,
2017-06-01,Bihar,bihar,148.32,0.0,321.6,0.16,100.08,
2017-07-01,Bihar,bihar,333.71999999999997,0.0,723.6,0.36,225.17999999999998,
2017-08-01,Bihar,bihar,407.88,0.0,884.4,0.44,275.22,
2017-09-01,Bihar,bihar,333.71999999999997,0.0,723.6,0.36,225.17999999999998,
2017-10-01,Bihar,bihar,185.4,0.0,402.0,0.2,125.10000000000001,
2017-11-01,Bihar,bihar,92.7,0.0,201.0,0.1,62.550000000000004,
2017-12-01,Bihar,bihar,55.62,0.0,120.6,0.06,37.53,
2018-01-01,Bihar,bihar,42.84,0.0,30.72,0.0,3.12,
2018-02-01,Bihar,bihar,42.84,0.0,30.72,0.0,3.12,
2018-03-01,Bihar,bihar,64.25999999999999,0.0,46.08,0.0,4.68,
2018-04-01,Bihar,bihar,85.68,0.0,61.44,0.0,6.24,
2018-05-01,Bihar,bihar,107.10000000000001,0.0,76.80000000000001,0.0,7.800000000000001,
2018-06-01,Bihar,bihar,171.36,0.0,122.88,0.0,12.48,
2018-07-01,Bihar,bihar,385.56,0.0,276.48,0.0,28.08,
2018-08-01,Bihar,bihar,471.24,0.0,337.92,0.0,34.32,
2018-09-01,Bihar,bihar,385.56,0.0,276.48,0.0,28.08,
2018-10-01,Bihar,bihar,214.20000000000002,0.0,153.60000000000002,0.0,15.600000000000001,
2018-11-01,Bihar,bihar,107.10000000000001,0.0,76.80000000000001,0.0,7.800000000000001,
2018-12-01,Bihar,bihar,64.25999999999999,0.0,46.08,0.0,4.68,
2019-01-01,Bihar,bihar,134.24,0.0,32.160000000000004,0.0,11.88,
2019-02-01,Bihar,bihar,134.24,0.0,32.160000000000004,0.0,11.88,
2019-03-01,Bihar,bihar,201.35999999999999,0.0,48.239999999999995,0.0,17.82,
2019-04-01,Bihar,bihar,268.48,0.0,64.32000000000001,0.0,23.76,
2019-05-01,Bihar,bihar,335.6,0.0,80.4,0.0,29.700000000000003,
2019-06-01,Bihar,bihar,536.96,0.0,128.64000000000001,0.0,47.52,
2019-07-01,Bihar,bihar,1208.1599999999999,0.0,289.44,0.0,106.92,
2019-08-01,Bihar,bihar,1476.64,0.0,353.76,0.0,130.68,
2019-09-01,Bihar,bihar,1208.1599999999999,0.0,289.44,0.0,106.92,
2019-10-01,Bihar,bihar,671.2,0.0,160.8,0.0,59.400000000000006,
2019-11-01,Bihar,bihar,335.6,0.0,80.4,0.0,29.700000000000003,
2019-12-01,Bihar,bihar,201.35999999999999,0.0,48.239999999999995,0.0,17.82,
2020-01-01,Bihar,bihar,9.86,0.04,10.36,0.0,0.76,
2020-02-01,Bihar,bihar,9.86,0.04,10.36,0.0,0.76,
2020-03-01,Bihar,bihar,14.79,0.06,15.54,0.0,1.14,
2020-04-01,Bihar,bihar,19.72,0.08,20.72,0.0,1.52,
2020-05-01,Bihar,bihar,24.650000000000002,0.1,25.900000000000002,0.0,1.9000000000000001,
2020-06-01,Bihar,bihar,39.44,0.16,41.44,0.0,3.04,
2020-07-01,Bihar,bihar,88.74,0.36,93.24,0.0,6.84,
2020-08-01,Bihar,bihar,108.46,0.44,113.96,0.0,8.36,
2020-09-01,Bihar,bihar,88.74,0.36,93.24,0.0,6.84,
2020-10-01,Bihar,bihar,49.300000000000004,0.2,51.800000000000004,0.0,3.8000000000000003,
2020-11-01,Bihar,bihar,24.650000000000002,0.1,25.900000000000002,0.0,1.9000000000000001,
2020-12-01,Bihar,bihar,14.79,0.06,15.54,0.0,1.14,
2021-01-01,Bihar,bihar,12.66,0.04,12.94,0.0,0.8,
2021-02-01,Bihar,bihar,12.66,0.04,12.94,0.0,0.8,
2021-03-01,Bihar,bihar,18.99,0.06,19.41,0.0,1.2,
2021-04-01,Bihar,bihar,25.32,0.08,25.88,0.0,1.6,
2021-05-01,Bihar,bihar,31.650000000000002,0.1,32.35,0.0,2.0,
2021-06-01,Bihar,bihar,50.64,0.16,51.76,0.0,3.2,
2021-07-01,Bihar,bihar,113.94,0.36,116.46,0.0,7.199999999999999,
2021-08-01,Bihar,bihar,139.26,0.44,142.34,0.0,8.8,
2021-09-01,Bihar,bihar,113.94,0.36,116.46,0.0,7.199999999999999,
2021-10-01,Bihar,bihar,63.300000000000004,0.2,64.7,0.0,4.0,
2021-11-01,Bihar,bihar,31.650000000000002,0.1,32.35,0.0,2.0,
2021-12-01,Bihar,bihar,18.99,0.06,19.41,0.0,1.2,
2022-01-01,Bihar,bihar,265.62,0.64,10.78,0.0,1.26,
2022-02-01,Bihar,bihar,265.62,0.64,10.78,0.0,1.26,
2022-03-01,Bihar,bihar,398.43,0.96,16.169999999999998,0.0,1.89,
2022-04-01,Bihar,bihar,531.24,1.28,21.56,0.0,2.52,
2022-05-01,Bihar,bihar,664.0500000000001,1.6,26.950000000000003,0.0,3.1500000000000004,
2022-06-01,Bihar,bihar,1062.48,2.56,43.12,0.0,5.04,
2022-07-01,Bihar,bihar,2390.58,5.76,97.02,0.0,11.34,
2022-08-01,Bihar,bihar,2921.82,7.04,118.58,0.0,13.86,
2022-09-01,Bihar,bihar,2390.58,5.76,97.02,0.0,11.34,
2022-10-01,Bihar,bihar,1328.1000000000001,3.2,53.900000000000006,0.0,6.300000000000001,
2022-11-01,Bihar,bihar,664.0500000000001,1.6,26.950000000000003,0.0,3.1500000000000004,
2022-12-01,Bihar,bihar,398.43,0.96,16.169999999999998,0.0,1.89,
1999-01-01,Chandigarh,chandigarh,0.0,0.0,,,,
1999-02-01,Chandigarh,chandigarh,0.0,0.0,,,,
1999-03-01,Chandigarh,chandigarh,0.0,0.0,,,,
1999-04-01,Chandigarh,chandigarh,0.0,0.0,,,,
1999-05-01,Chandigarh,chandigarh,0.0,0.0,,,,
1999-06-01,Chandigarh,chandigarh,0.0,0.0,,,,
1999-07-01,Chandigarh,chandigarh,0.0,0.0,,,,
1999-08-01,Chandigarh,chandigarh,0.0,0.0,,,,
1999-09-01,Chandigarh,chandigarh,0.0,0.0,,,,
1999-10-01,Chandigarh,chandigarh,0.0,0.0,,,,
1999-11-01,Chandigarh,chandigarh,0.0,0.0,,,,
1999-12-01,Chandigarh,chandigarh,0.0,0.0,,,,
2000-01-01,Chandigarh,chandigarh,0.0,0.0,,,,
2000-02-01,Chandigarh,chandigarh,0.0,0.0,,,,
2000-03-01,Chandigarh,chandigarh,0.0,0.0,,,,
2000-04-01,Chandigarh,chandigarh,0.0,0.0,,,,
2000-05-01,Chandigarh,chandigarh,0.0,0.0,,,,
2000-06-01,Chandigarh,chandigarh,0.0,0.0,,,,
2000-07-01,Chandigarh,chandigarh,0.0,0.0,,,,
2000-08-01,Chandigarh,chandigarh,0.0,0.0,,,,
2000-09-01,Chandigarh,chandigarh,0.0,0.0,,,,
2000-10-01,Chandigarh,chandigarh,0.0,0.0,,,,
2000-11-01,Chandigarh,chandigarh,0.0,0.0,,,,
2000-12-01,Chandigarh,chandigarh,0.0,0.0,,,,
2001-01-01,Chandigarh,chandigarh,0.0,0.0,5.96,0.0,,
2001-02-01,Chandigarh,chandigarh,0.0,0.0,5.96,0.0,,
2001-03-01,Chandigarh,chandigarh,0.0,0.0,8.94,0.0,,
2001-04-01,Chandigarh,chandigarh,0.0,0.0,11.92,0.0,,
2001-05-01,Chandigarh,chandigarh,0.0,0.0,14.9,0.0,,
2001-06-01,Chandigarh,chandigarh,0.0,0.0,23.84,0.0,,
2001-07-01,Chandigarh,chandigarh,0.0,0.0,53.64,0.0,,
2001-08-01,Chandigarh,chandigarh,0.0,0.0,65.56,0.0,,
2001-09-01,Chandigarh,chandigarh,0.0,0.0,53.64,0.0,,
2001-10-01,Chandigarh,chandigarh,0.0,0.0,29.8,0.0,,
2001-11-01,Chandigarh,chandigarh,0.0,0.0,14.9,0.0,,
2001-12-01,Chandigarh,chandigarh,0.0,0.0,8.94,0.0,,
2002-01-01,Chandigarh,chandigarh,0.3,0.0,3.14,0.0,,
2002-02-01,Chandigarh,chandigarh,0.3,0.0,3.14,0.0,,
2002-03-01,Chandigarh,chandigarh,0.44999999999999996,0.0,4.71,0.0,,
2002-04-01,Chandigarh,chandigarh,0.6,0.0,6.28,0.0,,
2002-05-01,Chandigarh,chandigarh,0.75,0.0,7.8500000000000005,0.0,,
2002-06-01,Chandigarh,chandigarh,1.2,0.0,12.56,0.0,,
2002-07-01,Chandigarh,chandigarh,2.6999999999999997,0.0,28.259999999999998,0.0,,
2002-08-01,Chandigarh,chandigarh,3.3,0.0,34.54,0.0,,
2002-09-01,Chandigarh,chandigarh,2.6999999999999997,0.0,28.259999999999998,0.0,,
2002-10-01,Chandigarh,chandigarh,1.5,0.0,15.700000000000001,0.0,,
2002-11-01,Chandigarh,chandigarh,0.75,0.0,7.8500000000000005,0.0,,
2002-12-01,Chandigarh,chandigarh,0.44999999999999996,0.0,4.71,0.0,,
2003-01-01,Chandigarh,chandigarh,0.0,0.0,1.68,0.0,,
2003-02-01,Chandigarh,chandigarh,0.0,0.0,1.68,0.0,,
2003-03-01,Chandigarh,chandigarh,0.0,0.0,2.52,0.0,,
2003-04-01,Chandigarh,chandigarh,0.0,0.0,3.36,0.0,,
2003-05-01,Chandigarh,chandigarh,0.0,0.0,4.2,0.0,,
2003-06-01,Chandigarh,chandigarh,0.0,0.0,6.72,0.0,,
2003-07-01,Chandigarh,chandigarh,0.0,0.0,15.12,0.0,,
2003-08-01,Chandigarh,chandigarh,0.0,0.0,18.48,0.0,,
2003-09-01,Chandigarh,chandigarh,0.0,0.0,15.12,0.0,,
2003-10-01,Chandigarh,chandigarh,0.0,0.0,8.4,0.0,,
2003-11-01,Chandigarh,chandigarh,0.0,0.0,4.2,0.0,,
2003-12-01,Chandigarh,chandigarh,0.0,0.0,2.52,0.0,,
2004-01-01,Chandigarh,chandigarh,0.0,0.0,3.98,0.0,,
2004-02-01,Chandigarh,chandigarh,0.0,0.0,3.98,0.0,,
2004-03-01,Chandigarh,chandigarh,0.0,0.0,5.97,0.0,,
2004-04-01,Chandigarh,chandigarh,0.0,0.0,7.96,0.0,,
2004-05-01,Chandigarh,chandigarh,0.0,0.0,9.950000000000001,0.0,,
2004-06-01,Chandigarh,chandigarh,0.0,0.0,15.92,0.0,,
2004-07-01,Chandigarh,chandigarh,0.0,0.0,35.82,0.0,,
2004-08-01,Chandigarh,chandigarh,0.0,0.0,43.78,0.0,,
2004-09-01,Chandigarh,chandigarh,0.0,0.0,35.82,0.0,,
2004-10-01,Chandigarh,chandigarh,0.0,0.0,19.900000000000002,0.0,,
2004-11-01,Chandigarh,chandigarh,0.0,0.0,9.950000000000001,0.0,,
2004-12-01,Chandigarh,chandigarh,0.0,0.0,5.97,0.0,,
2005-01-01,Chandigarh,chandigarh,0.04,0.0,8.64,0.0,,
2005-02-01,Chandigarh,chandigarh,0.04,0.0,8.64,0.0,,
2005-03-01,Chandigarh,chandigarh,0.06,0.0,12.959999999999999,0.0,,
2005-04-01,Chandigarh,chandigarh,0.08,0.0,17.28,0.0,,
2005-05-01,Chandigarh,chandigarh,0.1,0.0,21.6,0.0,,
2005-06-01,Chandigarh,chandigarh,0.16,0.0,34.56,0.0,,
2005-07-01,Chandigarh,chandigarh,0.36,0.0,77.75999999999999,0.0,,
2005-08-01,Chandigarh,chandigarh,0.44,0.0,95.04,0.0,,
2005-09-01,Chandigarh,chandigarh,0.36,0.0,77.75999999999999,0.0,,
2005-10-01,Chandigarh,chandigarh,0.2,0.0,43.2,0.0,,
2005-11-01,Chandigarh,chandigarh,0.1,0.0,21.6,0.0,,
2005-12-01,Chandigarh,chandigarh,0.06,0.0,12.959999999999999,0.0,,
2006-01-01,Chandigarh,chandigarh,3.64,0.0,8.98,0.0,,
2006-02-01,Chandigarh,chandigarh,3.64,0.0,8.98,0.0,,
2006-03-01,Chandigarh,chandigarh,5.46,0.0,13.469999999999999,0.0,,
2006-04-01,Chandigarh,chandigarh,7.28,0.0,17.96,0.0,,
2006-05-01,Chandigarh,chandigarh,9.1,0.0,22.450000000000003,0.0,,
2006-06-01,Chandigarh,chandigarh,14.56,0.0,35.92,0.0,,
2006-07-01,Chandigarh,chandigarh,32.76,0.0,80.82,0.0,,
2006-08-01,Chandigarh,chandigarh,40.04,0.0,98.78,0.0,,
2006-09-01,Chandigarh,chandigarh,32.76,0.0,80.82,0.0,,
2006-10-01,Chandigarh,chandigarh,18.2,0.0,44.900000000000006,0.0,,
2006-11-01,Chandigarh,chandigarh,9.1,0.0,22.450000000000003,0.0,,
2006-12-01,Chandigarh,chandigarh,5.46,0.0,13.469999999999999,0.0,,
2007-01-01,Chandigarh,chandigarh,1.98,0.0,6.8,0.0,,
2007-02-01,Chandigarh,chandigarh,1.98,0.0,6.8,0.0,,
2007-03-01,Chandigarh,chandigarh,2.9699999999999998,0.0,10.2,0.0,,
2007-04-01,Chandigarh,chandigarh,3.96,0.0,13.6,0.0,,
2007-05-01,Chandigarh,chandigarh,4.95,0.0,17.0,0.0,,
2007-06-01,Chandigarh,chandigarh,7.92,0.0,27.2,0.0,,
2007-07-01,Chandigarh,chandigarh,17.82,0.0,61.199999999999996,0.0,,
2007-08-01,Chandigarh,chandigarh,21.78,0.0,74.8,0.0,,
2007-09-01,Chandigarh,chandigarh,17.82,0.0,61.199999999999996,0.0,,
2007-10-01,Chandigarh,chandigarh,9.9,0.0,34.0,0.0,,
2007-11-01,Chandigarh,chandigarh,4.95,0.0,17.0,0.0,,
2007-12-01,Chandigarh,chandigarh,2.9699999999999998,0.0,10.2,0.0,,
2008-01-01,Chandigarh,chandigarh,3.34,0.0,6.94,0.0,0.0,
2008-02-01,Chandigarh,chandigarh,3.34,0.0,6.94,0.0,0.0,
2008-03-01,Chandigarh,chandigarh,5.01,0.0,10.41,0.0,0.0,
2008-04-01,Chandigarh,chandigarh,6.68,0.0,13.88,0.0,0.0,
2008-05-01,Chandigarh,chandigarh,8.35,0.0,17.35,0.0,0.0,
2008-06-01,Chandigarh,chandigarh,13.36,0.0,27.76,0.0,0.0,
2008-07-01,Chandigarh,chandigarh,30.06,0.0,62.46,0.0,0.0,
2008-08-01,Chandigarh,chandigarh,36.74,0.0,76.34,0.0,0.0,
2008-09-01,Chandigarh,chandigarh,30.06,0.0,62.46,0.0,0.0,
2008-10-01,Chandigarh,chandigarh,16.7,0.0,34.7,0.0,0.0,
2008-11-01,Chandigarh,chandigarh,8.35,0.0,17.35,0.0,0.0,
2008-12-01,Chandigarh,chandigarh,5.01,0.0,10.41,0.0,0.0,
2009-01-01,Chandigarh,chandigarh,0.5,0.0,8.6,0.0,0.0,
2009-02-01,Chandigarh,chandigarh,0.5,0.0,8.6,0.0,0.0,
2009-03-01,Chandigarh,chandigarh,0.75,0.0,12.9,0.0,0.0,
2009-04-01,Chandigarh,chandigarh,1.0,0.0,17.2,0.0,0.0,
2009-05-01,Chandigarh,chandigarh,1.25,0.0,21.5,0.0,0.0,
2009-06-01,Chandigarh,chandigarh,2.0,0.0,34.4,0.0,0.0,
2009-07-01,Chandigarh,chandigarh,4.5,0.0,77.39999999999999,0.0,0.0,
2009-08-01,Chandigarh,chandigarh,5.5,0.0,94.6,0.0,0.0,
2009-09-01,Chandigarh,chandigarh,4.5,0.0,77.39999999999999,0.0,0.0,
2009-10-01,Chandigarh,chandigarh,2.5,0.0,43.0,0.0,0.0,
2009-11-01,Chandigarh,chandigarh,1.25,0.0,21.5,0.0,0.0,
2009-12-01,Chandigarh,chandigarh,0.75,0.0,12.9,0.0,0.0,
2010-01-01,Chandigarh,chandigarh,4.42,0.0,7.0200000000000005,0.0,0.0,
2010-02-01,Chandigarh,chandigarh,4.42,0.0,7.0200000000000005,0.0,0.0,
2010-03-01,Chandigarh,chandigarh,6.63,0.0,10.53,0.0,0.0,
2010-04-01,Chandigarh,chandigarh,8.84,0.0,14.040000000000001,0.0,0.0,
2010-05-01,Chandigarh,chandigarh,11.05,0.0,17.55,0.0,0.0,
2010-06-01,Chandigarh,chandigarh,17.68,0.0,28.080000000000002,0.0,0.0,
2010-07-01,Chandigarh,chandigarh,39.78,0.0,63.18,0.0,0.0,
2010-08-01,Chandigarh,chandigarh,48.62,0.0,77.22,0.0,0.0,
2010-09-01,Chandigarh,chandigarh,39.78,0.0,63.18,0.0,0.0,
2010-10-01,Chandigarh,chandigarh,22.1,0.0,35.1,0.0,0.0,
2010-11-01,Chandigarh,chandigarh,11.05,0.0,17.55,0.0,0.0,
2010-12-01,Chandigarh,chandigarh,6.63,0.0,10.53,0.0,0.0,
2011-01-01,Chandigarh,chandigarh,1.46,0.0,11.64,0.0,0.02,
2011-02-01,Chandigarh,chandigarh,1.46,0.0,11.64,0.0,0.02,
2011-03-01,Chandigarh,chandigarh,2.19,0.0,17.46,0.0,0.03,
2011-04-01,Chandigarh,chandigarh,2.92,0.0,23.28,0.0,0.04,
2011-05-01,Chandigarh,chandigarh,3.6500000000000004,0.0,29.1,0.0,0.05,
2011-06-01,Chandigarh,chandigarh,5.84,0.0,46.56,0.0,0.08,
2011-07-01,Chandigarh,chandigarh,13.139999999999999,0.0,104.75999999999999,0.0,0.18,
2011-08-01,Chandigarh,chandigarh,16.06,0.0,128.04,0.0,0.22,
2011-09-01,Chandigarh,chandigarh,13.139999999999999,0.0,104.75999999999999,0.0,0.18,
2011-10-01,Chandigarh,chandigarh,7.300000000000001,0.0,58.2,0.0,0.1,
2011-11-01,Chandigarh,chandigarh,3.6500000000000004,0.0,29.1,0.0,0.05,
2011-12-01,Chandigarh,chandigarh,2.19,0.0,17.46,0.0,0.03,
2012-01-01,Chandigarh,chandigarh,7.0200000000000005,0.04,4.0200000000000005,0.0,0.02,
2012-02-01,Chandigarh,chandigarh,7.0200000000000005,0.04,4.0200000000000005,0.0,0.02,
2012-03-01,Chandigarh,chandigarh,10.53,0.06,6.029999999999999,0.0,0.03,
2012-04-01,Chandigarh,chandigarh,14.040000000000001,0.08,8.040000000000001,0.0,0.04,
2012-05-01,Chandigarh,chandigarh,17.55,0.1,10.05,0.0,0.05,
2012-06-01,Chandigarh,chandigarh,28.080000000000002,0.16,16.080000000000002,0.0,0.08,
2012-07-01,Chandigarh,chandigarh,63.18,0.36,36.18,0.0,0.18,
2012-08-01,Chandigarh,chandigarh,77.22,0.44,44.22,0.0,0.22,
2012-09-01,Chandigarh,chandigarh,63.18,0.36,36.18,0.0,0.18,
2012-10-01,Chandigarh,chandigarh,35.1,0.2,20.1,0.0,0.1,
2012-11-01,Chandigarh,chandigarh,17.55,0.1,10.05,0.0,0.05,
2012-12-01,Chandigarh,chandigarh,10.53,0.06,6.029999999999999,0.0,0.03,
2013-01-01,Chandigarh,chandigarh,2.14,0.0,3.0,0.0,0.02,
2013-02-01,Chandigarh,chandigarh,2.14,0.0,3.0,0.0,0.02,
2013-03-01,Chandigarh,chandigarh,3.21,0.0,4.5,0.0,0.03,
2013-04-01,Chandigarh,chandigarh,4.28,0.0,6.0,0.0,0.04,
2013-05-01,Chandigarh,chandigarh,5.3500000000000005,0.0,7.5,0.0,0.05,
2013-06-01,Chandigarh,chandigarh,8.56,0.0,12.0,0.0,0.08,
2013-07-01,Chandigarh,chandigarh,19.259999999999998,0.0,27.0,0.0,0.18,
2013-08-01,Chandigarh,chandigarh,23.54,0.0,33.0,0.0,0.22,
2013-09-01,Chandigarh,chandigarh,19.259999999999998,0.0,27.0,0.0,0.18,
2013-10-01,Chandigarh,chandigarh,10.700000000000001,0.0,15.0,0.0,0.1,
2013-11-01,Chandigarh,chandigarh,5.3500000000000005,0.0,7.5,0.0,0.05,
2013-12-01,Chandigarh,chandigarh,3.21,0.0,4.5,0.0,0.03,
2014-01-01,Chandigarh,chandigarh,,,2.2800000000000002,0.0,0.0,
2014-02-01,Chandigarh,chandigarh,,,2.2800000000000002,0.0,0.0,
2014-03-01,Chandigarh,chandigarh,,,3.42,0.0,0.0,
2014-04-01,Chandigarh,chandigarh,,,4.5600000000000005,0.0,0.0,
2014-05-01,Chandigarh,chandigarh,,,5.7,0.0,0.0,
2014-06-01,Chandigarh,chandigarh,,,9.120000000000001,0.0,0.0,
2014-07-01,Chandigarh,chandigarh,,,20.52,0.0,0.0,
2014-08-01,Chandigarh,chandigarh,,,25.080000000000002,0.0,0.0,
2014-09-01,Chandigarh,chandigarh,,,20.52,0.0,0.0,
2014-10-01,Chandigarh,chandigarh,,,11.4,0.0,0.0,
2014-11-01,Chandigarh,chandigarh,,,5.7,0.0,0.0,
2014-12-01,Chandigarh,chandigarh,,,3.42,0.0,0.0,
2015-01-01,Chandigarh,chandigarh,,,3.04,0.02,0.02,
2015-02-01,Chandigarh,chandigarh,,,3.04,0.02,0.02,
2015-03-01,Chandigarh,chandigarh,,,4.56,0.03,0.03,
2015-04-01,Chandigarh,chandigarh,,,6.08,0.04,0.04,
2015-05-01,Chandigarh,chandigarh,,,7.6000000000000005,0.05,0.05,
2015-06-01,Chandigarh,chandigarh,,,12.16,0.08,0.08,
2015-07-01,Chandigarh,chandigarh,,,27.36,0.18,0.18,
2015-08-01,Chandigarh,chandigarh,,,33.44,0.22,0.22,
2015-09-01,Chandigarh,chandigarh,,,27.36,0.18,0.18,
2015-10-01,Chandigarh,chandigarh,,,15.200000000000001,0.1,0.1,
2015-11-01,Chandigarh,chandigarh,,,7.6000000000000005,0.05,0.05,
2015-12-01,Chandigarh,chandigarh,,,4.56,0.03,0.03,
2016-01-01,Chandigarh,chandigarh,,,3.14,0.0,57.14,
2016-02-01,Chandigarh,chandigarh,,,3.14,0.0,57.14,
2016-03-01,Chandigarh,chandigarh,,,4.71,0.0,85.71,
2016-04-01,Chandigarh,chandigarh,,,6.28,0.0,114.28,
2016-05-01,Chandigarh,chandigarh,,,7.8500000000000005,0.0,142.85,
2016-06-01,Chandigarh,chandigarh,,,12.56,0.0,228.56,
2016-07-01,Chandigarh,chandigarh,,,28.259999999999998,0.0,514.26,
2016-08-01,Chandigarh,chandigarh,,,34.54,0.0,628.54,
2016-09-01,Chandigarh,chandigarh,,,28.259999999999998,0.0,514.26,
2016-10-01,Chandigarh,chandigarh,,,15.700000000000001,0.0,285.7,
2016-11-01,Chandigarh,chandigarh,,,7.8500000000000005,0.0,142.85,
2016-12-01,Chandigarh,chandigarh,,,4.71,0.0,85.71,
2017-01-01,Chandigarh,chandigarh,22.5,0.0,2.2800000000000002,0.0,36.2,
2017-02-01,Chandigarh,chandigarh,22.5,0.0,2.2800000000000002,0.0,36.2,
2017-03-01,Chandigarh,chandigarh,33.75,0.0,3.42,0.0,54.3,
2017-04-01,Chandigarh,chandigarh,45.0,0.0,4.5600000000000005,0.0,72.4,
2017-05-01,Chandigarh,chandigarh,56.25,0.0,5.7,0.0,90.5,
2017-06-01,Chandigarh,chandigarh,90.0,0.0,9.120000000000001,0.0,144.8,
2017-07-01,Chandigarh,chandigarh,202.5,0.0,20.52,0.0,325.8,
2017-08-01,Chandigarh,chandigarh,247.5,0.0,25.080000000000002,0.0,398.2,
2017-09-01,Chandigarh,chandigarh,202.5,0.0,20.52,0.0,325.8,
2017-10-01,Chandigarh,chandigarh,112.5,0.0,11.4,0.0,181.0,
2017-11-01,Chandigarh,chandigarh,56.25,0.0,5.7,0.0,90.5,
2017-12-01,Chandigarh,chandigarh,33.75,0.0,3.42,0.0,54.3,
2018-01-01,Chandigarh,chandigarh,6.0200000000000005,0.0,0.88,0.0,7.140000000000001,
2018-02-01,Chandigarh,chandigarh,6.0200000000000005,0.0,0.88,0.0,7.140000000000001,
2018-03-01,Chandigarh,chandigarh,9.03,0.0,1.3199999999999998,0.0,10.709999999999999,
2018-04-01,Chandigarh,chandigarh,12.040000000000001,0.0,1.76,0.0,14.280000000000001,
2018-05-01,Chandigarh,chandigarh,15.05,0.0,2.2,0.0,17.85,
2018-06-01,Chandigarh,chandigarh,24.080000000000002,0.0,3.52,0.0,28.560000000000002,
2018-07-01,Chandigarh,chandigarh,54.18,0.0,7.92,0.0,64.25999999999999,
2018-08-01,Chandigarh,chandigarh,66.22,0.0,9.68,0.0,78.54,
2018-09-01,Chandigarh,chandigarh,54.18,0.0,7.92,0.0,64.25999999999999,
2018-10-01,Chandigarh,chandigarh,30.1,0.0,4.4,0.0,35.7,
2018-11-01,Chandigarh,chandigarh,15.05,0.0,2.2,0.0,17.85,
2018-12-01,Chandigarh,chandigarh,9.03,0.0,1.3199999999999998,0.0,10.709999999999999,
2019-01-01,Chandigarh,chandigarh,5.72,0.0,0.44,0.0,1.6400000000000001,
2019-02-01,Chandigarh,chandigarh,5.72,0.0,0.44,0.0,1.6400000000000001,
2019-03-01,Chandigarh,chandigarh,8.58,0.0,0.6599999999999999,0.0,2.46,
2019-04-01,Chandigarh,chandigarh,11.44,0.0,0.88,0.0,3.2800000000000002,
2019-05-01,Chandigarh,chandigarh,14.3,0.0,1.1,0.0,4.1000000000000005,
2019-06-01,Chandigarh,chandigarh,22.88,0.0,1.76,0.0,6.5600000000000005,
2019-07-01,Chandigarh,chandigarh,51.48,0.0,3.96,0.0,14.76,
2019-08-01,Chandigarh,chandigarh,62.92,0.0,4.84,0.0,18.04,
2019-09-01,Chandigarh,chandigarh,51.48,0.0,3.96,0.0,14.76,
2019-10-01,Chandigarh,chandigarh,28.6,0.0,2.2,0.0,8.200000000000001,
2019-11-01,Chandigarh,chandigarh,14.3,0.0,1.1,0.0,4.1000000000000005,
2019-12-01,Chandigarh,chandigarh,8.58,0.0,0.6599999999999999,0.0,2.46,
2020-01-01,Chandigarh,chandigarh,5.3,0.0,0.14,0.0,0.0,
2020-02-01,Chandigarh,chandigarh,5.3,0.0,0.14,0.0,0.0,
2020-03-01,Chandigarh,chandigarh,7.949999999999999,0.0,0.21,0.0,0.0,
2020-04-01,Chandigarh,chandigarh,10.6,0.0,0.28,0.0,0.0,
2020-05-01,Chandigarh,chandigarh,13.25,0.0,0.35000000000000003,0.0,0.0,
2020-06-01,Chandigarh,chandigarh,21.2,0.0,0.56,0.0,0.0,
2020-07-01,Chandigarh,chandigarh,47.699999999999996,0.0,1.26,0.0,0.0,
2020-08-01,Chandigarh,chandigarh,58.3,0.0,1.54,0.0,0.0,
2020-09-01,Chandigarh,chandigarh,47.699999999999996,0.0,1.26,0.0,0.0,
2020-10-01,Chandigarh,chandigarh,26.5,0.0,0.7000000000000001,0.0,0.0,
2020-11-01,Chandigarh,chandigarh,13.25,0.0,0.35000000000000003,0.0,0.0,
2020-12-01,Chandigarh,chandigarh,7.949999999999999,0.0,0.21,0.0,0.0,
2021-01-01,Chandigarh,chandigarh,31.92,0.06,0.12,0.0,7.94,
2021-02-01,Chandigarh,chandigarh,31.92,0.06,0.12,0.0,7.94,
2021-03-01,Chandigarh,chandigarh,47.879999999999995,0.09,0.18,0.0,11.91,
2021-04-01,Chandigarh,chandigarh,63.84,0.12,0.24,0.0,15.88,
2021-05-01,Chandigarh,chandigarh,79.80000000000001,0.15000000000000002,0.30000000000000004,0.0,19.85,
2021-06-01,Chandigarh,chandigarh,127.68,0.24,0.48,0.0,31.76,
2021-07-01,Chandigarh,chandigarh,287.28,0.54,1.08,0.0,71.46,
2021-08-01,Chandigarh,chandigarh,351.12,0.66,1.32,0.0,87.34,
2021-09-01,Chandigarh,chandigarh,287.28,0.54,1.08,0.0,71.46,
2021-10-01,Chandigarh,chandigarh,159.60000000000002,0.30000000000000004,0.6000000000000001,0.0,39.7,
2021-11-01,Chandigarh,chandigarh,79.80000000000001,0.15000000000000002,0.30000000000000004,0.0,19.85,
2021-12-01,Chandigarh,chandigarh,47.879999999999995,0.09,0.18,0.0,11.91,
2022-01-01,Chandigarh,chandigarh,18.2,0.02,0.02,0.0,3.06,
2022-02-01,Chandigarh,chandigarh,18.2,0.02,0.02,0.0,3.06,
2022-03-01,Chandigarh,chandigarh,27.3,0.03,0.03,0.0,4.59,
2022-04-01,Chandigarh,chandigarh,36.4,0.04,0.04,0.0,6.12,
2022-05-01,Chandigarh,chandigarh,45.5,0.05,0.05,0.0,7.65,
2022-06-01,Chandigarh,chandigarh,72.8,0.08,0.08,0.0,12.24,
2022-07-01,Chandigarh,chandigarh,163.79999999999998,0.18,0.18,0.0,27.54,
2022-08-01,Chandigarh,chandigarh,200.2,0.22,0.22,0.0,33.660000000000004,
2022-09-01,Chandigarh,chandigarh,163.79999999999998,0.18,0.18,0.0,27.54,
2022-10-01,Chandigarh,chandigarh,91.0,0.1,0.1,0.0,15.3,
2022-11-01,Chandigarh,chandigarh,45.5,0.05,0.05,0.0,7.65,
2022-12-01,Chandigarh,chandigarh,27.3,0.03,0.03,0.0,4.59,
2001-01-01,Chhattisgarh,chhattisgarh,,,5813.32,0.64,,
2001-02-01,Chhattisgarh,chhattisgarh,,,5813.32,0.64,,
2001-03-01,Chhattisgarh,chhattisgarh,,,8719.98,0.96,,
2001-04-01,Chhattisgarh,chhattisgarh,,,11626.64,1.28,,
2001-05-01,Chhattisgarh,chhattisgarh,,,14533.300000000001,1.6,,
2001-06-01,Chhattisgarh,chhattisgarh,,,23253.28,2.56,,
2001-07-01,Chhattisgarh,chhattisgarh,,,52319.88,5.76,,
2001-08-01,Chhattisgarh,chhattisgarh,,,63946.52,7.04,,
2001-09-01,Chhattisgarh,chhattisgarh,,,52319.88,5.76,,
2001-10-01,Chhattisgarh,chhattisgarh,,,29066.600000000002,3.2,,
2001-11-01,Chhattisgarh,chhattisgarh,,,14533.300000000001,1.6,,
2001-12-01,Chhattisgarh,chhattisgarh,,,8719.98,0.96,,
2002-01-01,Chhattisgarh,chhattisgarh,,,4708.68,0.06,,
2002-02-01,Chhattisgarh,chhattisgarh,,,4708.68,0.06,,
2002-03-01,Chhattisgarh,chhattisgarh,,,7063.0199999999995,0.09,,
2002-04-01,Chhattisgarh,chhattisgarh,,,9417.36,0.12,,
2002-05-01,Chhattisgarh,chhattisgarh,,,11771.7,0.15000000000000002,,
2002-06-01,Chhattisgarh,chhattisgarh,,,18834.72,0.24,,
2002-07-01,Chhattisgarh,chhattisgarh,,,42378.119999999995,0.54,,
2002-08-01,Chhattisgarh,chhattisgarh,,,51795.48,0.66,,
2002-09-01,Chhattisgarh,chhattisgarh,,,42378.119999999995,0.54,,
2002-10-01,Chhattisgarh,chhattisgarh,,,23543.4,0.30000000000000004,,
2002-11-01,Chhattisgarh,chhattisgarh,,,11771.7,0.15000000000000002,,
2002-12-01,Chhattisgarh,chhattisgarh,,,7063.0199999999995,0.09,,
2003-01-01,Chhattisgarh,chhattisgarh,,,3888.38,0.08,,
2003-02-01,Chhattisgarh,chhattisgarh,,,3888.38,0.08,,
2003-03-01,Chhattisgarh,chhattisgarh,,,5832.57,0.12,,
2003-04-01,Chhattisgarh,chhattisgarh,,,7776.76,0.16,,
2003-05-01,Chhattisgarh,chhattisgarh,,,9720.95,0.2,,
2003-06-01,Chhattisgarh,chhattisgarh,,,15553.52,0.32,,
2003-07-01,Chhattisgarh,chhattisgarh,,,34995.42,0.72,,
2003-08-01,Chhattisgarh,chhattisgarh,,,42772.18,0.88,,
2003-09-01,Chhattisgarh,chhattisgarh,,,34995.42,0.72,,
2003-10-01,Chhattisgarh,chhattisgarh,,,19441.9,0.4,,
2003-11-01,Chhattisgarh,chhattisgarh,,,9720.95,0.2,,
2003-12-01,Chhattisgarh,chhattisgarh,,,5832.57,0.12,,
2004-01-01,Chhattisgarh,chhattisgarh,,,3885.12,0.08,,
2004-02-01,Chhattisgarh,chhattisgarh,,,3885.12,0.08,,
2004-03-01,Chhattisgarh,chhattisgarh,,,5827.679999999999,0.12,,
2004-04-01,Chhattisgarh,chhattisgarh,,,7770.24,0.16,,
2004-05-01,Chhattisgarh,chhattisgarh,,,9712.800000000001,0.2,,
2004-06-01,Chhattisgarh,chhattisgarh,,,15540.48,0.32,,
2004-07-01,Chhattisgarh,chhattisgarh,,,34966.08,0.72,,
2004-08-01,Chhattisgarh,chhattisgarh,,,42736.32,0.88,,
2004-09-01,Chhattisgarh,chhattisgarh,,,34966.08,0.72,,
2004-10-01,Chhattisgarh,chhattisgarh,,,19425.600000000002,0.4,,
2004-11-01,Chhattisgarh,chhattisgarh,,,9712.800000000001,0.2,,
2004-12-01,Chhattisgarh,chhattisgarh,,,5827.679999999999,0.12,,
2005-01-01,Chhattisgarh,chhattisgarh,,,3759.0,0.06,,
2005-02-01,Chhattisgarh,chhattisgarh,,,3759.0,0.06,,
2005-03-01,Chhattisgarh,chhattisgarh,,,5638.5,0.09,,
2005-04-01,Chhattisgarh,chhattisgarh,,,7518.0,0.12,,
2005-05-01,Chhattisgarh,chhattisgarh,,,9397.5,0.15000000000000002,,
2005-06-01,Chhattisgarh,chhattisgarh,,,15036.0,0.24,,
2005-07-01,Chhattisgarh,chhattisgarh,,,33831.0,0.54,,
2005-08-01,Chhattisgarh,chhattisgarh,,,41349.0,0.66,,
2005-09-01,Chhattisgarh,chhattisgarh,,,33831.0,0.54,,
2005-10-01,Chhattisgarh,chhattisgarh,,,18795.0,0.30000000000000004,,
2005-11-01,Chhattisgarh,chhattisgarh,,,9397.5,0.15000000000000002,,
2005-12-01,Chhattisgarh,chhattisgarh,,,5638.5,0.09,,
2006-01-01,Chhattisgarh,chhattisgarh,0.0,0.0,3811.8,0.06,,
2006-02-01,Chhattisgarh,chhattisgarh,0.0,0.0,3811.8,0.06,,
2006-03-01,Chhattisgarh,chhattisgarh,0.0,0.0,5717.7,0.09,,
2006-04-01,Chhattisgarh,chhattisgarh,0.0,0.0,7623.6,0.12,,
2006-05-01,Chhattisgarh,chhattisgarh,0.0,0.0,9529.5,0.15000000000000002,,
2006-06-01,Chhattisgarh,chhattisgarh,0.0,0.0,15247.2,0.24,,
2006-07-01,Chhattisgarh,chhattisgarh,0.0,0.0,34306.2,0.54,,
2006-08-01,Chhattisgarh,chhattisgarh,0.0,0.0,41929.8,0.66,,
2006-09-01,Chhattisgarh,chhattisgarh,0.0,0.0,34306.2,0.54,,
2006-10-01,Chhattisgarh,chhattisgarh,0.0,0.0,19059.0,0.30000000000000004,,
2006-11-01,Chhattisgarh,chhattisgarh,0.0,0.0,9529.5,0.15000000000000002,,
2006-12-01,Chhattisgarh,chhattisgarh,0.0,0.0,5717.7,0.09,,
2007-01-01,Chhattisgarh,chhattisgarh,0.0,0.0,2950.5,0.0,,
2007-02-01,Chhattisgarh,chhattisgarh,0.0,0.0,2950.5,0.0,,
2007-03-01,Chhattisgarh,chhattisgarh,0.0,0.0,4425.75,0.0,,
2007-04-01,Chhattisgarh,chhattisgarh,0.0,0.0,5901.0,0.0,,
2007-05-01,Chhattisgarh,chhattisgarh,0.0,0.0,7376.25,0.0,,
2007-06-01,Chhattisgarh,chhattisgarh,0.0,0.0,11802.0,0.0,,
2007-07-01,Chhattisgarh,chhattisgarh,0.0,0.0,26554.5,0.0,,
2007-08-01,Chhattisgarh,chhattisgarh,0.0,0.0,32455.5,0.0,,
2007-09-01,Chhattisgarh,chhattisgarh,0.0,0.0,26554.5,0.0,,
2007-10-01,Chhattisgarh,chhattisgarh,0.0,0.0,14752.5,0.0,,
2007-11-01,Chhattisgarh,chhattisgarh,0.0,0.0,7376.25,0.0,,
2007-12-01,Chhattisgarh,chhattisgarh,0.0,0.0,4425.75,0.0,,
2008-01-01,Chhattisgarh,chhattisgarh,0.0,0.0,2469.9,0.08,0.0,
2008-02-01,Chhattisgarh,chhattisgarh,0.0,0.0,2469.9,0.08,0.0,
2008-03-01,Chhattisgarh,chhattisgarh,0.0,0.0,3704.85,0.12,0.0,
2008-04-01,Chhattisgarh,chhattisgarh,0.0,0.0,4939.8,0.16,0.0,
2008-05-01,Chhattisgarh,chhattisgarh,0.0,0.0,6174.75,0.2,0.0,
2008-06-01,Chhattisgarh,chhattisgarh,0.0,0.0,9879.6,0.32,0.0,
2008-07-01,Chhattisgarh,chhattisgarh,0.0,0.0,22229.1,0.72,0.0,
2008-08-01,Chhattisgarh,chhattisgarh,0.0,0.0,27168.9,0.88,0.0,
2008-09-01,Chhattisgarh,chhattisgarh,0.0,0.0,22229.1,0.72,0.0,
2008-10-01,Chhattisgarh,chhattisgarh,0.0,0.0,12349.5,0.4,0.0,
2008-11-01,Chhattisgarh,chhattisgarh,0.0,0.0,6174.75,0.2,0.0,
2008-12-01,Chhattisgarh,chhattisgarh,0.0,0.0,3704.85,0.12,0.0,
2009-01-01,Chhattisgarh,chhattisgarh,0.52,0.14,2587.94,0.22,0.0,
2009-02-01,Chhattisgarh,chhattisgarh,0.52,0.14,2587.94,0.22,0.0,
2009-03-01,Chhattisgarh,chhattisgarh,0.78,0.21,3881.91,0.32999999999999996,0.0,
2009-04-01,Chhattisgarh,chhattisgarh,1.04,0.28,5175.88,0.44,0.0,
2009-05-01,Chhattisgarh,chhattisgarh,1.3,0.35000000000000003,6469.85,0.55,0.0,
2009-06-01,Chhattisgarh,chhattisgarh,2.08,0.56,10351.76,0.88,0.0,
2009-07-01,Chhattisgarh,chhattisgarh,4.68,1.26,23291.46,1.98,0.0,
2009-08-01,Chhattisgarh,chhattisgarh,5.72,1.54,28467.34,2.42,0.0,
2009-09-01,Chhattisgarh,chhattisgarh,4.68,1.26,23291.46,1.98,0.0,
2009-10-01,Chhattisgarh,chhattisgarh,2.6,0.7000000000000001,12939.7,1.1,0.0,
2009-11-01,Chhattisgarh,chhattisgarh,1.3,0.35000000000000003,6469.85,0.55,0.0,
2009-12-01,Chhattisgarh,chhattisgarh,0.78,0.21,3881.91,0.32999999999999996,0.0,
2010-01-01,Chhattisgarh,chhattisgarh,0.08,0.0,3044.18,0.9400000000000001,0.0,
2010-02-01,Chhattisgarh,chhattisgarh,0.08,0.0,3044.18,0.9400000000000001,0.0,
2010-03-01,Chhattisgarh,chhattisgarh,0.12,0.0,4566.2699999999995,1.41,0.0,
2010-04-01,Chhattisgarh,chhattisgarh,0.16,0.0,6088.36,1.8800000000000001,0.0,
2010-05-01,Chhattisgarh,chhattisgarh,0.2,0.0,7610.450000000001,2.35,0.0,
2010-06-01,Chhattisgarh,chhattisgarh,0.32,0.0,12176.72,3.7600000000000002,0.0,
2010-07-01,Chhattisgarh,chhattisgarh,0.72,0.0,27397.62,8.459999999999999,0.0,
2010-08-01,Chhattisgarh,chhattisgarh,0.88,0.0,33485.98,10.34,0.0,
2010-09-01,Chhattisgarh,chhattisgarh,0.72,0.0,27397.62,8.459999999999999,0.0,
2010-10-01,Chhattisgarh,chhattisgarh,0.4,0.0,15220.900000000001,4.7,0.0,
2010-11-01,Chhattisgarh,chhattisgarh,0.2,0.0,7610.450000000001,2.35,0.0,
2010-12-01,Chhattisgarh,chhattisgarh,0.12,0.0,4566.2699999999995,1.41,0.0,
2011-01-01,Chhattisgarh,chhattisgarh,6.26,0.22,2737.98,0.84,0.0,
2011-02-01,Chhattisgarh,chhattisgarh,6.26,0.22,2737.98,0.84,0.0,
2011-03-01,Chhattisgarh,chhattisgarh,9.389999999999999,0.32999999999999996,4106.97,1.26,0.0,
2011-04-01,Chhattisgarh,chhattisgarh,12.52,0.44,5475.96,1.68,0.0,
2011-05-01,Chhattisgarh,chhattisgarh,15.65,0.55,6844.950000000001,2.1,0.0,
2011-06-01,Chhattisgarh,chhattisgarh,25.04,0.88,10951.92,3.36,0.0,
2011-07-01,Chhattisgarh,chhattisgarh,56.339999999999996,1.98,24641.82,7.56,0.0,
2011-08-01,Chhattisgarh,chhattisgarh,68.86,2.42,30117.78,9.24,0.0,
2011-09-01,Chhattisgarh,chhattisgarh,56.339999999999996,1.98,24641.82,7.56,0.0,
2011-10-01,Chhattisgarh,chhattisgarh,31.3,1.1,13689.900000000001,4.2,0.0,
2011-11-01,Chhattisgarh,chhattisgarh,15.65,0.55,6844.950000000001,2.1,0.0,
2011-12-01,Chhattisgarh,chhattisgarh,9.389999999999999,0.32999999999999996,4106.97,1.26,0.0,
2012-01-01,Chhattisgarh,chhattisgarh,0.9,0.0,2480.12,1.8,0.0,
2012-02-01,Chhattisgarh,chhattisgarh,0.9,0.0,2480.12,1.8,0.0,
2012-03-01,Chhattisgarh,chhattisgarh,1.3499999999999999,0.0,3720.18,2.6999999999999997,0.0,
2012-04-01,Chhattisgarh,chhattisgarh,1.8,0.0,4960.24,3.6,0.0,
2012-05-01,Chhattisgarh,chhattisgarh,2.25,0.0,6200.3,4.5,0.0,
2012-06-01,Chhattisgarh,chhattisgarh,3.6,0.0,9920.48,7.2,0.0,
2012-07-01,Chhattisgarh,chhattisgarh,8.1,0.0,22321.079999999998,16.2,0.0,
2012-08-01,Chhattisgarh,chhattisgarh,9.9,0.0,27281.32,19.8,0.0,
2012-09-01,Chhattisgarh,chhattisgarh,8.1,0.0,22321.079999999998,16.2,0.0,
2012-10-01,Chhattisgarh,chhattisgarh,4.5,0.0,12400.6,9.0,0.0,
2012-11-01,Chhattisgarh,chhattisgarh,2.25,0.0,6200.3,4.5,0.0,
2012-12-01,Chhattisgarh,chhattisgarh,1.3499999999999999,0.0,3720.18,2.6999999999999997,0.0,
2013-01-01,Chhattisgarh,chhattisgarh,1.6600000000000001,0.04,2202.9,0.86,0.0,
2013-02-01,Chhattisgarh,chhattisgarh,1.6600000000000001,0.04,2202.9,0.86,0.0,
2013-03-01,Chhattisgarh,chhattisgarh,2.4899999999999998,0.06,3304.35,1.29,0.0,
2013-04-01,Chhattisgarh,chhattisgarh,3.3200000000000003,0.08,4405.8,1.72,0.0,
2013-05-01,Chhattisgarh,chhattisgarh,4.15,0.1,5507.25,2.15,0.0,
2013-06-01,Chhattisgarh,chhattisgarh,6.640000000000001,0.16,8811.6,3.44,0.0,
2013-07-01,Chhattisgarh,chhattisgarh,14.94,0.36,19826.1,7.739999999999999,0.0,
2013-08-01,Chhattisgarh,chhattisgarh,18.26,0.44,24231.9,9.46,0.0,
2013-09-01,Chhattisgarh,chhattisgarh,14.94,0.36,19826.1,7.739999999999999,0.0,
2013-10-01,Chhattisgarh,chhattisgarh,8.3,0.2,11014.5,4.3,0.0,
2013-11-01,Chhattisgarh,chhattisgarh,4.15,0.1,5507.25,2.15,0.0,
2013-12-01,Chhattisgarh,chhattisgarh,2.4899999999999998,0.06,3304.35,1.29,0.0,
2014-01-01,Chhattisgarh,chhattisgarh,,,2579.86,1.06,,
2014-02-01,Chhattisgarh,chhattisgarh,,,2579.86,1.06,,
2014-03-01,Chhattisgarh,chhattisgarh,,,3869.79,1.5899999999999999,,
2014-04-01,Chhattisgarh,chhattisgarh,,,5159.72,2.12,,
2014-05-01,Chhattisgarh,chhattisgarh,,,6449.650000000001,2.6500000000000004,,
2014-06-01,Chhattisgarh,chhattisgarh,,,10319.44,4.24,,
2014-07-01,Chhattisgarh,chhattisgarh,,,23218.739999999998,9.54,,
2014-08-01,Chhattisgarh,chhattisgarh,,,28378.46,11.66,,
2014-09-01,Chhattisgarh,chhattisgarh,,,23218.739999999998,9.54,,
2014-10-01,Chhattisgarh,chhattisgarh,,,12899.300000000001,5.300000000000001,,
2014-11-01,Chhattisgarh,chhattisgarh,,,6449.650000000001,2.6500000000000004,,
2014-12-01,Chhattisgarh,chhattisgarh,,,3869.79,1.5899999999999999,,
2015-01-01,Chhattisgarh,chhattisgarh,,,2897.7200000000003,0.42,0.0,
2015-02-01,Chhattisgarh,chhattisgarh,,,2897.7200000000003,0.42,0.0,
2015-03-01,Chhattisgarh,chhattisgarh,,,4346.58,0.63,0.0,
2015-04-01,Chhattisgarh,chhattisgarh,,,5795.4400000000005,0.84,0.0,
2015-05-01,Chhattisgarh,chhattisgarh,,,7244.3,1.05,0.0,
2015-06-01,Chhattisgarh,chhattisgarh,,,11590.880000000001,1.68,0.0,
2015-07-01,Chhattisgarh,chhattisgarh,,,26079.48,3.78,0.0,
2015-08-01,Chhattisgarh,chhattisgarh,,,31874.920000000002,4.62,0.0,
2015-09-01,Chhattisgarh,chhattisgarh,,,26079.48,3.78,0.0,
2015-10-01,Chhattisgarh,chhattisgarh,,,14488.6,2.1,0.0,
2015-11-01,Chhattisgarh,chhattisgarh,,,7244.3,1.05,0.0,
2015-12-01,Chhattisgarh,chhattisgarh,,,4346.58,0.63,0.0,
2016-01-01,Chhattisgarh,chhattisgarh,,,2964.4,1.22,0.0,
2016-02-01,Chhattisgarh,chhattisgarh,,,2964.4,1.22,0.0,
2016-03-01,Chhattisgarh,chhattisgarh,,,4446.599999999999,1.8299999999999998,0.0,
2016-04-01,Chhattisgarh,chhattisgarh,,,5928.8,2.44,0.0,
2016-05-01,Chhattisgarh,chhattisgarh,,,7411.0,3.0500000000000003,0.0,
2016-06-01,Chhattisgarh,chhattisgarh,,,11857.6,4.88,0.0,
2016-07-01,Chhattisgarh,chhattisgarh,,,26679.6,10.98,0.0,
2016-08-01,Chhattisgarh,chhattisgarh,,,32608.4,13.42,0.0,
2016-09-01,Chhattisgarh,chhattisgarh,,,26679.6,10.98,0.0,
2016-10-01,Chhattisgarh,chhattisgarh,,,14822.0,6.1000000000000005,0.0,
2016-11-01,Chhattisgarh,chhattisgarh,,,7411.0,3.0500000000000003,0.0,
2016-12-01,Chhattisgarh,chhattisgarh,,,4446.599999999999,1.8299999999999998,0.0,
2017-01-01,Chhattisgarh,chhattisgarh,8.88,0.0,2814.54,1.62,0.0,
2017-02-01,Chhattisgarh,chhattisgarh,8.88,0.0,2814.54,1.62,0.0,
2017-03-01,Chhattisgarh,chhattisgarh,13.32,0.0,4221.8099999999995,2.4299999999999997,0.0,
2017-04-01,Chhattisgarh,chhattisgarh,17.76,0.0,5629.08,3.24,0.0,
2017-05-01,Chhattisgarh,chhattisgarh,22.200000000000003,0.0,7036.35,4.05,0.0,
2017-06-01,Chhattisgarh,chhattisgarh,35.52,0.0,11258.16,6.48,0.0,
2017-07-01,Chhattisgarh,chhattisgarh,79.92,0.0,25330.86,14.58,0.0,
2017-08-01,Chhattisgarh,chhattisgarh,97.68,0.0,30959.94,17.82,0.0,
2017-09-01,Chhattisgarh,chhattisgarh,79.92,0.0,25330.86,14.58,0.0,
2017-10-01,Chhattisgarh,chhattisgarh,44.400000000000006,0.0,14072.7,8.1,0.0,
2017-11-01,Chhattisgarh,chhattisgarh,22.200000000000003,0.0,7036.35,4.05,0.0,
2017-12-01,Chhattisgarh,chhattisgarh,13.32,0.0,4221.8099999999995,2.4299999999999997,0.0,
2018-01-01,Chhattisgarh,chhattisgarh,53.480000000000004,0.2,1574.3400000000001,0.78,0.0,
2018-02-01,Chhattisgarh,chhattisgarh,53.480000000000004,0.2,1574.3400000000001,0.78,0.0,
2018-03-01,Chhattisgarh,chhattisgarh,80.22,0.3,2361.5099999999998,1.17,0.0,
2018-04-01,Chhattisgarh,chhattisgarh,106.96000000000001,0.4,3148.6800000000003,1.56,0.0,
2018-05-01,Chhattisgarh,chhattisgarh,133.70000000000002,0.5,3935.8500000000004,1.9500000000000002,0.0,
2018-06-01,Chhattisgarh,chhattisgarh,213.92000000000002,0.8,6297.360000000001,3.12,0.0,
2018-07-01,Chhattisgarh,chhattisgarh,481.32,1.7999999999999998,14169.06,7.02,0.0,
2018-08-01,Chhattisgarh,chhattisgarh,588.28,2.2,17317.74,8.58,0.0,
2018-09-01,Chhattisgarh,chhattisgarh,481.32,1.7999999999999998,14169.06,7.02,0.0,
2018-10-01,Chhattisgarh,chhattisgarh,267.40000000000003,1.0,7871.700000000001,3.9000000000000004,0.0,
2018-11-01,Chhattisgarh,chhattisgarh,133.70000000000002,0.5,3935.8500000000004,1.9500000000000002,0.0,
2018-12-01,Chhattisgarh,chhattisgarh,80.22,0.3,2361.5099999999998,1.17,0.0,
2019-01-01,Chhattisgarh,chhattisgarh,14.44,0.0,1209.16,0.62,0.0,
2019-02-01,Chhattisgarh,chhattisgarh,14.44,0.0,1209.16,0.62,0.0,
2019-03-01,Chhattisgarh,chhattisgarh,21.66,0.0,1813.74,0.9299999999999999,0.0,
2019-04-01,Chhattisgarh,chhattisgarh,28.88,0.0,2418.32,1.24,0.0,
2019-05-01,Chhattisgarh,chhattisgarh,36.1,0.0,3022.9,1.55,0.0,
2019-06-01,Chhattisgarh,chhattisgarh,57.76,0.0,4836.64,2.48,0.0,
2019-07-01,Chhattisgarh,chhattisgarh,129.96,0.0,10882.439999999999,5.58,0.0,
2019-08-01,Chhattisgarh,chhattisgarh,158.84,0.0,13300.76,6.82,0.0,
2019-09-01,Chhattisgarh,chhattisgarh,129.96,0.0,10882.439999999999,5.58,0.0,
2019-10-01,Chhattisgarh,chhattisgarh,72.2,0.0,6045.8,3.1,0.0,
2019-11-01,Chhattisgarh,chhattisgarh,36.1,0.0,3022.9,1.55,0.0,
2019-12-01,Chhattisgarh,chhattisgarh,21.66,0.0,1813.74,0.9299999999999999,0.0,
2020-01-01,Chhattisgarh,chhattisgarh,1.1400000000000001,0.0,733.34,0.68,0.0,
2020-02-01,Chhattisgarh,chhattisgarh,1.1400000000000001,0.0,733.34,0.68,0.0,
2020-03-01,Chhattisgarh,chhattisgarh,1.71,0.0,1100.01,1.02,0.0,
2020-04-01,Chhattisgarh,chhattisgarh,2.2800000000000002,0.0,1466.68,1.36,0.0,
2020-05-01,Chhattisgarh,chhattisgarh,2.85,0.0,1833.3500000000001,1.7000000000000002,0.0,
2020-06-01,Chhattisgarh,chhattisgarh,4.5600000000000005,0.0,2933.36,2.72,0.0,
2020-07-01,Chhattisgarh,chhattisgarh,10.26,0.0,6600.0599999999995,6.12,0.0,
2020-08-01,Chhattisgarh,chhattisgarh,12.540000000000001,0.0,8066.74,7.48,0.0,
2020-09-01,Chhattisgarh,chhattisgarh,10.26,0.0,6600.0599999999995,6.12,0.0,
2020-10-01,Chhattisgarh,chhattisgarh,5.7,0.0,3666.7000000000003,3.4000000000000004,0.0,
2020-11-01,Chhattisgarh,chhattisgarh,2.85,0.0,1833.3500000000001,1.7000000000000002,0.0,
2020-12-01,Chhattisgarh,chhattisgarh,1.71,0.0,1100.01,1.02,0.0,
2021-01-01,Chhattisgarh,chhattisgarh,21.72,0.0,594.66,0.76,0.0,
2021-02-01,Chhattisgarh,chhattisgarh,21.72,0.0,594.66,0.76,0.0,
2021-03-01,Chhattisgarh,chhattisgarh,32.58,0.0,891.99,1.14,0.0,
2021-04-01,Chhattisgarh,chhattisgarh,43.44,0.0,1189.32,1.52,0.0,
2021-05-01,Chhattisgarh,chhattisgarh,54.300000000000004,0.0,1486.65,1.9000000000000001,0.0,
2021-06-01,Chhattisgarh,chhattisgarh,86.88,0.0,2378.64,3.04,0.0,
2021-07-01,Chhattisgarh,chhattisgarh,195.48,0.0,5351.94,6.84,0.0,
2021-08-01,Chhattisgarh,chhattisgarh,238.92,0.0,6541.26,8.36,0.0,
2021-09-01,Chhattisgarh,chhattisgarh,195.48,0.0,5351.94,6.84,0.0,
2021-10-01,Chhattisgarh,chhattisgarh,108.60000000000001,0.0,2973.3,3.8000000000000003,0.0,
2021-11-01,Chhattisgarh,chhattisgarh,54.300000000000004,0.0,1486.65,1.9000000000000001,0.0,
2021-12-01,Chhattisgarh,chhattisgarh,32.58,0.0,891.99,1.14,0.0,
2022-01-01,Chhattisgarh,chhattisgarh,52.660000000000004,0.0,600.5600000000001,0.22,0.78,
2022-02-01,Chhattisgarh,chhattisgarh,52.660000000000004,0.0,600.5600000000001,0.22,0.78,
2022-03-01,Chhattisgarh,chhattisgarh,78.99,0.0,900.8399999999999,0.32999999999999996,1.17,
2022-04-01,Chhattisgarh,chhattisgarh,105.32000000000001,0.0,1201.1200000000001,0.44,1.56,
2022-05-01,Chhattisgarh,chhattisgarh,131.65,0.0,1501.4,0.55,1.9500000000000002,
2022-06-01,Chhattisgarh,chhattisgarh,210.64000000000001,0.0,2402.2400000000002,0.88,3.12,
2022-07-01,Chhattisgarh,chhattisgarh,473.94,0.0,5405.04,1.98,7.02,
2022-08-01,Chhattisgarh,chhattisgarh,579.26,0.0,6606.16,2.42,8.58,
2022-09-01,Chhattisgarh,chhattisgarh,473.94,0.0,5405.04,1.98,7.02,
2022-10-01,Chhattisgarh,chhattisgarh,263.3,0.0,3002.8,1.1,3.9000000000000004,
2022-11-01,Chhattisgarh,chhattisgarh,131.65,0.0,1501.4,0.55,1.9500000000000002,
2022-12-01,Chhattisgarh,chhattisgarh,78.99,0.0,900.8399999999999,0.32999999999999996,1.17,
1999-01-01,Dadra And Nagar Haveli And Daman And Diu,dadra_and_nagar_haveli_and_daman_and_diu,0.0,0.0,,,,
1999-02-01,Dadra And Nagar Haveli And Daman And Diu,dadra_and_nagar_haveli_and_daman_and_diu,0.0,0.0,,,,
1999-03-01,Dadra And Nagar Haveli And Daman And Diu,dadra_and_nagar_haveli_and_daman_and_diu,0.0,0.0,,,,
1999-04-01,Dadra And Nagar Haveli And Daman And Diu,dadra_and_nagar_haveli_and_daman_and_diu,0.0,0.0,,,,
1999-05-01,Dadra And Nagar Haveli And Daman And Diu,dadra_and_nagar_haveli_and_daman_and_diu,0.0,0.0,,,,
1999-06-01,Dadra And Nagar Haveli And Daman And Diu,dadra_and_nagar_haveli_and_daman_and_diu,0.0,0.0,,,,
1999-07-01,Dadra And Nagar Haveli And Daman And Diu,dadra_and_nagar_haveli_and_daman_and_diu,0.0,0.0,,,,
1999-08-01,Dadra And Nagar Haveli And Daman And Diu,dadra_and_nagar_haveli_and_daman_and_diu,0.0,0.0,,,,
1999-09-01,Dadra And Nagar Haveli And Daman And Diu,dadra_and_nagar_haveli_and_daman_and_diu,0.0,0.0,,,,
1999-10-01,Dadra And Nagar Haveli And Daman And Diu,dadra_and_nagar_haveli_and_daman_and_diu,0.0,0.0,,,,
1999-11-01,Dadra And Nagar Haveli And Daman And Diu,dadra_and_nagar_haveli_and_daman_and_diu,0.0,0.0,,,,
1999-12-01,Dadra And Nagar Haveli And Daman And Diu,dadra_and_nagar_haveli_and_daman_and_diu,0.0,0.0,,,,
2000-01-01,Dadra And Nagar Haveli And Daman And Diu,dadra_and_nagar_haveli_and_daman_and_diu,0.0,0.0,,,,
2000-02-01,Dadra And Nagar Haveli And Daman And Diu,dadra_and_nagar_haveli_and_daman_and_diu,0.0,0.0,,,,
2000-03-01,Dadra And Nagar Haveli And Daman And Diu,dadra_and_nagar_haveli_and_daman_and_diu,0.0,0.0,,,,
2000-04-01,Dadra And Nagar Haveli And Daman And Diu,dadra_and_nagar_haveli_and_daman_and_diu,0.0,0.0,,,,
2000-05-01,Dadra And Nagar Haveli And Daman And Diu,dadra_and_nagar_haveli_and_daman_and_diu,0.0,0.0,,,,
2000-06-01,Dadra And Nagar Haveli And Daman And Diu,dadra_and_nagar_haveli_and_daman_and_diu,0.0,0.0,,,,
2000-07-01,Dadra And Nagar Haveli And Daman And Diu,dadra_and_nagar_haveli_and_daman_and_diu,0.0,0.0,,,,
2000-08-01,Dadra And Nagar Haveli And Daman And Diu,dadra_and_nagar_haveli_and_daman_and_diu,0.0,0.0,,,,
2000-09-01,Dadra And Nagar Haveli And Daman And Diu,dadra_and_nagar_haveli_and_daman_and_diu,0.0,0.0,,,,
2000-10-01,Dadra And Nagar Haveli And Daman And Diu,dadra_and_nagar_haveli_and_daman_and_diu,0.0,0.0,,,,
2000-11-01,Dadra And Nagar Haveli And Daman And Diu,dadra_and_nagar_haveli_and_daman_and_diu,0.0,0.0,,,,
2000-12-01,Dadra And Nagar Haveli And Daman And Diu,dadra_and_nagar_haveli_and_daman_and_diu,0.0,0.0,,,,
2001-01-01,Dadra And Nagar Haveli And Daman And Diu,dadra_and_nagar_haveli_and_daman_and_diu,0.0,0.0,18.7,0.0,,
2001-02-01,Dadra And Nagar Haveli And Daman And Diu,dadra_and_nagar_haveli_and_daman_and_diu,0.0,0.0,18.7,0.0,,
2001-03-01,Dadra And Nagar Haveli And Daman And Diu,dadra_and_nagar_haveli_and_daman_and_diu,0.0,0.0,28.05,0.0,,
2001-04-01,Dadra And Nagar Haveli And Daman And Diu,dadra_and_nagar_haveli_and_daman_and_diu,0.0,0.0,37.4,0.0,,
2001-05-01,Dadra And Nagar Haveli And Daman And Diu,dadra_and_nagar_haveli_and_daman_and_diu,0.0,0.0,46.75,0.0,,
2001-06-01,Dadra And Nagar Haveli And Daman And Diu,dadra_and_nagar_haveli_and_daman_and_diu,0.0,0.0,74.8,0.0,,
2001-07-01,Dadra And Nagar Haveli And Daman And Diu,dadra_and_nagar_haveli_and_daman_and_diu,0.0,0.0,168.29999999999998,0.0,,
2001-08-01,Dadra And Nagar Haveli And Daman And Diu,dadra_and_nagar_haveli_and_daman_and_diu,0.0,0.0,205.7,0.0,,
2001-09-01,Dadra And Nagar Haveli And Daman And Diu,dadra_and_nagar_haveli_and_daman_and_diu,0.0,0.0,168.29999999999998,0.0,,
2001-10-01,Dadra And Nagar Haveli And Daman And Diu,dadra_and_nagar_haveli_and_daman_and_diu,0.0,0.0,93.5,0.0,,
2001-11-01,Dadra And Nagar Haveli And Daman And Diu,dadra_and_nagar_haveli_and_daman_and_diu,0.0,0.0,46.75,0.0,,
2001-12-01,Dadra And Nagar Haveli And Daman And Diu,dadra_and_nagar_haveli_and_daman_and_diu,0.0,0.0,28.05,0.0,,
2002-01-01,Dadra And Nagar Haveli And Daman And Diu,dadra_and_nagar_haveli_and_daman_and_diu,0.0,0.0,13.32,0.0,,
2002-02-01,Dadra And Nagar Haveli And Daman And Diu,dadra_and_nagar_haveli_and_daman_and_diu,0.0,0.0,13.32,0.0,,
2002-03-01,Dadra And Nagar Haveli And Daman And Diu,dadra_and_nagar_haveli_and_daman_and_diu,0.0,0.0,19.98,0.0,,
2002-04-01,Dadra And Nagar Haveli And Daman And Diu,dadra_and_nagar_haveli_and_daman_and_diu,0.0,0.0,26.64,0.0,,
2002-05-01,Dadra And Nagar Haveli And Daman And Diu,dadra_and_nagar_haveli_and_daman_and_diu,0.0,0.0,33.300000000000004,0.0,,
2002-06-01,Dadra And Nagar Haveli And Daman And Diu,dadra_and_nagar_haveli_and_daman_and_diu,0.0,0.0,53.28,0.0,,
2002-07-01,Dadra And Nagar Haveli And Daman And Diu,dadra_and_nagar_haveli_and_daman_and_diu,0.0,0.0,119.88,0.0,,
2002-08-01,Dadra And Nagar Haveli And Daman And Diu,dadra_and_nagar_haveli_and_daman_and_diu,0.0,0.0,146.52,0.0,,
2002-09-01,Dadra And Nagar Haveli And Daman And Diu,dadra_and_nagar_haveli_and_daman_and_diu,0.0,0.0,119.88,0.0,,
2002-10-01,Dadra And Nagar Haveli And Daman And Diu,dadra_and_nagar_haveli_and_daman_and_diu,0.0,0.0,66.60000000000001,0.0,,
2002-11-01,Dadra And Nagar Haveli And Daman And Diu,dadra_and_nagar_haveli_and_daman_and_diu,0.0,0.0,33.300000000000004,0.0,,
2002-12-01,Dadra And Nagar Haveli And Daman And Diu,dadra_and_nagar_haveli_and_daman_and_diu,0.0,0.0,19.98,0.0,,
2003-01-01,Dadra And Nagar Haveli And Daman And Diu,dadra_and_nagar_haveli_and_daman_and_diu,0.0,0.0,12.18,0.0,,
2003-02-01,Dadra And Nagar Haveli And Daman And Diu,dadra_and_nagar_haveli_and_daman_and_diu,0.0,0.0,12.18,0.0,,
2003-03-01,Dadra And Nagar Haveli And Daman And Diu,dadra_and_nagar_haveli_and_daman_and_diu,0.0,0.0,18.27,0.0,,
2003-04-01,Dadra And Nagar Haveli And Daman And Diu,dadra_and_nagar_haveli_and_daman_and_diu,0.0,0.0,24.36,0.0,,
2003-05-01,Dadra And Nagar Haveli And Daman And Diu,dadra_and_nagar_haveli_and_daman_and_diu,0.0,0.0,30.450000000000003,0.0,,
2003-06-01,Dadra And Nagar Haveli And Daman And Diu,dadra_and_nagar_haveli_and_daman_and_diu,0.0,0.0,48.72,0.0,,
2003-07-01,Dadra And Nagar Haveli And Daman And Diu,dadra_and_nagar_haveli_and_daman_and_diu,0.0,0.0,109.61999999999999,0.0,,
2003-08-01,Dadra And Nagar Haveli And Daman And Diu,dadra_and_nagar_haveli_and_daman_and_diu,0.0,0.0,133.98,0.0,,
2003-09-01,Dadra And Nagar Haveli And Daman And Diu,dadra_and_nagar_haveli_and_daman_and_diu,0.0,0.0,109.61999999999999,0.0,,
2003-10-01,Dadra And Nagar Haveli And Daman And Diu,dadra_and_nagar_haveli_and_daman_and_diu,0.0,0.0,60.900000000000006,0.0,,
2003-11-01,Dadra And Nagar Haveli And Daman And Diu,dadra_and_nagar_haveli_and_daman_and_diu,0.0,0.0,30.450000000000003,0.0,,
2003-12-01,Dadra And Nagar Haveli And Daman And Diu,dadra_and_nagar_haveli_and_daman_and_diu,0.0,0.0,18.27,0.0,,
2004-01-01,Dadra And Nagar Haveli And Daman And Diu,dadra_and_nagar_haveli_and_daman_and_diu,0.02,0.0,18.1,0.0,,
2004-02-01,Dadra And Nagar Haveli And Daman And Diu,dadra_and_nagar_haveli_and_daman_and_diu,0.02,0.0,18.1,0.0,,
2004-03-01,Dadra And Nagar Haveli And Daman And Diu,dadra_and_nagar_haveli_and_daman_and_diu,0.03,0.0,27.15,0.0,,
2004-04-01,Dadra And Nagar Haveli And Daman And Diu,dadra_and_nagar_haveli_and_daman_and_diu,0.04,0.0,36.2,0.0,,
2004-05-01,Dadra And Nagar Haveli And Daman And Diu,dadra_and_nagar_haveli_and_daman_and_diu,0.05,0.0,45.25,0.0,,
2004-06-01,Dadra And Nagar Haveli And Daman And Diu,dadra_and_nagar_haveli_and_daman_and_diu,0.08,0.0,72.4,0.0,,
2004-07-01,Dadra And Nagar Haveli And Daman And Diu,dadra_and_nagar_haveli_and_daman_and_diu,0.18,0.0,162.9,0.0,,
2004-08-01,Dadra And Nagar Haveli And Daman And Diu,dadra_and_nagar_haveli_and_daman_and_diu,0.22,0.0,199.1,0.0,,
2004-09-01,Dadra And Nagar Haveli And Daman And Diu,dadra_and_nagar_haveli_and_daman_and_diu,0.18,0.0,162.9,0.0,,
2004-10-01,Dadra And Nagar Haveli And Daman And Diu,dadra_and_nagar_haveli_and_daman_and_diu,0.1,0.0,90.5,0.0,,
2004-11-01,Dadra And Nagar Haveli And Daman And Diu,dadra_and_nagar_haveli_and_daman_and_diu,0.05,0.0,45.25,0.0,,
2004-12-01,Dadra And Nagar Haveli And Daman And Diu,dadra_and_nagar_haveli_and_daman_and_diu,0.03,0.0,27.15,0.0,,
2005-01-01,Dadra And Nagar Haveli And Daman And Diu,dadra_and_nagar_haveli_and_daman_and_diu,,,25.400000000000002,0.0,,
2005-02-01,Dadra And Nagar Haveli And Daman And Diu,dadra_and_nagar_haveli_and_daman_and_diu,,,25.400000000000002,0.0,,
2005-03-01,Dadra And Nagar Haveli And Daman And Diu,dadra_and_nagar_haveli_and_daman_and_diu,,,38.1,0.0,,
2005-04-01,Dadra And Nagar Haveli And Daman And Diu,dadra_and_nagar_haveli_and_daman_and_diu,,,50.800000000000004,0.0,,
2005-05-01,Dadra And Nagar Haveli And Daman And Diu,dadra_and_nagar_haveli_and_daman_and_diu,,,63.5,0.0,,
2005-06-01,Dadra And Nagar Haveli And Daman And Diu,dadra_and_nagar_haveli_and_daman_and_diu,,,101.60000000000001,0.0,,
2005-07-01,Dadra And Nagar Haveli And Daman And Diu,dadra_and_nagar_haveli_and_daman_and_diu,,,228.6,0.0,,
2005-08-01,Dadra And Nagar Haveli And Daman And Diu,dadra_and_nagar_haveli_and_daman_and_diu,,,279.4,0.0,,
2005-09-01,Dadra And Nagar Haveli And Daman And Diu,dadra_and_nagar_haveli_and_daman_and_diu,,,228.6,0.0,,
2005-10-01,Dadra And Nagar Haveli And Daman And Diu,dadra_and_nagar_haveli_and_daman_and_diu,,,127.0,0.0,,
2005-11-01,Dadra And Nagar Haveli And Daman And Diu,dadra_and_nagar_haveli_and_daman_and_diu,,,63.5,0.0,,
2005-12-01,Dadra And Nagar Haveli And Daman And Diu,dadra_and_nagar_haveli_and_daman_and_diu,,,38.1,0.0,,
2006-01-01,Dadra And Nagar Haveli And Daman And Diu,dadra_and_nagar_haveli_and_daman_and_diu,0.0,0.0,78.52,0.0,,
2006-02-01,Dadra And Nagar Haveli And Daman And Diu,dadra_and_nagar_haveli_and_daman_and_diu,0.0,0.0,78.52,0.0,,
2006-03-01,Dadra And Nagar Haveli And Daman And Diu,dadra_and_nagar_haveli_and_daman_and_diu,0.0,0.0,117.78,0.0,,
2006-04-01,Dadra And Nagar Haveli And Daman And Diu,dadra_and_nagar_haveli_and_daman_and_diu,0.0,0.0,157.04,0.0,,
2006-05-01,Dadra And Nagar Haveli And Daman And Diu,dadra_and_nagar_haveli_and_daman_and_diu,0.0,0.0,196.3,0.0,,
2006-06-01,Dadra And Nagar Haveli And Daman And Diu,dadra_and_nagar_haveli_and_daman_and_diu,0.0,0.0,314.08,0.0,,
2006-07-01,Dadra And Nagar Haveli And Daman And Diu,dadra_and_nagar_haveli_and_daman_and_diu,0.0,0.0,706.68,0.0,,
2006-08-01,Dadra And Nagar Haveli And Daman And Diu,dadra_and_nagar_haveli_and_daman_and_diu,0.0,0.0,863.72,0.0,,
2006-09-01,Dadra And Nagar Haveli And Daman And Diu,dadra_and_nagar_haveli_and_daman_and_diu,0.0,0.0,706.68,0.0,,
2006-10-01,Dadra And Nagar Haveli And Daman And Diu,dadra_and_nagar_haveli_and_daman_and_diu,0.0,0.0,392.6,0.0,,
2006-11-01,Dadra And Nagar Haveli And Daman And Diu,dadra_and_nagar_haveli_and_daman_and_diu,0.0,0.0,196.3,0.0,,
2006-12-01,Dadra And Nagar Haveli And Daman And Diu,dadra_and_nagar_haveli_and_daman_and_diu,0.0,0.0,117.78,0.0,,
2007-01-01,Dadra And Nagar Haveli And Daman And Diu,dadra_and_nagar_haveli_and_daman_and_diu,0.0,0.0,77.58,0.0,,
2007-02-01,Dadra And Nagar Haveli And Daman And Diu,dadra_and_nagar_haveli_and_daman_and_diu,0.0,0.0,77.58,0.0,,
2007-03-01,Dadra And Nagar Haveli And Daman And Diu,dadra_and_nagar_haveli_and_daman_and_diu,0.0,0.0,116.36999999999999,0.0,,
2007-04-01,Dadra And Nagar Haveli And Daman And Diu,dadra_and_nagar_haveli_and_daman_and_diu,0.0,0.0,155.16,0.0,,
2007-05-01,Dadra And Nagar Haveli And Daman And Diu,dadra_and_nagar_haveli_and_daman_and_diu,0.0,0.0,193.95000000000002,0.0,,
2007-06-01,Dadra And Nagar Haveli And Daman And Diu,dadra_and_nagar_haveli_and_daman_and_diu,0.0,0.0,310.32,0.0,,
2007-07-01,Dadra And Nagar Haveli And Daman And Diu,dadra_and_nagar_haveli_and_daman_and_diu,0.0,0.0,698.22,0.0,,
2007-08-01,Dadra And Nagar Haveli And Daman And Diu,dadra_and_nagar_haveli_and_daman_and_diu,0.0,0.0,853.38,0.0,,
2007-09-01,Dadra And Nagar Haveli And Daman And Diu,dadra_and_nagar_haveli_and_daman_and_diu,0.0,0.0,698.22,0.0,,
2007-10-01,Dadra And Nagar Haveli And Daman And Diu,dadra_and_nagar_haveli_and_daman_and_diu,0.0,0.0,387.90000000000003,0.0,,
2007-11-01,Dadra And Nagar Haveli And Daman And Diu,dadra_and_nagar_haveli_and_daman_and_diu,0.0,0.0,193.95000000000002,0.0,,
2007-12-01,Dadra And Nagar Haveli And Daman And Diu,dadra_and_nagar_haveli_and_daman_and_diu,0.0,0.0,116.36999999999999,0.0,,
2008-01-01,Dadra And Nagar Haveli And Daman And Diu,dadra_and_nagar_haveli_and_daman_and_diu,0.0,0.0,63.04,0.0,0.0,
2008-02-01,Dadra And Nagar Haveli And Daman And Diu,dadra_and_nagar_haveli_and_daman_and_diu,0.0,0.0,63.04,0.0,0.0,
2008-03-01,Dadra And Nagar Haveli And Daman And Diu,dadra_and_nagar_haveli_and_daman_and_diu,0.0,0.0,94.56,0.0,0.0,
2008-04-01,Dadra And Nagar Haveli And Daman And Diu,dadra_and_nagar_haveli_and_daman_and_diu,0.0,0.0,126.08,0.0,0.0,
2008-05-01,Dadra And Nagar Haveli And Daman And Diu,dadra_and_nagar_haveli_and_daman_and_diu,0.0,0.0,157.60000000000002,0.0,0.0,
2008-06-01,Dadra And Nagar Haveli And Daman And Diu,dadra_and_nagar_haveli_and_daman_and_diu,0.0,0.0,252.16,0.0,0.0,
2008-07-01,Dadra And Nagar Haveli And Daman And Diu,dadra_and_nagar_haveli_and_daman_and_diu,0.0,0.0,567.36,0.0,0.0,
2008-08-01,Dadra And Nagar Haveli And Daman And Diu,dadra_and_nagar_haveli_and_daman_and_diu,0.0,0.0,693.44,0.0,0.0,
2008-09-01,Dadra And Nagar Haveli And Daman And Diu,dadra_and_nagar_haveli_and_daman_and_diu,0.0,0.0,567.36,0.0,0.0,
2008-10-01,Dadra And Nagar Haveli And Daman And Diu,dadra_and_nagar_haveli_and_daman_and_diu,0.0,0.0,315.20000000000005,0.0,0.0,
2008-11-01,Dadra And Nagar Haveli And Daman And Diu,dadra_and_nagar_haveli_and_daman_and_diu,0.0,0.0,157.60000000000002,0.0,0.0,
2008-12-01,Dadra And Nagar Haveli And Daman And Diu,dadra_and_nagar_haveli_and_daman_and_diu,0.0,0.0,94.56,0.0,0.0,
2009-01-01,Dadra And Nagar Haveli And Daman And Diu,dadra_and_nagar_haveli_and_daman_and_diu,0.0,0.0,70.10000000000001,0.0,0.0,
2009-02-01,Dadra And Nagar Haveli And Daman And Diu,dadra_and_nagar_haveli_and_daman_and_diu,0.0,0.0,70.10000000000001,0.0,0.0,
2009-03-01,Dadra And Nagar Haveli And Daman And Diu,dadra_and_nagar_haveli_and_daman_and_diu,0.0,0.0,105.14999999999999,0.0,0.0,
2009-04-01,Dadra And Nagar Haveli And Daman And Diu,dadra_and_nagar_haveli_and_daman_and_diu,0.0,0.0,140.20000000000002,0.0,0.0,
2009-05-01,Dadra And Nagar Haveli And Daman And Diu,dadra_and_nagar_haveli_and_daman_and_diu,0.0,0.0,175.25,0.0,0.0,
2009-06-01,Dadra And Nagar Haveli And Daman And Diu,dadra_and_nagar_haveli_and_daman_and_diu,0.0,0.0,280.40000000000003,0.0,0.0,
2009-07-01,Dadra And Nagar Haveli And Daman And Diu,dadra_and_nagar_haveli_and_daman_and_diu,0.0,0.0,630.9,0.0,0.0,
2009-08-01,Dadra And Nagar Haveli And Daman And Diu,dadra_and_nagar_haveli_and_daman_and_diu,0.0,0.0,771.1,0.0,0.0,
2009-09-01,Dadra And Nagar Haveli And Daman And Diu,dadra_and_nagar_haveli_and_daman_and_diu,0.0,0.0,630.9,0.0,0.0,
2009-10-01,Dadra And Nagar Haveli And Daman And Diu,dadra_and_nagar_haveli_and_daman_and_diu,0.0,0.0,350.5,0.0,0.0,
2009-11-01,Dadra And Nagar Haveli And Daman And Diu,dadra_and_nagar_haveli_and_daman_and_diu,0.0,0.0,175.25,0.0,0.0,
2009-12-01,Dadra And Nagar Haveli And Daman And Diu,dadra_and_nagar_haveli_and_daman_and_diu,0.0,0.0,105.14999999999999,0.0,0.0,
2010-01-01,Dadra And Nagar Haveli And Daman And Diu,dadra_and_nagar_haveli_and_daman_and_diu,0.92,0.0,118.14,0.0,0.0,
2010-02-01,Dadra And Nagar Haveli And Daman And Diu,dadra_and_nagar_haveli_and_daman_and_diu,0.92,0.0,118.14,0.0,0.0,
2010-03-01,Dadra And Nagar Haveli And Daman And Diu,dadra_and_nagar_haveli_and_daman_and_diu,1.38,0.0,177.20999999999998,0.0,0.0,
2010-04-01,Dadra And Nagar Haveli And Daman And Diu,dadra_and_nagar_haveli_and_daman_and_diu,1.84,0.0,236.28,0.0,0.0,
2010-05-01,Dadra And Nagar Haveli And Daman And Diu,dadra_and_nagar_haveli_and_daman_and_diu,2.3000000000000003,0.0,295.35,0.0,0.0,
2010-06-01,Dadra And Nagar Haveli And Daman And Diu,dadra_and_nagar_haveli_and_daman_and_diu,3.68,0.0,472.56,0.0,0.0,
2010-07-01,Dadra And Nagar Haveli And Daman And Diu,dadra_and_nagar_haveli_and_daman_and_diu,8.28,0.0,1063.26,0.0,0.0,
2010-08-01,Dadra And Nagar Haveli And Daman And Diu,dadra_and_nagar_haveli_and_daman_and_diu,10.12,0.0,1299.54,0.0,0.0,
2010-09-01,Dadra And Nagar Haveli And Daman And Diu,dadra_and_nagar_haveli_and_daman_and_diu,8.28,0.0,1063.26,0.0,0.0,
2010-10-01,Dadra And Nagar Haveli And Daman And Diu,dadra_and_nagar_haveli_and_daman_and_diu,4.6000000000000005,0.0,590.7,0.0,0.0,
2010-11-01,Dadra And Nagar Haveli And Daman And Diu,dadra_and_nagar_haveli_and_daman_and_diu,2.3000000000000003,0.0,295.35,0.0,0.0,
2010-12-01,Dadra And Nagar Haveli And Daman And Diu,dadra_and_nagar_haveli_and_daman_and_diu,1.38,0.0,177.20999999999998,0.0,0.0,
2011-01-01,Dadra And Nagar Haveli And Daman And Diu,dadra_and_nagar_haveli_and_daman_and_diu,1.36,0.0,108.24000000000001,0.0,0.0,
2011-02-01,Dadra And Nagar Haveli And Daman And Diu,dadra_and_nagar_haveli_and_daman_and_diu,1.36,0.0,108.24000000000001,0.0,0.0,
2011-03-01,Dadra And Nagar Haveli And Daman And Diu,dadra_and_nagar_haveli_and_daman_and_diu,2.04,0.0,162.35999999999999,0.0,0.0,
2011-04-01,Dadra And Nagar Haveli And Daman And Diu,dadra_and_nagar_haveli_and_daman_and_diu,2.72,0.0,216.48000000000002,0.0,0.0,
2011-05-01,Dadra And Nagar Haveli And Daman And Diu,dadra_and_nagar_haveli_and_daman_and_diu,3.4000000000000004,0.0,270.6,0.0,0.0,
2011-06-01,Dadra And Nagar Haveli And Daman And Diu,dadra_and_nagar_haveli_and_daman_and_diu,5.44,0.0,432.96000000000004,0.0,0.0,
2011-07-01,Dadra And Nagar Haveli And Daman And Diu,dadra_and_nagar_haveli_and_daman_and_diu,12.24,0.0,974.16,0.0,0.0,
2011-08-01,Dadra And Nagar Haveli And Daman And Diu,dadra_and_nagar_haveli_and_daman_and_diu,14.96,0.0,1190.64,0.0,0.0,
2011-09-01,Dadra And Nagar Haveli And Daman And Diu,dadra_and_nagar_haveli_and_daman_and_diu,12.24,0.0,974.16,0.0,0.0,
2011-10-01,Dadra And Nagar Haveli And Daman And Diu,dadra_and_nagar_haveli_and_daman_and_diu,6.800000000000001,0.0,541.2,0.0,0.0,
2011-11-01,Dadra And Nagar Haveli And Daman And Diu,dadra_and_nagar_haveli_and_daman_and_diu,3.4000000000000004,0.0,270.6,0.0,0.0,
2011-12-01,Dadra And Nagar Haveli And Daman And Diu,dadra_and_nagar_haveli_and_daman_and_diu,2.04,0.0,162.35999999999999,0.0,0.0,
2012-01-01,Dadra And Nagar Haveli And Daman And Diu,dadra_and_nagar_haveli_and_daman_and_diu,5.04,0.02,102.52,0.02,2.02,
2012-02-01,Dadra And Nagar Haveli And Daman And Diu,dadra_and_nagar_haveli_and_daman_and_diu,5.04,0.02,102.52,0.02,2.02,
2012-03-01,Dadra And Nagar Haveli And Daman And Diu,dadra_and_nagar_haveli_and_daman_and_diu,7.56,0.03,153.78,0.03,3.03,
2012-04-01,Dadra And Nagar Haveli And Daman And Diu,dadra_and_nagar_haveli_and_daman_and_diu,10.08,0.04,205.04,0.04,4.04,
2012-05-01,Dadra And Nagar Haveli And Daman And Diu,dadra_and_nagar_haveli_and_daman_and_diu,12.600000000000001,0.05,256.3,0.05,5.050000000000001,
2012-06-01,Dadra And Nagar Haveli And Daman And Diu,dadra_and_nagar_haveli_and_daman_and_diu,20.16,0.08,410.08,0.08,8.08,
2012-07-01,Dadra And Nagar Haveli And Daman And Diu,dadra_and_nagar_haveli_and_daman_and_diu,45.36,0.18,922.68,0.18,18.18,
2012-08-01,Dadra And Nagar Haveli And Daman And Diu,dadra_and_nagar_haveli_and_daman_and_diu,55.44,0.22,1127.72,0.22,22.22,
2012-09-01,Dadra And Nagar Haveli And Daman And Diu,dadra_and_nagar_haveli_and_daman_and_diu,45.36,0.18,922.68,0.18,18.18,
2012-10-01,Dadra And Nagar Haveli And Daman And Diu,dadra_and_nagar_haveli_and_daman_and_diu,25.200000000000003,0.1,512.6,0.1,10.100000000000001,
2012-11-01,Dadra And Nagar Haveli And Daman And Diu,dadra_and_nagar_haveli_and_daman_and_diu,12.600000000000001,0.05,256.3,0.05,5.050000000000001,
2012-12-01,Dadra And Nagar Haveli And Daman And Diu,dadra_and_nagar_haveli_and_daman_and_diu,7.56,0.03,153.78,0.03,3.03,
2013-01-01,Dadra And Nagar Haveli And Daman And Diu,dadra_and_nagar_haveli_and_daman_and_diu,5.0200000000000005,0.0,37.38,0.0,0.04,
2013-02-01,Dadra And Nagar Haveli And Daman And Diu,dadra_and_nagar_haveli_and_daman_and_diu,5.0200000000000005,0.0,37.38,0.0,0.04,
2013-03-01,Dadra And Nagar Haveli And Daman And Diu,dadra_and_nagar_haveli_and_daman_and_diu,7.529999999999999,0.0,56.07,0.0,0.06,
2013-04-01,Dadra And Nagar Haveli And Daman And Diu,dadra_and_nagar_haveli_and_daman_and_diu,10.040000000000001,0.0,74.76,0.0,0.08,
2013-05-01,Dadra And Nagar Haveli And Daman And Diu,dadra_and_nagar_haveli_and_daman_and_diu,12.55,0.0,93.45,0.0,0.1,
2013-06-01,Dadra And Nagar Haveli And Daman And Diu,dadra_and_nagar_haveli_and_daman_and_diu,20.080000000000002,0.0,149.52,0.0,0.16,
2013-07-01,Dadra And Nagar Haveli And Daman And Diu,dadra_and_nagar_haveli_and_daman_and_diu,45.18,0.0,336.42,0.0,0.36,
2013-08-01,Dadra And Nagar Haveli And Daman And Diu,dadra_and_nagar_haveli_and_daman_and_diu,55.22,0.0,411.18,0.0,0.44,
2013-09-01,Dadra And Nagar Haveli And Daman And Diu,dadra_and_nagar_haveli_and_daman_and_diu,45.18,0.0,336.42,0.0,0.36,
2013-10-01,Dadra And Nagar Haveli And Daman And Diu,dadra_and_nagar_haveli_and_daman_and_diu,25.1,0.0,186.9,0.0,0.2,
2013-11-01,Dadra And Nagar Haveli And Daman And Diu,dadra_and_nagar_haveli_and_daman_and_diu,12.55,0.0,93.45,0.0,0.1,
2013-12-01,Dadra And Nagar Haveli And Daman And Diu,dadra_and_nagar_haveli_and_daman_and_diu,7.529999999999999,0.0,56.07,0.0,0.06,
2014-01-01,Dadra And Nagar Haveli And Daman And Diu,dadra_and_nagar_haveli_and_daman_and_diu,,,14.5,0.02,0.0,
2014-02-01,Dadra And Nagar Haveli And Daman And Diu,dadra_and_nagar_haveli_and_daman_and_diu,,,14.5,0.02,0.0,
2014-03-01,Dadra And Nagar Haveli And Daman And Diu,dadra_and_nagar_haveli_and_daman_and_diu,,,21.75,0.03,0.0,
2014-04-01,Dadra And Nagar Haveli And Daman And Diu,dadra_and_nagar_haveli_and_daman_and_diu,,,29.0,0.04,0.0,
2014-05-01,Dadra And Nagar Haveli And Daman And Diu,dadra_and_nagar_haveli_and_daman_and_diu,,,36.25,0.05,0.0,
2014-06-01,Dadra And Nagar Haveli And Daman And Diu,dadra_and_nagar_haveli_and_daman_and_diu,,,58.0,0.08,0.0,
2014-07-01,Dadra And Nagar Haveli And Daman And Diu,dadra_and_nagar_haveli_and_daman_and_diu,,,130.5,0.18,0.0,
2014-08-01,Dadra And Nagar Haveli And Daman And Diu,dadra_and_nagar_haveli_and_daman_and_diu,,,159.5,0.22,0.0,
2014-09-01,Dadra And Nagar Haveli And Daman And Diu,dadra_and_nagar_haveli_and_daman_and_diu,,,130.5,0.18,0.0,
2014-10-01,Dadra And Nagar Haveli And Daman And Diu,dadra_and_nagar_haveli_and_daman_and_diu,,,72.5,0.1,0.0,
2014-11-01,Dadra And Nagar Haveli And Daman And Diu,dadra_and_nagar_haveli_and_daman_and_diu,,,36.25,0.05,0.0,
2014-12-01,Dadra And Nagar Haveli And Daman And Diu,dadra_and_nagar_haveli_and_daman_and_diu,,,21.75,0.03,0.0,
2015-01-01,Dadra And Nagar Haveli And Daman And Diu,dadra_and_nagar_haveli_and_daman_and_diu,,,10.040000000000001,0.0,1.28,
2015-02-01,Dadra And Nagar Haveli And Daman And Diu,dadra_and_nagar_haveli_and_daman_and_diu,,,10.040000000000001,0.0,1.28,
2015-03-01,Dadra And Nagar Haveli And Daman And Diu,dadra_and_nagar_haveli_and_daman_and_diu,,,15.059999999999999,0.0,1.92,
2015-04-01,Dadra And Nagar Haveli And Daman And Diu,dadra_and_nagar_haveli_and_daman_and_diu,,,20.080000000000002,0.0,2.56,
2015-05-01,Dadra And Nagar Haveli And Daman And Diu,dadra_and_nagar_haveli_and_daman_and_diu,,,25.1,0.0,3.2,
2015-06-01,Dadra And Nagar Haveli And Daman And Diu,dadra_and_nagar_haveli_and_daman_and_diu,,,40.160000000000004,0.0,5.12,
2015-07-01,Dadra And Nagar Haveli And Daman And Diu,dadra_and_nagar_haveli_and_daman_and_diu,,,90.36,0.0,11.52,
2015-08-01,Dadra And Nagar Haveli And Daman And Diu,dadra_and_nagar_haveli_and_daman_and_diu,,,110.44,0.0,14.08,
2015-09-01,Dadra And Nagar Haveli And Daman And Diu,dadra_and_nagar_haveli_and_daman_and_diu,,,90.36,0.0,11.52,
2015-10-01,Dadra And Nagar Haveli And Daman And Diu,dadra_and_nagar_haveli_and_daman_and_diu,,,50.2,0.0,6.4,
2015-11-01,Dadra And Nagar Haveli And Daman And Diu,dadra_and_nagar_haveli_and_daman_and_diu,,,25.1,0.0,3.2,
2015-12-01,Dadra And Nagar Haveli And Daman And Diu,dadra_and_nagar_haveli_and_daman_and_diu,,,15.059999999999999,0.0,1.92,
2016-01-01,Dadra And Nagar Haveli And Daman And Diu,dadra_and_nagar_haveli_and_daman_and_diu,,,8.46,0.0,0.0,
2016-02-01,Dadra And Nagar Haveli And Daman And Diu,dadra_and_nagar_haveli_and_daman_and_diu,,,8.46,0.0,0.0,
2016-03-01,Dadra And Nagar Haveli And Daman And Diu,dadra_and_nagar_haveli_and_daman_and_diu,,,12.69,0.0,0.0,
2016-04-01,Dadra And Nagar Haveli And Daman And Diu,dadra_and_nagar_haveli_and_daman_and_diu,,,16.92,0.0,0.0,
2016-05-01,Dadra And Nagar Haveli And Daman And Diu,dadra_and_nagar_haveli_and_daman_and_diu,,,21.150000000000002,0.0,0.0,
2016-06-01,Dadra And Nagar Haveli And Daman And Diu,dadra_and_nagar_haveli_and_daman_and_diu,,,33.84,0.0,0.0,
2016-07-01,Dadra And Nagar Haveli And Daman And Diu,dadra_and_nagar_haveli_and_daman_and_diu,,,76.14,0.0,0.0,
2016-08-01,Dadra And Nagar Haveli And Daman And Diu,dadra_and_nagar_haveli_and_daman_and_diu,,,93.06,0.0,0.0,
2016-09-01,Dadra And Nagar Haveli And Daman And Diu,dadra_and_nagar_haveli_and_daman_and_diu,,,76.14,0.0,0.0,
2016-10-01,Dadra And Nagar Haveli And Daman And Diu,dadra_and_nagar_haveli_and_daman_and_diu,,,42.300000000000004,0.0,0.0,
2016-11-01,Dadra And Nagar Haveli And Daman And Diu,dadra_and_nagar_haveli_and_daman_and_diu,,,21.150000000000002,0.0,0.0,
2016-12-01,Dadra And Nagar Haveli And Daman And Diu,dadra_and_nagar_haveli_and_daman_and_diu,,,12.69,0.0,0.0,
2017-01-01,Dadra And Nagar Haveli And Daman And Diu,dadra_and_nagar_haveli_and_daman_and_diu,42.46,0.0,6.5600000000000005,0.0,0.0,
2017-02-01,Dadra And Nagar Haveli And Daman And Diu,dadra_and_nagar_haveli_and_daman_and_diu,42.46,0.0,6.5600000000000005,0.0,0.0,
2017-03-01,Dadra And Nagar Haveli And Daman And Diu,dadra_and_nagar_haveli_and_daman_and_diu,63.69,0.0,9.84,0.0,0.0,
2017-04-01,Dadra And Nagar Haveli And Daman And Diu,dadra_and_nagar_haveli_and_daman_and_diu,84.92,0.0,13.120000000000001,0.0,0.0,
2017-05-01,Dadra And Nagar Haveli And Daman And Diu,dadra_and_nagar_haveli_and_daman_and_diu,106.15,0.0,16.400000000000002,0.0,0.0,
2017-06-01,Dadra And Nagar Haveli And Daman And Diu,dadra_and_nagar_haveli_and_daman_and_diu,169.84,0.0,26.240000000000002,0.0,0.0,
2017-07-01,Dadra And Nagar Haveli And Daman And Diu,dadra_and_nagar_haveli_and_daman_and_diu,382.14,0.0,59.04,0.0,0.0,
2017-08-01,Dadra And Nagar Haveli And Daman And Diu,dadra_and_nagar_haveli_and_daman_and_diu,467.06,0.0,72.16,0.0,0.0,
2017-09-01,Dadra And Nagar Haveli And Daman And Diu,dadra_and_nagar_haveli_and_daman_and_diu,382.14,0.0,59.04,0.0,0.0,
2017-10-01,Dadra And Nagar Haveli And Daman And Diu,dadra_and_nagar_haveli_and_daman_and_diu,212.3,0.0,32.800000000000004,0.0,0.0,
2017-11-01,Dadra And Nagar Haveli And Daman And Diu,dadra_and_nagar_haveli_and_daman_and_diu,106.15,0.0,16.400000000000002,0.0,0.0,
2017-12-01,Dadra And Nagar Haveli And Daman And Diu,dadra_and_nagar_haveli_and_daman_and_diu,63.69,0.0,9.84,0.0,0.0,
2018-01-01,Dadra And Nagar Haveli And Daman And Diu,dadra_and_nagar_haveli_and_daman_and_diu,13.120000000000001,0.0,4.9,0.02,0.0,
2018-02-01,Dadra And Nagar Haveli And Daman And Diu,dadra_and_nagar_haveli_and_daman_and_diu,13.120000000000001,0.0,4.9,0.02,0.0,
2018-03-01,Dadra And Nagar Haveli And Daman And Diu,dadra_and_nagar_haveli_and_daman_and_diu,19.68,0.0,7.35,0.03,0.0,
2018-04-01,Dadra And Nagar Haveli And Daman And Diu,dadra_and_nagar_haveli_and_daman_and_diu,26.240000000000002,0.0,9.8,0.04,0.0,
2018-05-01,Dadra And Nagar Haveli And Daman And Diu,dadra_and_nagar_haveli_and_daman_and_diu,32.800000000000004,0.0,12.25,0.05,0.0,
2018-06-01,Dadra And Nagar Haveli And Daman And Diu,dadra_and_nagar_haveli_and_daman_and_diu,52.480000000000004,0.0,19.6,0.08,0.0,
2018-07-01,Dadra And Nagar Haveli And Daman And Diu,dadra_and_nagar_haveli_and_daman_and_diu,118.08,0.0,44.1,0.18,0.0,
2018-08-01,Dadra And Nagar Haveli And Daman And Diu,dadra_and_nagar_haveli_and_daman_and_diu,144.32,0.0,53.9,0.22,0.0,
2018-09-01,Dadra And Nagar Haveli And Daman And Diu,dadra_and_nagar_haveli_and_daman_and_diu,118.08,0.0,44.1,0.18,0.0,
2018-10-01,Dadra And Nagar Haveli And Daman And Diu,dadra_and_nagar_haveli_and_daman_and_diu,65.60000000000001,0.0,24.5,0.1,0.0,
2018-11-01,Dadra And Nagar Haveli And Daman And Diu,dadra_and_nagar_haveli_and_daman_and_diu,32.800000000000004,0.0,12.25,0.05,0.0,
2018-12-01,Dadra And Nagar Haveli And Daman And Diu,dadra_and_nagar_haveli_and_daman_and_diu,19.68,0.0,7.35,0.03,0.0,
2019-01-01,Dadra And Nagar Haveli And Daman And Diu,dadra_and_nagar_haveli_and_daman_and_diu,42.32,0.08,1.62,0.0,0.0,
2019-02-01,Dadra And Nagar Haveli And Daman And Diu,dadra_and_nagar_haveli_and_daman_and_diu,42.32,0.08,1.62,0.0,0.0,
2019-03-01,Dadra And Nagar Haveli And Daman And Diu,dadra_and_nagar_haveli_and_daman_and_diu,63.48,0.12,2.4299999999999997,0.0,0.0,
2019-04-01,Dadra And Nagar Haveli And Daman And Diu,dadra_and_nagar_haveli_and_daman_and_diu,84.64,0.16,3.24,0.0,0.0,
2019-05-01,Dadra And Nagar Haveli And Daman And Diu,dadra_and_nagar_haveli_and_daman_and_diu,105.80000000000001,0.2,4.05,0.0,0.0,
2019-06-01,Dadra And Nagar Haveli And Daman And Diu,dadra_and_nagar_haveli_and_daman_and_diu,169.28,0.32,6.48,0.0,0.0,
2019-07-01,Dadra And Nagar Haveli And Daman And Diu,dadra_and_nagar_haveli_and_daman_and_diu,380.88,0.72,14.58,0.0,0.0,
2019-08-01,Dadra And Nagar Haveli And Daman And Diu,dadra_and_nagar_haveli_and_daman_and_diu,465.52,0.88,17.82,0.0,0.0,
2019-09-01,Dadra And Nagar Haveli And Daman And Diu,dadra_and_nagar_haveli_and_daman_and_diu,380.88,0.72,14.58,0.0,0.0,
2019-10-01,Dadra And Nagar Haveli And Daman And Diu,dadra_and_nagar_haveli_and_daman_and_diu,211.60000000000002,0.4,8.1,0.0,0.0,
2019-11-01,Dadra And Nagar Haveli And Daman And Diu,dadra_and_nagar_haveli_and_daman_and_diu,105.80000000000001,0.2,4.05,0.0,0.0,
2019-12-01,Dadra And Nagar Haveli And Daman And Diu,dadra_and_nagar_haveli_and_daman_and_diu,63.48,0.12,2.4299999999999997,0.0,0.0,
2020-01-01,Dadra And Nagar Haveli And Daman And Diu,dadra_and_nagar_haveli_and_daman_and_diu,6.38,0.0,0.8,0.0,0.0,
2020-02-01,Dadra And Nagar Haveli And Daman And Diu,dadra_and_nagar_haveli_and_daman_and_diu,6.38,0.0,0.8,0.0,0.0,
2020-03-01,Dadra And Nagar Haveli And Daman And Diu,dadra_and_nagar_haveli_and_daman_and_diu,9.57,0.0,1.2,0.0,0.0,
2020-04-01,Dadra And Nagar Haveli And Daman And Diu,dadra_and_nagar_haveli_and_daman_and_diu,12.76,0.0,1.6,0.0,0.0,
2020-05-01,Dadra And Nagar Haveli And Daman And Diu,dadra_and_nagar_haveli_and_daman_and_diu,15.950000000000001,0.0,2.0,0.0,0.0,
2020-06-01,Dadra And Nagar Haveli And Daman And Diu,dadra_and_nagar_haveli_and_daman_and_diu,25.52,0.0,3.2,0.0,0.0,
2020-07-01,Dadra And Nagar Haveli And Daman And Diu,dadra_and_nagar_haveli_and_daman_and_diu,57.419999999999995,0.0,7.199999999999999,0.0,0.0,
2020-08-01,Dadra And Nagar Haveli And Daman And Diu,dadra_and_nagar_haveli_and_daman_and_diu,70.18,0.0,8.8,0.0,0.0,
2020-09-01,Dadra And Nagar Haveli And Daman And Diu,dadra_and_nagar_haveli_and_daman_and_diu,57.419999999999995,0.0,7.199999999999999,0.0,0.0,
2020-10-01,Dadra And Nagar Haveli And Daman And Diu,dadra_and_nagar_haveli_and_daman_and_diu,31.900000000000002,0.0,4.0,0.0,0.0,
2020-11-01,Dadra And Nagar Haveli And Daman And Diu,dadra_and_nagar_haveli_and_daman_and_diu,15.950000000000001,0.0,2.0,0.0,0.0,
2020-12-01,Dadra And Nagar Haveli And Daman And Diu,dadra_and_nagar_haveli_and_daman_and_diu,9.57,0.0,1.2,0.0,0.0,
2021-01-01,Dadra And Nagar Haveli And Daman And Diu,dadra_and_nagar_haveli_and_daman_and_diu,16.52,0.0,1.08,0.0,0.0,
2021-02-01,Dadra And Nagar Haveli And Daman And Diu,dadra_and_nagar_haveli_and_daman_and_diu,16.52,0.0,1.08,0.0,0.0,
2021-03-01,Dadra And Nagar Haveli And Daman And Diu,dadra_and_nagar_haveli_and_daman_and_diu,24.779999999999998,0.0,1.6199999999999999,0.0,0.0,
2021-04-01,Dadra And Nagar Haveli And Daman And Diu,dadra_and_nagar_haveli_and_daman_and_diu,33.04,0.0,2.16,0.0,0.0,
2021-05-01,Dadra And Nagar Haveli And Daman And Diu,dadra_and_nagar_haveli_and_daman_and_diu,41.300000000000004,0.0,2.7,0.0,0.0,
2021-06-01,Dadra And Nagar Haveli And Daman And Diu,dadra_and_nagar_haveli_and_daman_and_diu,66.08,0.0,4.32,0.0,0.0,
2021-07-01,Dadra And Nagar Haveli And Daman And Diu,dadra_and_nagar_haveli_and_daman_and_diu,148.68,0.0,9.719999999999999,0.0,0.0,
2021-08-01,Dadra And Nagar Haveli And Daman And Diu,dadra_and_nagar_haveli_and_daman_and_diu,181.72,0.0,11.88,0.0,0.0,
2021-09-01,Dadra And Nagar Haveli And Daman And Diu,dadra_and_nagar_haveli_and_daman_and_diu,148.68,0.0,9.719999999999999,0.0,0.0,
2021-10-01,Dadra And Nagar Haveli And Daman And Diu,dadra_and_nagar_haveli_and_daman_and_diu,82.60000000000001,0.0,5.4,0.0,0.0,
2021-11-01,Dadra And Nagar Haveli And Daman And Diu,dadra_and_nagar_haveli_and_daman_and_diu,41.300000000000004,0.0,2.7,0.0,0.0,
2021-12-01,Dadra And Nagar Haveli And Daman And Diu,dadra_and_nagar_haveli_and_daman_and_diu,24.779999999999998,0.0,1.6199999999999999,0.0,0.0,
2022-01-01,Dadra And Nagar Haveli And Daman And Diu,dadra_and_nagar_haveli_and_daman_and_diu,18.26,0.0,0.78,0.0,0.02,
2022-02-01,Dadra And Nagar Haveli And Daman And Diu,dadra_and_nagar_haveli_and_daman_and_diu,18.26,0.0,0.78,0.0,0.02,
2022-03-01,Dadra And Nagar Haveli And Daman And Diu,dadra_and_nagar_haveli_and_daman_and_diu,27.39,0.0,1.17,0.0,0.03,
2022-04-01,Dadra And Nagar Haveli And Daman And Diu,dadra_and_nagar_haveli_and_daman_and_diu,36.52,0.0,1.56,0.0,0.04,
2022-05-01,Dadra And Nagar Haveli And Daman And Diu,dadra_and_nagar_haveli_and_daman_and_diu,45.650000000000006,0.0,1.9500000000000002,0.0,0.05,
2022-06-01,Dadra And Nagar Haveli And Daman And Diu,dadra_and_nagar_haveli_and_daman_and_diu,73.04,0.0,3.12,0.0,0.08,
2022-07-01,Dadra And Nagar Haveli And Daman And Diu,dadra_and_nagar_haveli_and_daman_and_diu,164.34,0.0,7.02,0.0,0.18,
2022-08-01,Dadra And Nagar Haveli And Daman And Diu,dadra_and_nagar_haveli_and_daman_and_diu,200.86,0.0,8.58,0.0,0.22,
2022-09-01,Dadra And Nagar Haveli And Daman And Diu,dadra_and_nagar_haveli_and_daman_and_diu,164.34,0.0,7.02,0.0,0.18,
2022-10-01,Dadra And Nagar Haveli And Daman And Diu,dadra_and_nagar_haveli_and_daman_and_diu,91.30000000000001,0.0,3.9000000000000004,0.0,0.1,
2022-11-01,Dadra And Nagar Haveli And Daman And Diu,dadra_and_nagar_haveli_and_daman_and_diu,45.650000000000006,0.0,1.9500000000000002,0.0,0.05,
2022-12-01,Dadra And Nagar Haveli And Daman And Diu,dadra_and_nagar_haveli_and_daman_and_diu,27.39,0.0,1.17,0.0,0.03,
1999-01-01,Delhi,delhi,3.36,0.04,,,,
1999-02-01,Delhi,delhi,3.36,0.04,,,,
1999-03-01,Delhi,delhi,5.04,0.06,,,,
1999-04-01,Delhi,delhi,6.72,0.08,,,,
1999-05-01,Delhi,delhi,8.4,0.1,,,,
1999-06-01,Delhi,delhi,13.44,0.16,,,,
1999-07-01,Delhi,delhi,30.24,0.36,,,,
1999-08-01,Delhi,delhi,36.96,0.44,,,,
1999-09-01,Delhi,delhi,30.24,0.36,,,,
1999-10-01,Delhi,delhi,16.8,0.2,,,,
1999-11-01,Delhi,delhi,8.4,0.1,,,,
1999-12-01,Delhi,delhi,5.04,0.06,,,,
2000-01-01,Delhi,delhi,3.6,0.04,,,,
2000-02-01,Delhi,delhi,3.6,0.04,,,,
2000-03-01,Delhi,delhi,5.3999999999999995,0.06,,,,
2000-04-01,Delhi,delhi,7.2,0.08,,,,
2000-05-01,Delhi,delhi,9.0,0.1,,,,
2000-06-01,Delhi,delhi,14.4,0.16,,,,
2000-07-01,Delhi,delhi,32.4,0.36,,,,
2000-08-01,Delhi,delhi,39.6,0.44,,,,
2000-09-01,Delhi,delhi,32.4,0.36,,,,
2000-10-01,Delhi,delhi,18.0,0.2,,,,
2000-11-01,Delhi,delhi,9.0,0.1,,,,
2000-12-01,Delhi,delhi,5.3999999999999995,0.06,,,,
2001-01-01,Delhi,delhi,6.44,0.06,29.68,0.0,,
2001-02-01,Delhi,delhi,6.44,0.06,29.68,0.0,,
2001-03-01,Delhi,delhi,9.66,0.09,44.519999999999996,0.0,,
2001-04-01,Delhi,delhi,12.88,0.12,59.36,0.0,,
2001-05-01,Delhi,delhi,16.1,0.15000000000000002,74.2,0.0,,
2001-06-01,Delhi,delhi,25.76,0.24,118.72,0.0,,
2001-07-01,Delhi,delhi,57.96,0.54,267.12,0.0,,
2001-08-01,Delhi,delhi,70.84,0.66,326.48,0.0,,
2001-09-01,Delhi,delhi,57.96,0.54,267.12,0.0,,
2001-10-01,Delhi,delhi,32.2,0.30000000000000004,148.4,0.0,,
2001-11-01,Delhi,delhi,16.1,0.15000000000000002,74.2,0.0,,
2001-12-01,Delhi,delhi,9.66,0.09,44.519999999999996,0.0,,
2002-01-01,Delhi,delhi,0.9,0.04,29.68,0.0,,
2002-02-01,Delhi,delhi,0.9,0.04,29.68,0.0,,
2002-03-01,Delhi,delhi,1.3499999999999999,0.06,44.519999999999996,0.0,,
2002-04-01,Delhi,delhi,1.8,0.08,59.36,0.0,,
2002-05-01,Delhi,delhi,2.25,0.1,74.2,0.0,,
2002-06-01,Delhi,delhi,3.6,0.16,118.72,0.0,,
2002-07-01,Delhi,delhi,8.1,0.36,267.12,0.0,,
2002-08-01,Delhi,delhi,9.9,0.44,326.48,0.0,,
2002-09-01,Delhi,delhi,8.1,0.36,267.12,0.0,,
2002-10-01,Delhi,delhi,4.5,0.2,148.4,0.0,,
2002-11-01,Delhi,delhi,2.25,0.1,74.2,0.0,,
2002-12-01,Delhi,delhi,1.3499999999999999,0.06,44.519999999999996,0.0,,
2003-01-01,Delhi,delhi,57.64,0.7000000000000001,16.78,0.0,,
2003-02-01,Delhi,delhi,57.64,0.7000000000000001,16.78,0.0,,
2003-03-01,Delhi,delhi,86.46,1.05,25.169999999999998,0.0,,
2003-04-01,Delhi,delhi,115.28,1.4000000000000001,33.56,0.0,,
2003-05-01,Delhi,delhi,144.1,1.75,41.95,0.0,,
2003-06-01,Delhi,delhi,230.56,2.8000000000000003,67.12,0.0,,
2003-07-01,Delhi,delhi,518.76,6.3,151.01999999999998,0.0,,
2003-08-01,Delhi,delhi,634.04,7.7,184.58,0.0,,
2003-09-01,Delhi,delhi,518.76,6.3,151.01999999999998,0.0,,
2003-10-01,Delhi,delhi,288.2,3.5,83.9,0.0,,
2003-11-01,Delhi,delhi,144.1,1.75,41.95,0.0,,
2003-12-01,Delhi,delhi,86.46,1.05,25.169999999999998,0.0,,
2004-01-01,Delhi,delhi,12.120000000000001,0.06,26.32,0.0,,
2004-02-01,Delhi,delhi,12.120000000000001,0.06,26.32,0.0,,
2004-03-01,Delhi,delhi,18.18,0.09,39.48,0.0,,
2004-04-01,Delhi,delhi,24.240000000000002,0.12,52.64,0.0,,
2004-05-01,Delhi,delhi,30.3,0.15000000000000002,65.8,0.0,,
2004-06-01,Delhi,delhi,48.480000000000004,0.24,105.28,0.0,,
2004-07-01,Delhi,delhi,109.08,0.54,236.88,0.0,,
2004-08-01,Delhi,delhi,133.32,0.66,289.52,0.0,,
2004-09-01,Delhi,delhi,109.08,0.54,236.88,0.0,,
2004-10-01,Delhi,delhi,60.6,0.30000000000000004,131.6,0.0,,
2004-11-01,Delhi,delhi,30.3,0.15000000000000002,65.8,0.0,,
2004-12-01,Delhi,delhi,18.18,0.09,39.48,0.0,,
2005-01-01,Delhi,delhi,20.46,0.18,22.66,0.0,,
2005-02-01,Delhi,delhi,20.46,0.18,22.66,0.0,,
2005-03-01,Delhi,delhi,30.689999999999998,0.27,33.99,0.0,,
2005-04-01,Delhi,delhi,40.92,0.36,45.32,0.0,,
2005-05-01,Delhi,delhi,51.150000000000006,0.45,56.650000000000006,0.0,,
2005-06-01,Delhi,delhi,81.84,0.72,90.64,0.0,,
2005-07-01,Delhi,delhi,184.14,1.6199999999999999,203.94,0.0,,
2005-08-01,Delhi,delhi,225.06,1.98,249.26,0.0,,
2005-09-01,Delhi,delhi,184.14,1.6199999999999999,203.94,0.0,,
2005-10-01,Delhi,delhi,102.30000000000001,0.9,113.30000000000001,0.0,,
2005-11-01,Delhi,delhi,51.150000000000006,0.45,56.650000000000006,0.0,,
2005-12-01,Delhi,delhi,30.689999999999998,0.27,33.99,0.0,,
2006-01-01,Delhi,delhi,67.32000000000001,1.3,18.56,0.0,11.200000000000001,
2006-02-01,Delhi,delhi,67.32000000000001,1.3,18.56,0.0,11.200000000000001,
2006-03-01,Delhi,delhi,100.97999999999999,1.95,27.84,0.0,16.8,
2006-04-01,Delhi,delhi,134.64000000000001,2.6,37.12,0.0,22.400000000000002,
2006-05-01,Delhi,delhi,168.3,3.25,46.400000000000006,0.0,28.0,
2006-06-01,Delhi,delhi,269.28000000000003,5.2,74.24,0.0,44.800000000000004,
2006-07-01,Delhi,delhi,605.88,11.7,167.04,0.0,100.8,
2006-08-01,Delhi,delhi,740.52,14.3,204.16,0.0,123.2,
2006-09-01,Delhi,delhi,605.88,11.7,167.04,0.0,100.8,
2006-10-01,Delhi,delhi,336.6,6.5,92.80000000000001,0.0,56.0,
2006-11-01,Delhi,delhi,168.3,3.25,46.400000000000006,0.0,28.0,
2006-12-01,Delhi,delhi,100.97999999999999,1.95,27.84,0.0,16.8,
2007-01-01,Delhi,delhi,10.96,0.02,3.64,0.0,9.040000000000001,
2007-02-01,Delhi,delhi,10.96,0.02,3.64,0.0,9.040000000000001,
2007-03-01,Delhi,delhi,16.439999999999998,0.03,5.46,0.0,13.559999999999999,
2007-04-01,Delhi,delhi,21.92,0.04,7.28,0.0,18.080000000000002,
2007-05-01,Delhi,delhi,27.400000000000002,0.05,9.1,0.0,22.6,
2007-06-01,Delhi,delhi,43.84,0.08,14.56,0.0,36.160000000000004,
2007-07-01,Delhi,delhi,98.64,0.18,32.76,0.0,81.36,
2007-08-01,Delhi,delhi,120.56,0.22,40.04,0.0,99.44,
2007-09-01,Delhi,delhi,98.64,0.18,32.76,0.0,81.36,
2007-10-01,Delhi,delhi,54.800000000000004,0.1,18.2,0.0,45.2,
2007-11-01,Delhi,delhi,27.400000000000002,0.05,9.1,0.0,22.6,
2007-12-01,Delhi,delhi,16.439999999999998,0.03,5.46,0.0,13.559999999999999,
2008-01-01,Delhi,delhi,26.240000000000002,0.04,5.0600000000000005,0.0,0.28,
2008-02-01,Delhi,delhi,26.240000000000002,0.04,5.0600000000000005,0.0,0.28,
2008-03-01,Delhi,delhi,39.36,0.06,7.59,0.0,0.42,
2008-04-01,Delhi,delhi,52.480000000000004,0.08,10.120000000000001,0.0,0.56,
2008-05-01,Delhi,delhi,65.60000000000001,0.1,12.65,0.0,0.7000000000000001,
2008-06-01,Delhi,delhi,104.96000000000001,0.16,20.240000000000002,0.0,1.12,
2008-07-01,Delhi,delhi,236.16,0.36,45.54,0.0,2.52,
2008-08-01,Delhi,delhi,288.64,0.44,55.660000000000004,0.0,3.08,
2008-09-01,Delhi,delhi,236.16,0.36,45.54,0.0,2.52,
2008-10-01,Delhi,delhi,131.20000000000002,0.2,25.3,0.0,1.4000000000000001,
2008-11-01,Delhi,delhi,65.60000000000001,0.1,12.65,0.0,0.7000000000000001,
2008-12-01,Delhi,delhi,39.36,0.06,7.59,0.0,0.42,
2009-01-01,Delhi,delhi,23.06,0.06,3.38,0.0,0.36,
2009-02-01,Delhi,delhi,23.06,0.06,3.38,0.0,0.36,
2009-03-01,Delhi,delhi,34.589999999999996,0.09,5.069999999999999,0.0,0.54,
2009-04-01,Delhi,delhi,46.12,0.12,6.76,0.0,0.72,
2009-05-01,Delhi,delhi,57.650000000000006,0.15000000000000002,8.450000000000001,0.0,0.9,
2009-06-01,Delhi,delhi,92.24,0.24,13.52,0.0,1.44,
2009-07-01,Delhi,delhi,207.54,0.54,30.419999999999998,0.0,3.2399999999999998,
2009-08-01,Delhi,delhi,253.66,0.66,37.18,0.0,3.96,
2009-09-01,Delhi,delhi,207.54,0.54,30.419999999999998,0.0,3.2399999999999998,
2009-10-01,Delhi,delhi,115.30000000000001,0.30000000000000004,16.900000000000002,0.0,1.8,
2009-11-01,Delhi,delhi,57.650000000000006,0.15000000000000002,8.450000000000001,0.0,0.9,
2009-12-01,Delhi,delhi,34.589999999999996,0.09,5.069999999999999,0.0,0.54,
2010-01-01,Delhi,delhi,125.18,0.16,5.0200000000000005,0.0,2.4,
2010-02-01,Delhi,delhi,125.18,0.16,5.0200000000000005,0.0,2.4,
2010-03-01,Delhi,delhi,187.76999999999998,0.24,7.529999999999999,0.0,3.5999999999999996,
2010-04-01,Delhi,delhi,250.36,0.32,10.040000000000001,0.0,4.8,
2010-05-01,Delhi,delhi,312.95000000000005,0.4,12.55,0.0,6.0,
2010-06-01,Delhi,delhi,500.72,0.64,20.080000000000002,0.0,9.6,
2010-07-01,Delhi,delhi,1126.62,1.44,45.18,0.0,21.599999999999998,
2010-08-01,Delhi,delhi,1376.98,1.76,55.22,0.0,26.4,
2010-09-01,Delhi,delhi,1126.62,1.44,45.18,0.0,21.599999999999998,
2010-10-01,Delhi,delhi,625.9000000000001,0.8,25.1,0.0,12.0,
2010-11-01,Delhi,delhi,312.95000000000005,0.4,12.55,0.0,6.0,
2010-12-01,Delhi,delhi,187.76999999999998,0.24,7.529999999999999,0.0,3.5999999999999996,
2011-01-01,Delhi,delhi,22.62,0.16,8.26,0.0,2.2,
2011-02-01,Delhi,delhi,22.62,0.16,8.26,0.0,2.2,
2011-03-01,Delhi,delhi,33.93,0.24,12.389999999999999,0.0,3.3,
2011-04-01,Delhi,delhi,45.24,0.32,16.52,0.0,4.4,
2011-05-01,Delhi,delhi,56.550000000000004,0.4,20.650000000000002,0.0,5.5,
2011-06-01,Delhi,delhi,90.48,0.64,33.04,0.0,8.8,
2011-07-01,Delhi,delhi,203.57999999999998,1.44,74.34,0.0,19.8,
2011-08-01,Delhi,delhi,248.82,1.76,90.86,0.0,24.2,
2011-09-01,Delhi,delhi,203.57999999999998,1.44,74.34,0.0,19.8,
2011-10-01,Delhi,delhi,113.10000000000001,0.8,41.300000000000004,0.0,11.0,
2011-11-01,Delhi,delhi,56.550000000000004,0.4,20.650000000000002,0.0,5.5,
2011-12-01,Delhi,delhi,33.93,0.24,12.389999999999999,0.0,3.3,
2012-01-01,Delhi,delhi,41.86,0.08,7.640000000000001,0.0,0.12,
2012-02-01,Delhi,delhi,41.86,0.08,7.640000000000001,0.0,0.12,
2012-03-01,Delhi,delhi,62.79,0.12,11.459999999999999,0.0,0.18,
2012-04-01,Delhi,delhi,83.72,0.16,15.280000000000001,0.0,0.24,
2012-05-01,Delhi,delhi,104.65,0.2,19.1,0.0,0.30000000000000004,
2012-06-01,Delhi,delhi,167.44,0.32,30.560000000000002,0.0,0.48,
2012-07-01,Delhi,delhi,376.74,0.72,68.75999999999999,0.0,1.08,
2012-08-01,Delhi,delhi,460.46,0.88,84.04,0.0,1.32,
2012-09-01,Delhi,delhi,376.74,0.72,68.75999999999999,0.0,1.08,
2012-10-01,Delhi,delhi,209.3,0.4,38.2,0.0,0.6000000000000001,
2012-11-01,Delhi,delhi,104.65,0.2,19.1,0.0,0.30000000000000004,
2012-12-01,Delhi,delhi,62.79,0.12,11.459999999999999,0.0,0.18,
2013-01-01,Delhi,delhi,111.48,0.12,7.0600000000000005,0.0,0.36,
2013-02-01,Delhi,delhi,111.48,0.12,7.0600000000000005,0.0,0.36,
2013-03-01,Delhi,delhi,167.22,0.18,10.59,0.0,0.54,
2013-04-01,Delhi,delhi,222.96,0.24,14.120000000000001,0.0,0.72,
2013-05-01,Delhi,delhi,278.7,0.30000000000000004,17.650000000000002,0.0,0.9,
2013-06-01,Delhi,delhi,445.92,0.48,28.240000000000002,0.0,1.44,
2013-07-01,Delhi,delhi,1003.3199999999999,1.08,63.54,0.0,3.2399999999999998,
2013-08-01,Delhi,delhi,1226.28,1.32,77.66,0.0,3.96,
2013-09-01,Delhi,delhi,1003.3199999999999,1.08,63.54,0.0,3.2399999999999998,
2013-10-01,Delhi,delhi,557.4,0.6000000000000001,35.300000000000004,0.0,1.8,
2013-11-01,Delhi,delhi,278.7,0.30000000000000004,17.650000000000002,0.0,0.9,
2013-12-01,Delhi,delhi,167.22,0.18,10.59,0.0,0.54,
2014-01-01,Delhi,delhi,,,1.96,0.0,0.16,
2014-02-01,Delhi,delhi,,,1.96,0.0,0.16,
2014-03-01,Delhi,delhi,,,2.94,0.0,0.24,
2014-04-01,Delhi,delhi,,,3.92,0.0,0.32,
2014-05-01,Delhi,delhi,,,4.9,0.0,0.4,
2014-06-01,Delhi,delhi,,,7.84,0.0,0.64,
2014-07-01,Delhi,delhi,,,17.64,0.0,1.44,
2014-08-01,Delhi,delhi,,,21.56,0.0,1.76,
2014-09-01,Delhi,delhi,,,17.64,0.0,1.44,
2014-10-01,Delhi,delhi,,,9.8,0.0,0.8,
2014-11-01,Delhi,delhi,,,4.9,0.0,0.4,
2014-12-01,Delhi,delhi,,,2.94,0.0,0.24,
2015-01-01,Delhi,delhi,,,1.08,0.0,0.0,
2015-02-01,Delhi,delhi,,,1.08,0.0,0.0,
2015-03-01,Delhi,delhi,,,1.6199999999999999,0.0,0.0,
2015-04-01,Delhi,delhi,,,2.16,0.0,0.0,
2015-05-01,Delhi,delhi,,,2.7,0.0,0.0,
2015-06-01,Delhi,delhi,,,4.32,0.0,0.0,
2015-07-01,Delhi,delhi,,,9.719999999999999,0.0,0.0,
2015-08-01,Delhi,delhi,,,11.88,0.0,0.0,
2015-09-01,Delhi,delhi,,,9.719999999999999,0.0,0.0,
2015-10-01,Delhi,delhi,,,5.4,0.0,0.0,
2015-11-01,Delhi,delhi,,,2.7,0.0,0.0,
2015-12-01,Delhi,delhi,,,1.6199999999999999,0.0,0.0,
2016-01-01,Delhi,delhi,,,0.62,0.0,245.58,
2016-02-01,Delhi,delhi,,,0.62,0.0,245.58,
2016-03-01,Delhi,delhi,,,0.9299999999999999,0.0,368.37,
2016-04-01,Delhi,delhi,,,1.24,0.0,491.16,
2016-05-01,Delhi,delhi,,,1.55,0.0,613.95,
2016-06-01,Delhi,delhi,,,2.48,0.0,982.32,
2016-07-01,Delhi,delhi,,,5.58,0.0,2210.22,
2016-08-01,Delhi,delhi,,,6.82,0.0,2701.38,
2016-09-01,Delhi,delhi,,,5.58,0.0,2210.22,
2016-10-01,Delhi,delhi,,,3.1,0.0,1227.9,
2016-11-01,Delhi,delhi,,,1.55,0.0,613.95,
2016-12-01,Delhi,delhi,,,0.9299999999999999,0.0,368.37,
2017-01-01,Delhi,delhi,185.42000000000002,0.2,11.540000000000001,0.0,18.8,
2017-02-01,Delhi,delhi,185.42000000000002,0.2,11.540000000000001,0.0,18.8,
2017-03-01,Delhi,delhi,278.13,0.3,17.31,0.0,28.2,
2017-04-01,Delhi,delhi,370.84000000000003,0.4,23.080000000000002,0.0,37.6,
2017-05-01,Delhi,delhi,463.55,0.5,28.85,0.0,47.0,
2017-06-01,Delhi,delhi,741.6800000000001,0.8,46.160000000000004,0.0,75.2,
2017-07-01,Delhi,delhi,1668.78,1.7999999999999998,103.86,0.0,169.2,
2017-08-01,Delhi,delhi,2039.6200000000001,2.2,126.94,0.0,206.8,
2017-09-01,Delhi,delhi,1668.78,1.7999999999999998,103.86,0.0,169.2,
2017-10-01,Delhi,delhi,927.1,1.0,57.7,0.0,94.0,
2017-11-01,Delhi,delhi,463.55,0.5,28.85,0.0,47.0,
2017-12-01,Delhi,delhi,278.13,0.3,17.31,0.0,28.2,
2018-01-01,Delhi,delhi,142.72,0.08,9.46,0.0,8.14,
2018-02-01,Delhi,delhi,142.72,0.08,9.46,0.0,8.14,
2018-03-01,Delhi,delhi,214.07999999999998,0.12,14.19,0.0,12.209999999999999,
2018-04-01,Delhi,delhi,285.44,0.16,18.92,0.0,16.28,
2018-05-01,Delhi,delhi,356.8,0.2,23.650000000000002,0.0,20.35,
2018-06-01,Delhi,delhi,570.88,0.32,37.84,0.0,32.56,
2018-07-01,Delhi,delhi,1284.48,0.72,85.14,0.0,73.25999999999999,
2018-08-01,Delhi,delhi,1569.92,0.88,104.06,0.0,89.54,
2018-09-01,Delhi,delhi,1284.48,0.72,85.14,0.0,73.25999999999999,
2018-10-01,Delhi,delhi,713.6,0.4,47.300000000000004,0.0,40.7,
2018-11-01,Delhi,delhi,356.8,0.2,23.650000000000002,0.0,20.35,
2018-12-01,Delhi,delhi,214.07999999999998,0.12,14.19,0.0,12.209999999999999,
2019-01-01,Delhi,delhi,101.54,0.0,14.26,0.0,10.4,
2019-02-01,Delhi,delhi,101.54,0.0,14.26,0.0,10.4,
2019-03-01,Delhi,delhi,152.31,0.0,21.39,0.0,15.6,
2019-04-01,Delhi,delhi,203.08,0.0,28.52,0.0,20.8,
2019-05-01,Delhi,delhi,253.85000000000002,0.0,35.65,0.0,26.0,
2019-06-01,Delhi,delhi,406.16,0.0,57.04,0.0,41.6,
2019-07-01,Delhi,delhi,913.86,0.0,128.34,0.0,93.6,
2019-08-01,Delhi,delhi,1116.94,0.0,156.86,0.0,114.4,
2019-09-01,Delhi,delhi,913.86,0.0,128.34,0.0,93.6,
2019-10-01,Delhi,delhi,507.70000000000005,0.0,71.3,0.0,52.0,
2019-11-01,Delhi,delhi,253.85000000000002,0.0,35.65,0.0,26.0,
2019-12-01,Delhi,delhi,152.31,0.0,21.39,0.0,15.6,
2020-01-01,Delhi,delhi,25.38,0.0,2.7,0.02,2.52,
2020-02-01,Delhi,delhi,25.38,0.0,2.7,0.02,2.52,
2020-03-01,Delhi,delhi,38.07,0.0,4.05,0.03,3.78,
2020-04-01,Delhi,delhi,50.76,0.0,5.4,0.04,5.04,
2020-05-01,Delhi,delhi,63.45,0.0,6.75,0.05,6.300000000000001,
2020-06-01,Delhi,delhi,101.52,0.0,10.8,0.08,10.08,
2020-07-01,Delhi,delhi,228.42,0.0,24.3,0.18,22.68,
2020-08-01,Delhi,delhi,279.18,0.0,29.7,0.22,27.72,
2020-09-01,Delhi,delhi,228.42,0.0,24.3,0.18,22.68,
2020-10-01,Delhi,delhi,126.9,0.0,13.5,0.1,12.600000000000001,
2020-11-01,Delhi,delhi,63.45,0.0,6.75,0.05,6.300000000000001,
2020-12-01,Delhi,delhi,38.07,0.0,4.05,0.03,3.78,
2021-01-01,Delhi,delhi,261.78000000000003,0.46,3.34,0.0,2.24,
2021-02-01,Delhi,delhi,261.78000000000003,0.46,3.34,0.0,2.24,
2021-03-01,Delhi,delhi,392.66999999999996,0.69,5.01,0.0,3.36,
2021-04-01,Delhi,delhi,523.5600000000001,0.92,6.68,0.0,4.48,
2021-05-01,Delhi,delhi,654.45,1.1500000000000001,8.35,0.0,5.6000000000000005,
2021-06-01,Delhi,delhi,1047.1200000000001,1.84,13.36,0.0,8.96,
2021-07-01,Delhi,delhi,2356.02,4.14,30.06,0.0,20.16,
2021-08-01,Delhi,delhi,2879.58,5.06,36.74,0.0,24.64,
2021-09-01,Delhi,delhi,2356.02,4.14,30.06,0.0,20.16,
2021-10-01,Delhi,delhi,1308.9,2.3000000000000003,16.7,0.0,11.200000000000001,
2021-11-01,Delhi,delhi,654.45,1.1500000000000001,8.35,0.0,5.6000000000000005,
2021-12-01,Delhi,delhi,392.66999999999996,0.69,5.01,0.0,3.36,
2022-01-01,Delhi,delhi,203.66,0.18,3.46,0.0,1.22,
2022-02-01,Delhi,delhi,203.66,0.18,3.46,0.0,1.22,
2022-03-01,Delhi,delhi,305.49,0.27,5.1899999999999995,0.0,1.8299999999999998,
2022-04-01,Delhi,delhi,407.32,0.36,6.92,0.0,2.44,
2022-05-01,Delhi,delhi,509.15000000000003,0.45,8.65,0.0,3.0500000000000003,
2022-06-01,Delhi,delhi,814.64,0.72,13.84,0.0,4.88,
2022-07-01,Delhi,delhi,1832.9399999999998,1.6199999999999999,31.14,0.0,10.98,
2022-08-01,Delhi,delhi,2240.26,1.98,38.06,0.0,13.42,
2022-09-01,Delhi,delhi,1832.9399999999998,1.6199999999999999,31.14,0.0,10.98,
2022-10-01,Delhi,delhi,1018.3000000000001,0.9,17.3,0.0,6.1000000000000005,
2022-11-01,Delhi,delhi,509.15000000000003,0.45,8.65,0.0,3.0500000000000003,
2022-12-01,Delhi,delhi,305.49,0.27,5.1899999999999995,0.0,1.8299999999999998,
1999-01-01,Goa,goa,0.0,0.0,,,,
1999-02-01,Goa,goa,0.0,0.0,,,,
1999-03-01,Goa,goa,0.0,0.0,,,,
1999-04-01,Goa,goa,0.0,0.0,,,,
1999-05-01,Goa,goa,0.0,0.0,,,,
1999-06-01,Goa,goa,0.0,0.0,,,,
1999-07-01,Goa,goa,0.0,0.0,,,,
1999-08-01,Goa,goa,0.0,0.0,,,,
1999-09-01,Goa,goa,0.0,0.0,,,,
1999-10-01,Goa,goa,0.0,0.0,,,,
1999-11-01,Goa,goa,0.0,0.0,,,,
1999-12-01,Goa,goa,0.0,0.0,,,,
2000-01-01,Goa,goa,0.0,0.0,,,,
2000-02-01,Goa,goa,0.0,0.0,,,,
2000-03-01,Goa,goa,0.0,0.0,,,,
2000-04-01,Goa,goa,0.0,0.0,,,,
2000-05-01,Goa,goa,0.0,0.0,,,,
2000-06-01,Goa,goa,0.0,0.0,,,,
2000-07-01,Goa,goa,0.0,0.0,,,,
2000-08-01,Goa,goa,0.0,0.0,,,,
2000-09-01,Goa,goa,0.0,0.0,,,,
2000-10-01,Goa,goa,0.0,0.0,,,,
2000-11-01,Goa,goa,0.0,0.0,,,,
2000-12-01,Goa,goa,0.0,0.0,,,,
2001-01-01,Goa,goa,0.02,0.0,246.62,0.24,,
2001-02-01,Goa,goa,0.02,0.0,246.62,0.24,,
2001-03-01,Goa,goa,0.03,0.0,369.93,0.36,,
2001-04-01,Goa,goa,0.04,0.0,493.24,0.48,,
2001-05-01,Goa,goa,0.05,0.0,616.5500000000001,0.6000000000000001,,
2001-06-01,Goa,goa,0.08,0.0,986.48,0.96,,
2001-07-01,Goa,goa,0.18,0.0,2219.58,2.16,,
2001-08-01,Goa,goa,0.22,0.0,2712.82,2.64,,
2001-09-01,Goa,goa,0.18,0.0,2219.58,2.16,,
2001-10-01,Goa,goa,0.1,0.0,1233.1000000000001,1.2000000000000002,,
2001-11-01,Goa,goa,0.05,0.0,616.5500000000001,0.6000000000000001,,
2001-12-01,Goa,goa,0.03,0.0,369.93,0.36,,
2002-01-01,Goa,goa,0.0,0.0,336.36,0.3,,
2002-02-01,Goa,goa,0.0,0.0,336.36,0.3,,
2002-03-01,Goa,goa,0.0,0.0,504.53999999999996,0.44999999999999996,,
2002-04-01,Goa,goa,0.0,0.0,672.72,0.6,,
2002-05-01,Goa,goa,0.0,0.0,840.9000000000001,0.75,,
2002-06-01,Goa,goa,0.0,0.0,1345.44,1.2,,
2002-07-01,Goa,goa,0.0,0.0,3027.24,2.6999999999999997,,
2002-08-01,Goa,goa,0.0,0.0,3699.96,3.3,,
2002-09-01,Goa,goa,0.0,0.0,3027.24,2.6999999999999997,,
2002-10-01,Goa,goa,0.0,0.0,1681.8000000000002,1.5,,
2002-11-01,Goa,goa,0.0,0.0,840.9000000000001,0.75,,
2002-12-01,Goa,goa,0.0,0.0,504.53999999999996,0.44999999999999996,,
2003-01-01,Goa,goa,0.24,0.04,227.4,0.02,,
2003-02-01,Goa,goa,0.24,0.04,227.4,0.02,,
2003-03-01,Goa,goa,0.36,0.06,341.09999999999997,0.03,,
2003-04-01,Goa,goa,0.48,0.08,454.8,0.04,,
2003-05-01,Goa,goa,0.6000000000000001,0.1,568.5,0.05,,
2003-06-01,Goa,goa,0.96,0.16,909.6,0.08,,
2003-07-01,Goa,goa,2.16,0.36,2046.6,0.18,,
2003-08-01,Goa,goa,2.64,0.44,2501.4,0.22,,
2003-09-01,Goa,goa,2.16,0.36,2046.6,0.18,,
2003-10-01,Goa,goa,1.2000000000000002,0.2,1137.0,0.1,,
2003-11-01,Goa,goa,0.6000000000000001,0.1,568.5,0.05,,
2003-12-01,Goa,goa,0.36,0.06,341.09999999999997,0.03,,
2004-01-01,Goa,goa,0.06,0.0,156.78,0.14,,
2004-02-01,Goa,goa,0.06,0.0,156.78,0.14,,
2004-03-01,Goa,goa,0.09,0.0,235.17,0.21,,
2004-04-01,Goa,goa,0.12,0.0,313.56,0.28,,
2004-05-01,Goa,goa,0.15000000000000002,0.0,391.95000000000005,0.35000000000000003,,
2004-06-01,Goa,goa,0.24,0.0,627.12,0.56,,
2004-07-01,Goa,goa,0.54,0.0,1411.02,1.26,,
2004-08-01,Goa,goa,0.66,0.0,1724.58,1.54,,
2004-09-01,Goa,goa,0.54,0.0,1411.02,1.26,,
2004-10-01,Goa,goa,0.30000000000000004,0.0,783.9000000000001,0.7000000000000001,,
2004-11-01,Goa,goa,0.15000000000000002,0.0,391.95000000000005,0.35000000000000003,,
2004-12-01,Goa,goa,0.09,0.0,235.17,0.21,,
2005-01-01,Goa,goa,0.02,0.0,74.94,0.02,,
2005-02-01,Goa,goa,0.02,0.0,74.94,0.02,,
2005-03-01,Goa,goa,0.03,0.0,112.41,0.03,,
2005-04-01,Goa,goa,0.04,0.0,149.88,0.04,,
2005-05-01,Goa,goa,0.05,0.0,187.35000000000002,0.05,,
2005-06-01,Goa,goa,0.08,0.0,299.76,0.08,,
2005-07-01,Goa,goa,0.18,0.0,674.4599999999999,0.18,,
2005-08-01,Goa,goa,0.22,0.0,824.34,0.22,,
2005-09-01,Goa,goa,0.18,0.0,674.4599999999999,0.18,,
2005-10-01,Goa,goa,0.1,0.0,374.70000000000005,0.1,,
2005-11-01,Goa,goa,0.05,0.0,187.35000000000002,0.05,,
2005-12-01,Goa,goa,0.03,0.0,112.41,0.03,,
2006-01-01,Goa,goa,0.02,0.0,100.2,0.14,5.74,
2006-02-01,Goa,goa,0.02,0.0,100.2,0.14,5.74,
2006-03-01,Goa,goa,0.03,0.0,150.29999999999998,0.21,8.61,
2006-04-01,Goa,goa,0.04,0.0,200.4,0.28,11.48,
2006-05-01,Goa,goa,0.05,0.0,250.5,0.35000000000000003,14.350000000000001,
2006-06-01,Goa,goa,0.08,0.0,400.8,0.56,22.96,
2006-07-01,Goa,goa,0.18,0.0,901.8,1.26,51.66,
2006-08-01,Goa,goa,0.22,0.0,1102.2,1.54,63.14,
2006-09-01,Goa,goa,0.18,0.0,901.8,1.26,51.66,
2006-10-01,Goa,goa,0.1,0.0,501.0,0.7000000000000001,28.700000000000003,
2006-11-01,Goa,goa,0.05,0.0,250.5,0.35000000000000003,14.350000000000001,
2006-12-01,Goa,goa,0.03,0.0,150.29999999999998,0.21,8.61,
2007-01-01,Goa,goa,0.72,0.0,195.1,0.22,1.56,
2007-02-01,Goa,goa,0.72,0.0,195.1,0.22,1.56,
2007-03-01,Goa,goa,1.08,0.0,292.65,0.32999999999999996,2.34,
2007-04-01,Goa,goa,1.44,0.0,390.2,0.44,3.12,
2007-05-01,Goa,goa,1.8,0.0,487.75,0.55,3.9000000000000004,
2007-06-01,Goa,goa,2.88,0.0,780.4,0.88,6.24,
2007-07-01,Goa,goa,6.4799999999999995,0.0,1755.8999999999999,1.98,14.04,
2007-08-01,Goa,goa,7.92,0.0,2146.1,2.42,17.16,
2007-09-01,Goa,goa,6.4799999999999995,0.0,1755.8999999999999,1.98,14.04,
2007-10-01,Goa,goa,3.6,0.0,975.5,1.1,7.800000000000001,
2007-11-01,Goa,goa,1.8,0.0,487.75,0.55,3.9000000000000004,
2007-12-01,Goa,goa,1.08,0.0,292.65,0.32999999999999996,2.34,
2008-01-01,Goa,goa,0.86,0.0,196.44,0.42,1.04,
2008-02-01,Goa,goa,0.86,0.0,196.44,0.42,1.04,
2008-03-01,Goa,goa,1.29,0.0,294.65999999999997,0.63,1.56,
2008-04-01,Goa,goa,1.72,0.0,392.88,0.84,2.08,
2008-05-01,Goa,goa,2.15,0.0,491.1,1.05,2.6,
2008-06-01,Goa,goa,3.44,0.0,785.76,1.68,4.16,
2008-07-01,Goa,goa,7.739999999999999,0.0,1767.96,3.78,9.36,
2008-08-01,Goa,goa,9.46,0.0,2160.84,4.62,11.44,
2008-09-01,Goa,goa,7.739999999999999,0.0,1767.96,3.78,9.36,
2008-10-01,Goa,goa,4.3,0.0,982.2,2.1,5.2,
2008-11-01,Goa,goa,2.15,0.0,491.1,1.05,2.6,
2008-12-01,Goa,goa,1.29,0.0,294.65999999999997,0.63,1.56,
2009-01-01,Goa,goa,5.54,0.1,101.12,0.2,36.78,
2009-02-01,Goa,goa,5.54,0.1,101.12,0.2,36.78,
2009-03-01,Goa,goa,8.31,0.15,151.68,0.3,55.169999999999995,
2009-04-01,Goa,goa,11.08,0.2,202.24,0.4,73.56,
2009-05-01,Goa,goa,13.850000000000001,0.25,252.8,0.5,91.95,
2009-06-01,Goa,goa,22.16,0.4,404.48,0.8,147.12,
2009-07-01,Goa,goa,49.86,0.8999999999999999,910.0799999999999,1.7999999999999998,331.02,
2009-08-01,Goa,goa,60.94,1.1,1112.32,2.2,404.58,
2009-09-01,Goa,goa,49.86,0.8999999999999999,910.0799999999999,1.7999999999999998,331.02,
2009-10-01,Goa,goa,27.700000000000003,0.5,505.6,1.0,183.9,
2009-11-01,Goa,goa,13.850000000000001,0.25,252.8,0.5,91.95,
2009-12-01,Goa,goa,8.31,0.15,151.68,0.3,55.169999999999995,
2010-01-01,Goa,goa,4.84,0.0,47.36,0.02,28.580000000000002,
2010-02-01,Goa,goa,4.84,0.0,47.36,0.02,28.580000000000002,
2010-03-01,Goa,goa,7.26,0.0,71.03999999999999,0.03,42.87,
2010-04-01,Goa,goa,9.68,0.0,94.72,0.04,57.160000000000004,
2010-05-01,Goa,goa,12.100000000000001,0.0,118.4,0.05,71.45,
2010-06-01,Goa,goa,19.36,0.0,189.44,0.08,114.32000000000001,
2010-07-01,Goa,goa,43.559999999999995,0.0,426.24,0.18,257.21999999999997,
2010-08-01,Goa,goa,53.24,0.0,520.96,0.22,314.38,
2010-09-01,Goa,goa,43.559999999999995,0.0,426.24,0.18,257.21999999999997,
2010-10-01,Goa,goa,24.200000000000003,0.0,236.8,0.1,142.9,
2010-11-01,Goa,goa,12.100000000000001,0.0,118.4,0.05,71.45,
2010-12-01,Goa,goa,7.26,0.0,71.03999999999999,0.03,42.87,
2011-01-01,Goa,goa,0.52,0.0,23.740000000000002,0.06,13.280000000000001,
2011-02-01,Goa,goa,0.52,0.0,23.740000000000002,0.06,13.280000000000001,
2011-03-01,Goa,goa,0.78,0.0,35.61,0.09,19.919999999999998,
2011-04-01,Goa,goa,1.04,0.0,47.480000000000004,0.12,26.560000000000002,
2011-05-01,Goa,goa,1.3,0.0,59.35,0.15000000000000002,33.2,
2011-06-01,Goa,goa,2.08,0.0,94.96000000000001,0.24,53.120000000000005,
2011-07-01,Goa,goa,4.68,0.0,213.66,0.54,119.52,
2011-08-01,Goa,goa,5.72,0.0,261.14,0.66,146.08,
2011-09-01,Goa,goa,4.68,0.0,213.66,0.54,119.52,
2011-10-01,Goa,goa,2.6,0.0,118.7,0.30000000000000004,66.4,
2011-11-01,Goa,goa,1.3,0.0,59.35,0.15000000000000002,33.2,
2011-12-01,Goa,goa,0.78,0.0,35.61,0.09,19.919999999999998,
2012-01-01,Goa,goa,0.78,0.0,34.28,0.0,11.42,
2012-02-01,Goa,goa,0.78,0.0,34.28,0.0,11.42,
2012-03-01,Goa,goa,1.17,0.0,51.419999999999995,0.0,17.13,
2012-04-01,Goa,goa,1.56,0.0,68.56,0.0,22.84,
2012-05-01,Goa,goa,1.9500000000000002,0.0,85.7,0.0,28.55,
2012-06-01,Goa,goa,3.12,0.0,137.12,0.0,45.68,
2012-07-01,Goa,goa,7.02,0.0,308.52,0.0,102.78,
2012-08-01,Goa,goa,8.58,0.0,377.08,0.0,125.62,
2012-09-01,Goa,goa,7.02,0.0,308.52,0.0,102.78,
2012-10-01,Goa,goa,3.9000000000000004,0.0,171.4,0.0,57.1,
2012-11-01,Goa,goa,1.9500000000000002,0.0,85.7,0.0,28.55,
2012-12-01,Goa,goa,1.17,0.0,51.419999999999995,0.0,17.13,
2013-01-01,Goa,goa,3.96,0.04,30.6,0.0,20.98,
2013-02-01,Goa,goa,3.96,0.04,30.6,0.0,20.98,
2013-03-01,Goa,goa,5.9399999999999995,0.06,45.9,0.0,31.47,
2013-04-01,Goa,goa,7.92,0.08,61.2,0.0,41.96,
2013-05-01,Goa,goa,9.9,0.1,76.5,0.0,52.45,
2013-06-01,Goa,goa,15.84,0.16,122.4,0.0,83.92,
2013-07-01,Goa,goa,35.64,0.36,275.4,0.0,188.82,
2013-08-01,Goa,goa,43.56,0.44,336.6,0.0,230.78,
2013-09-01,Goa,goa,35.64,0.36,275.4,0.0,188.82,
2013-10-01,Goa,goa,19.8,0.2,153.0,0.0,104.9,
2013-11-01,Goa,goa,9.9,0.1,76.5,0.0,52.45,
2013-12-01,Goa,goa,5.9399999999999995,0.06,45.9,0.0,31.47,
2014-01-01,Goa,goa,,,16.48,0.0,24.1,
2014-02-01,Goa,goa,,,16.48,0.0,24.1,
2014-03-01,Goa,goa,,,24.72,0.0,36.15,
2014-04-01,Goa,goa,,,32.96,0.0,48.2,
2014-05-01,Goa,goa,,,41.2,0.0,60.25,
2014-06-01,Goa,goa,,,65.92,0.0,96.4,
2014-07-01,Goa,goa,,,148.32,0.0,216.9,
2014-08-01,Goa,goa,,,181.28,0.0,265.1,
2014-09-01,Goa,goa,,,148.32,0.0,216.9,
2014-10-01,Goa,goa,,,82.4,0.0,120.5,
2014-11-01,Goa,goa,,,41.2,0.0,60.25,
2014-12-01,Goa,goa,,,24.72,0.0,36.15,
2015-01-01,Goa,goa,,,13.02,0.02,11.22,
2015-02-01,Goa,goa,,,13.02,0.02,11.22,
2015-03-01,Goa,goa,,,19.529999999999998,0.03,16.83,
2015-04-01,Goa,goa,,,26.04,0.04,22.44,
2015-05-01,Goa,goa,,,32.550000000000004,0.05,28.05,
2015-06-01,Goa,goa,,,52.08,0.08,44.88,
2015-07-01,Goa,goa,,,117.17999999999999,0.18,100.97999999999999,
2015-08-01,Goa,goa,,,143.22,0.22,123.42,
2015-09-01,Goa,goa,,,117.17999999999999,0.18,100.97999999999999,
2015-10-01,Goa,goa,,,65.10000000000001,0.1,56.1,
2015-11-01,Goa,goa,,,32.550000000000004,0.05,28.05,
2015-12-01,Goa,goa,,,19.529999999999998,0.03,16.83,
2016-01-01,Goa,goa,,,14.84,0.0,6.74,
2016-02-01,Goa,goa,,,14.84,0.0,6.74,
2016-03-01,Goa,goa,,,22.259999999999998,0.0,10.11,
2016-04-01,Goa,goa,,,29.68,0.0,13.48,
2016-05-01,Goa,goa,,,37.1,0.0,16.85,
2016-06-01,Goa,goa,,,59.36,0.0,26.96,
2016-07-01,Goa,goa,,,133.56,0.0,60.66,
2016-08-01,Goa,goa,,,163.24,0.0,74.14,
2016-09-01,Goa,goa,,,133.56,0.0,60.66,
2016-10-01,Goa,goa,,,74.2,0.0,33.7,
2016-11-01,Goa,goa,,,37.1,0.0,16.85,
2016-12-01,Goa,goa,,,22.259999999999998,0.0,10.11,
2017-01-01,Goa,goa,4.7,0.0,13.06,0.02,10.18,
2017-02-01,Goa,goa,4.7,0.0,13.06,0.02,10.18,
2017-03-01,Goa,goa,7.05,0.0,19.59,0.03,15.27,
2017-04-01,Goa,goa,9.4,0.0,26.12,0.04,20.36,
2017-05-01,Goa,goa,11.75,0.0,32.65,0.05,25.450000000000003,
2017-06-01,Goa,goa,18.8,0.0,52.24,0.08,40.72,
2017-07-01,Goa,goa,42.3,0.0,117.53999999999999,0.18,91.61999999999999,
2017-08-01,Goa,goa,51.7,0.0,143.66,0.22,111.98,
2017-09-01,Goa,goa,42.3,0.0,117.53999999999999,0.18,91.61999999999999,
2017-10-01,Goa,goa,23.5,0.0,65.3,0.1,50.900000000000006,
2017-11-01,Goa,goa,11.75,0.0,32.65,0.05,25.450000000000003,
2017-12-01,Goa,goa,7.05,0.0,19.59,0.03,15.27,
2018-01-01,Goa,goa,6.7,0.02,7.54,0.0,9.1,
2018-02-01,Goa,goa,6.7,0.02,7.54,0.0,9.1,
2018-03-01,Goa,goa,10.049999999999999,0.03,11.309999999999999,0.0,13.65,
2018-04-01,Goa,goa,13.4,0.04,15.08,0.0,18.2,
2018-05-01,Goa,goa,16.75,0.05,18.85,0.0,22.75,
2018-06-01,Goa,goa,26.8,0.08,30.16,0.0,36.4,
2018-07-01,Goa,goa,60.3,0.18,67.86,0.0,81.89999999999999,
2018-08-01,Goa,goa,73.7,0.22,82.94,0.0,100.1,
2018-09-01,Goa,goa,60.3,0.18,67.86,0.0,81.89999999999999,
2018-10-01,Goa,goa,33.5,0.1,37.7,0.0,45.5,
2018-11-01,Goa,goa,16.75,0.05,18.85,0.0,22.75,
2018-12-01,Goa,goa,10.049999999999999,0.03,11.309999999999999,0.0,13.65,
2019-01-01,Goa,goa,19.84,0.0,5.44,0.0,17.34,
2019-02-01,Goa,goa,19.84,0.0,5.44,0.0,17.34,
2019-03-01,Goa,goa,29.759999999999998,0.0,8.16,0.0,26.009999999999998,
2019-04-01,Goa,goa,39.68,0.0,10.88,0.0,34.68,
2019-05-01,Goa,goa,49.6,0.0,13.600000000000001,0.0,43.35,
2019-06-01,Goa,goa,79.36,0.0,21.76,0.0,69.36,
2019-07-01,Goa,goa,178.56,0.0,48.96,0.0,156.06,
2019-08-01,Goa,goa,218.24,0.0,59.84,0.0,190.74,
2019-09-01,Goa,goa,178.56,0.0,48.96,0.0,156.06,
2019-10-01,Goa,goa,99.2,0.0,27.200000000000003,0.0,86.7,
2019-11-01,Goa,goa,49.6,0.0,13.600000000000001,0.0,43.35,
2019-12-01,Goa,goa,29.759999999999998,0.0,8.16,0.0,26.009999999999998,
2020-01-01,Goa,goa,7.5200000000000005,0.0,2.04,0.0,1.28,
2020-02-01,Goa,goa,7.5200000000000005,0.0,2.04,0.0,1.28,
2020-03-01,Goa,goa,11.28,0.0,3.06,0.0,1.92,
2020-04-01,Goa,goa,15.040000000000001,0.0,4.08,0.0,2.56,
2020-05-01,Goa,goa,18.8,0.0,5.1000000000000005,0.0,3.2,
2020-06-01,Goa,goa,30.080000000000002,0.0,8.16,0.0,5.12,
2020-07-01,Goa,goa,67.67999999999999,0.0,18.36,0.0,11.52,
2020-08-01,Goa,goa,82.72,0.0,22.44,0.0,14.08,
2020-09-01,Goa,goa,67.67999999999999,0.0,18.36,0.0,11.52,
2020-10-01,Goa,goa,37.6,0.0,10.200000000000001,0.0,6.4,
2020-11-01,Goa,goa,18.8,0.0,5.1000000000000005,0.0,3.2,
2020-12-01,Goa,goa,11.28,0.0,3.06,0.0,1.92,
2021-01-01,Goa,goa,12.98,0.0,1.8,0.0,2.2800000000000002,
2021-02-01,Goa,goa,12.98,0.0,1.8,0.0,2.2800000000000002,
2021-03-01,Goa,goa,19.47,0.0,2.6999999999999997,0.0,3.42,
2021-04-01,Goa,goa,25.96,0.0,3.6,0.0,4.5600000000000005,
2021-05-01,Goa,goa,32.45,0.0,4.5,0.0,5.7,
2021-06-01,Goa,goa,51.92,0.0,7.2,0.0,9.120000000000001,
2021-07-01,Goa,goa,116.82,0.0,16.2,0.0,20.52,
2021-08-01,Goa,goa,142.78,0.0,19.8,0.0,25.080000000000002,
2021-09-01,Goa,goa,116.82,0.0,16.2,0.0,20.52,
2021-10-01,Goa,goa,64.9,0.0,9.0,0.0,11.4,
2021-11-01,Goa,goa,32.45,0.0,4.5,0.0,5.7,
2021-12-01,Goa,goa,19.47,0.0,2.6999999999999997,0.0,3.42,
2022-01-01,Goa,goa,8.86,0.02,0.04,0.0,17.36,
2022-02-01,Goa,goa,8.86,0.02,0.04,0.0,17.36,
2022-03-01,Goa,goa,13.29,0.03,0.06,0.0,26.04,
2022-04-01,Goa,goa,17.72,0.04,0.08,0.0,34.72,
2022-05-01,Goa,goa,22.150000000000002,0.05,0.1,0.0,43.400000000000006,
2022-06-01,Goa,goa,35.44,0.08,0.16,0.0,69.44,
2022-07-01,Goa,goa,79.74,0.18,0.36,0.0,156.23999999999998,
2022-08-01,Goa,goa,97.46,0.22,0.44,0.0,190.96,
2022-09-01,Goa,goa,79.74,0.18,0.36,0.0,156.23999999999998,
2022-10-01,Goa,goa,44.300000000000004,0.1,0.2,0.0,86.80000000000001,
2022-11-01,Goa,goa,22.150000000000002,0.05,0.1,0.0,43.400000000000006,
2022-12-01,Goa,goa,13.29,0.03,0.06,0.0,26.04,
1999-01-01,Gujarat,gujarat,1.84,0.0,,,,
1999-02-01,Gujarat,gujarat,1.84,0.0,,,,
1999-03-01,Gujarat,gujarat,2.76,0.0,,,,
1999-04-01,Gujarat,gujarat,3.68,0.0,,,,
1999-05-01,Gujarat,gujarat,4.6000000000000005,0.0,,,,
1999-06-01,Gujarat,gujarat,7.36,0.0,,,,
1999-07-01,Gujarat,gujarat,16.56,0.0,,,,
1999-08-01,Gujarat,gujarat,20.24,0.0,,,,
1999-09-01,Gujarat,gujarat,16.56,0.0,,,,
1999-10-01,Gujarat,gujarat,9.200000000000001,0.0,,,,
1999-11-01,Gujarat,gujarat,4.6000000000000005,0.0,,,,
1999-12-01,Gujarat,gujarat,2.76,0.0,,,,
2000-01-01,Gujarat,gujarat,0.58,0.0,,,,
2000-02-01,Gujarat,gujarat,0.58,0.0,,,,
2000-03-01,Gujarat,gujarat,0.87,0.0,,,,
2000-04-01,Gujarat,gujarat,1.16,0.0,,,,
2000-05-01,Gujarat,gujarat,1.4500000000000002,0.0,,,,
2000-06-01,Gujarat,gujarat,2.32,0.0,,,,
2000-07-01,Gujarat,gujarat,5.22,0.0,,,,
2000-08-01,Gujarat,gujarat,6.38,0.0,,,,
2000-09-01,Gujarat,gujarat,5.22,0.0,,,,
2000-10-01,Gujarat,gujarat,2.9000000000000004,0.0,,,,
2000-11-01,Gujarat,gujarat,1.4500000000000002,0.0,,,,
2000-12-01,Gujarat,gujarat,0.87,0.0,,,,
2001-01-01,Gujarat,gujarat,1.3800000000000001,0.0,1626.94,0.38,,
2001-02-01,Gujarat,gujarat,1.3800000000000001,0.0,1626.94,0.38,,
2001-03-01,Gujarat,gujarat,2.07,0.0,2440.41,0.57,,
2001-04-01,Gujarat,gujarat,2.7600000000000002,0.0,3253.88,0.76,,
2001-05-01,Gujarat,gujarat,3.45,0.0,4067.3500000000004,0.9500000000000001,,
2001-06-01,Gujarat,gujarat,5.5200000000000005,0.0,6507.76,1.52,,
2001-07-01,Gujarat,gujarat,12.42,0.0,14642.46,3.42,,
2001-08-01,Gujarat,gujarat,15.18,0.0,17896.34,4.18,,
2001-09-01,Gujarat,gujarat,12.42,0.0,14642.46,3.42,,
2001-10-01,Gujarat,gujarat,6.9,0.0,8134.700000000001,1.9000000000000001,,
2001-11-01,Gujarat,gujarat,3.45,0.0,4067.3500000000004,0.9500000000000001,,
2001-12-01,Gujarat,gujarat,2.07,0.0,2440.41,0.57,,
2002-01-01,Gujarat,gujarat,0.8,0.0,1659.32,0.34,,
2002-02-01,Gujarat,gujarat,0.8,0.0,1659.32,0.34,,
2002-03-01,Gujarat,gujarat,1.2,0.0,2488.98,0.51,,
2002-04-01,Gujarat,gujarat,1.6,0.0,3318.64,0.68,,
2002-05-01,Gujarat,gujarat,2.0,0.0,4148.3,0.8500000000000001,,
2002-06-01,Gujarat,gujarat,3.2,0.0,6637.28,1.36,,
2002-07-01,Gujarat,gujarat,7.199999999999999,0.0,14933.88,3.06,,
2002-08-01,Gujarat,gujarat,8.8,0.0,18252.52,3.74,,
2002-09-01,Gujarat,gujarat,7.199999999999999,0.0,14933.88,3.06,,
2002-10-01,Gujarat,gujarat,4.0,0.0,8296.6,1.7000000000000002,,
2002-11-01,Gujarat,gujarat,2.0,0.0,4148.3,0.8500000000000001,,
2002-12-01,Gujarat,gujarat,1.2,0.0,2488.98,0.51,,
2003-01-01,Gujarat,gujarat,4.98,0.18,2614.88,1.3,,
2003-02-01,Gujarat,gujarat,4.98,0.18,2614.88,1.3,,
2003-03-01,Gujarat,gujarat,7.47,0.27,3922.3199999999997,1.95,,
2003-04-01,Gujarat,gujarat,9.96,0.36,5229.76,2.6,,
2003-05-01,Gujarat,gujarat,12.450000000000001,0.45,6537.200000000001,3.25,,
2003-06-01,Gujarat,gujarat,19.92,0.72,10459.52,5.2,,
2003-07-01,Gujarat,gujarat,44.82,1.6199999999999999,23533.92,11.7,,
2003-08-01,Gujarat,gujarat,54.78,1.98,28763.68,14.3,,
2003-09-01,Gujarat,gujarat,44.82,1.6199999999999999,23533.92,11.7,,
2003-10-01,Gujarat,gujarat,24.900000000000002,0.9,13074.400000000001,6.5,,
2003-11-01,Gujarat,gujarat,12.450000000000001,0.45,6537.200000000001,3.25,,
2003-12-01,Gujarat,gujarat,7.47,0.27,3922.3199999999997,1.95,,
2004-01-01,Gujarat,gujarat,2.34,0.08,4455.18,1.78,,
2004-02-01,Gujarat,gujarat,2.34,0.08,4455.18,1.78,,
2004-03-01,Gujarat,gujarat,3.51,0.12,6682.7699999999995,2.67,,
2004-04-01,Gujarat,gujarat,4.68,0.16,8910.36,3.56,,
2004-05-01,Gujarat,gujarat,5.8500000000000005,0.2,11137.95,4.45,,
2004-06-01,Gujarat,gujarat,9.36,0.32,17820.72,7.12,,
2004-07-01,Gujarat,gujarat,21.06,0.72,40096.619999999995,16.02,,
2004-08-01,Gujarat,gujarat,25.74,0.88,49006.98,19.580000000000002,,
2004-09-01,Gujarat,gujarat,21.06,0.72,40096.619999999995,16.02,,
2004-10-01,Gujarat,gujarat,11.700000000000001,0.4,22275.9,8.9,,
2004-11-01,Gujarat,gujarat,5.8500000000000005,0.2,11137.95,4.45,,
2004-12-01,Gujarat,gujarat,3.51,0.12,6682.7699999999995,2.67,,
2005-01-01,Gujarat,gujarat,9.08,0.22,3580.46,1.08,,
2005-02-01,Gujarat,gujarat,9.08,0.22,3580.46,1.08,,
2005-03-01,Gujarat,gujarat,13.62,0.32999999999999996,5370.69,1.6199999999999999,,
2005-04-01,Gujarat,gujarat,18.16,0.44,7160.92,2.16,,
2005-05-01,Gujarat,gujarat,22.700000000000003,0.55,8951.15,2.7,,
2005-06-01,Gujarat,gujarat,36.32,0.88,14321.84,4.32,,
2005-07-01,Gujarat,gujarat,81.72,1.98,32224.14,9.719999999999999,,
2005-08-01,Gujarat,gujarat,99.88,2.42,39385.06,11.88,,
2005-09-01,Gujarat,gujarat,81.72,1.98,32224.14,9.719999999999999,,
2005-10-01,Gujarat,gujarat,45.400000000000006,1.1,17902.3,5.4,,
2005-11-01,Gujarat,gujarat,22.700000000000003,0.55,8951.15,2.7,,
2005-12-01,Gujarat,gujarat,13.62,0.32999999999999996,5370.69,1.6199999999999999,,
2006-01-01,Gujarat,gujarat,10.9,0.1,1796.7,0.9,1508.38,
2006-02-01,Gujarat,gujarat,10.9,0.1,1796.7,0.9,1508.38,
2006-03-01,Gujarat,gujarat,16.349999999999998,0.15,2695.0499999999997,1.3499999999999999,2262.5699999999997,
2006-04-01,Gujarat,gujarat,21.8,0.2,3593.4,1.8,3016.76,
2006-05-01,Gujarat,gujarat,27.25,0.25,4491.75,2.25,3770.9500000000003,
2006-06-01,Gujarat,gujarat,43.6,0.4,7186.8,3.6,6033.52,
2006-07-01,Gujarat,gujarat,98.1,0.8999999999999999,16170.3,8.1,13575.42,
2006-08-01,Gujarat,gujarat,119.9,1.1,19763.7,9.9,16592.18,
2006-09-01,Gujarat,gujarat,98.1,0.8999999999999999,16170.3,8.1,13575.42,
2006-10-01,Gujarat,gujarat,54.5,0.5,8983.5,4.5,7541.900000000001,
2006-11-01,Gujarat,gujarat,27.25,0.25,4491.75,2.25,3770.9500000000003,
2006-12-01,Gujarat,gujarat,16.349999999999998,0.15,2695.0499999999997,1.3499999999999999,2262.5699999999997,
2007-01-01,Gujarat,gujarat,11.4,0.04,1422.42,1.46,64.46000000000001,
2007-02-01,Gujarat,gujarat,11.4,0.04,1422.42,1.46,64.46000000000001,
2007-03-01,Gujarat,gujarat,17.099999999999998,0.06,2133.63,2.19,96.69,
2007-04-01,Gujarat,gujarat,22.8,0.08,2844.84,2.92,128.92000000000002,
2007-05-01,Gujarat,gujarat,28.5,0.1,3556.05,3.6500000000000004,161.15,
2007-06-01,Gujarat,gujarat,45.6,0.16,5689.68,5.84,257.84000000000003,
2007-07-01,Gujarat,gujarat,102.6,0.36,12801.779999999999,13.139999999999999,580.14,
2007-08-01,Gujarat,gujarat,125.4,0.44,15646.62,16.06,709.0600000000001,
2007-09-01,Gujarat,gujarat,102.6,0.36,12801.779999999999,13.139999999999999,580.14,
2007-10-01,Gujarat,gujarat,57.0,0.2,7112.1,7.300000000000001,322.3,
2007-11-01,Gujarat,gujarat,28.5,0.1,3556.05,3.6500000000000004,161.15,
2007-12-01,Gujarat,gujarat,17.099999999999998,0.06,2133.63,2.19,96.69,
2008-01-01,Gujarat,gujarat,21.3,0.04,1023.22,0.86,6.0600000000000005,
2008-02-01,Gujarat,gujarat,21.3,0.04,1023.22,0.86,6.0600000000000005,
2008-03-01,Gujarat,gujarat,31.95,0.06,1534.83,1.29,9.09,
2008-04-01,Gujarat,gujarat,42.6,0.08,2046.44,1.72,12.120000000000001,
2008-05-01,Gujarat,gujarat,53.25,0.1,2558.05,2.15,15.15,
2008-06-01,Gujarat,gujarat,85.2,0.16,4092.88,3.44,24.240000000000002,
2008-07-01,Gujarat,gujarat,191.7,0.36,9208.98,7.739999999999999,54.54,
2008-08-01,Gujarat,gujarat,234.3,0.44,11255.42,9.46,66.66,
2008-09-01,Gujarat,gujarat,191.7,0.36,9208.98,7.739999999999999,54.54,
2008-10-01,Gujarat,gujarat,106.5,0.2,5116.1,4.3,30.3,
2008-11-01,Gujarat,gujarat,53.25,0.1,2558.05,2.15,15.15,
2008-12-01,Gujarat,gujarat,31.95,0.06,1534.83,1.29,9.09,
2009-01-01,Gujarat,gujarat,49.22,0.04,918.04,0.68,34.800000000000004,
2009-02-01,Gujarat,gujarat,49.22,0.04,918.04,0.68,34.800000000000004,
2009-03-01,Gujarat,gujarat,73.83,0.06,1377.06,1.02,52.199999999999996,
2009-04-01,Gujarat,gujarat,98.44,0.08,1836.08,1.36,69.60000000000001,
2009-05-01,Gujarat,gujarat,123.05000000000001,0.1,2295.1,1.7000000000000002,87.0,
2009-06-01,Gujarat,gujarat,196.88,0.16,3672.16,2.72,139.20000000000002,
2009-07-01,Gujarat,gujarat,442.97999999999996,0.36,8262.36,6.12,313.2,
2009-08-01,Gujarat,gujarat,541.42,0.44,10098.44,7.48,382.8,
2009-09-01,Gujarat,gujarat,442.97999999999996,0.36,8262.36,6.12,313.2,
2009-10-01,Gujarat,gujarat,246.10000000000002,0.2,4590.2,3.4000000000000004,174.0,
2009-11-01,Gujarat,gujarat,123.05000000000001,0.1,2295.1,1.7000000000000002,87.0,
2009-12-01,Gujarat,gujarat,73.83,0.06,1377.06,1.02,52.199999999999996,
2010-01-01,Gujarat,gujarat,51.36,0.02,1330.02,1.42,34.18,
2010-02-01,Gujarat,gujarat,51.36,0.02,1330.02,1.42,34.18,
2010-03-01,Gujarat,gujarat,77.03999999999999,0.03,1995.03,2.13,51.269999999999996,
2010-04-01,Gujarat,gujarat,102.72,0.04,2660.04,2.84,68.36,
2010-05-01,Gujarat,gujarat,128.4,0.05,3325.05,3.5500000000000003,85.45,
2010-06-01,Gujarat,gujarat,205.44,0.08,5320.08,5.68,136.72,
2010-07-01,Gujarat,gujarat,462.24,0.18,11970.18,12.78,307.62,
2010-08-01,Gujarat,gujarat,564.96,0.22,14630.22,15.62,375.98,
2010-09-01,Gujarat,gujarat,462.24,0.18,11970.18,12.78,307.62,
2010-10-01,Gujarat,gujarat,256.8,0.1,6650.1,7.1000000000000005,170.9,
2010-11-01,Gujarat,gujarat,128.4,0.05,3325.05,3.5500000000000003,85.45,
2010-12-01,Gujarat,gujarat,77.03999999999999,0.03,1995.03,2.13,51.269999999999996,
2011-01-01,Gujarat,gujarat,33.86,0.18,1795.28,2.54,20.84,
2011-02-01,Gujarat,gujarat,33.86,0.18,1795.28,2.54,20.84,
2011-03-01,Gujarat,gujarat,50.79,0.27,2692.92,3.81,31.259999999999998,
2011-04-01,Gujarat,gujarat,67.72,0.36,3590.56,5.08,41.68,
2011-05-01,Gujarat,gujarat,84.65,0.45,4488.2,6.3500000000000005,52.1,
2011-06-01,Gujarat,gujarat,135.44,0.72,7181.12,10.16,83.36,
2011-07-01,Gujarat,gujarat,304.74,1.6199999999999999,16157.519999999999,22.86,187.56,
2011-08-01,Gujarat,gujarat,372.46,1.98,19748.08,27.94,229.24,
2011-09-01,Gujarat,gujarat,304.74,1.6199999999999999,16157.519999999999,22.86,187.56,
2011-10-01,Gujarat,gujarat,169.3,0.9,8976.4,12.700000000000001,104.2,
2011-11-01,Gujarat,gujarat,84.65,0.45,4488.2,6.3500000000000005,52.1,
2011-12-01,Gujarat,gujarat,50.79,0.27,2692.92,3.81,31.259999999999998,
2012-01-01,Gujarat,gujarat,61.34,0.12,1524.92,0.58,26.34,
2012-02-01,Gujarat,gujarat,61.34,0.12,1524.92,0.58,26.34,
2012-03-01,Gujarat,gujarat,92.00999999999999,0.18,2287.38,0.87,39.51,
2012-04-01,Gujarat,gujarat,122.68,0.24,3049.84,1.16,52.68,
2012-05-01,Gujarat,gujarat,153.35,0.30000000000000004,3812.3,1.4500000000000002,65.85000000000001,
2012-06-01,Gujarat,gujarat,245.36,0.48,6099.68,2.32,105.36,
2012-07-01,Gujarat,gujarat,552.06,1.08,13724.279999999999,5.22,237.06,
2012-08-01,Gujarat,gujarat,674.74,1.32,16774.12,6.38,289.74,
2012-09-01,Gujarat,gujarat,552.06,1.08,13724.279999999999,5.22,237.06,
2012-10-01,Gujarat,gujarat,306.7,0.6000000000000001,7624.6,2.9000000000000004,131.70000000000002,
2012-11-01,Gujarat,gujarat,153.35,0.30000000000000004,3812.3,1.4500000000000002,65.85000000000001,
2012-12-01,Gujarat,gujarat,92.00999999999999,0.18,2287.38,0.87,39.51,
2013-01-01,Gujarat,gujarat,125.44,0.3,1170.26,0.76,57.800000000000004,
2013-02-01,Gujarat,gujarat,125.44,0.3,1170.26,0.76,57.800000000000004,
2013-03-01,Gujarat,gujarat,188.16,0.44999999999999996,1755.3899999999999,1.14,86.7,
2013-04-01,Gujarat,gujarat,250.88,0.6,2340.52,1.52,115.60000000000001,
2013-05-01,Gujarat,gujarat,313.6,0.75,2925.65,1.9000000000000001,144.5,
2013-06-01,Gujarat,gujarat,501.76,1.2,4681.04,3.04,231.20000000000002,
2013-07-01,Gujarat,gujarat,1128.96,2.6999999999999997,10532.34,6.84,520.1999999999999,
2013-08-01,Gujarat,gujarat,1379.84,3.3,12872.86,8.36,635.8,
2013-09-01,Gujarat,gujarat,1128.96,2.6999999999999997,10532.34,6.84,520.1999999999999,
2013-10-01,Gujarat,gujarat,627.2,1.5,5851.3,3.8000000000000003,289.0,
2013-11-01,Gujarat,gujarat,313.6,0.75,2925.65,1.9000000000000001,144.5,
2013-12-01,Gujarat,gujarat,188.16,0.44999999999999996,1755.3899999999999,1.14,86.7,
2014-01-01,Gujarat,gujarat,,,832.16,0.32,11.48,
2014-02-01,Gujarat,gujarat,,,832.16,0.32,11.48,
2014-03-01,Gujarat,gujarat,,,1248.24,0.48,17.22,
2014-04-01,Gujarat,gujarat,,,1664.32,0.64,22.96,
2014-05-01,Gujarat,gujarat,,,2080.4,0.8,28.700000000000003,
2014-06-01,Gujarat,gujarat,,,3328.64,1.28,45.92,
2014-07-01,Gujarat,gujarat,,,7489.44,2.88,103.32,
2014-08-01,Gujarat,gujarat,,,9153.76,3.52,126.28,
2014-09-01,Gujarat,gujarat,,,7489.44,2.88,103.32,
2014-10-01,Gujarat,gujarat,,,4160.8,1.6,57.400000000000006,
2014-11-01,Gujarat,gujarat,,,2080.4,0.8,28.700000000000003,
2014-12-01,Gujarat,gujarat,,,1248.24,0.48,17.22,
2015-01-01,Gujarat,gujarat,,,831.32,0.14,8.120000000000001,
2015-02-01,Gujarat,gujarat,,,831.32,0.14,8.120000000000001,
2015-03-01,Gujarat,gujarat,,,1246.98,0.21,12.18,
2015-04-01,Gujarat,gujarat,,,1662.64,0.28,16.240000000000002,
2015-05-01,Gujarat,gujarat,,,2078.3,0.35000000000000003,20.3,
2015-06-01,Gujarat,gujarat,,,3325.28,0.56,32.480000000000004,
2015-07-01,Gujarat,gujarat,,,7481.88,1.26,73.08,
2015-08-01,Gujarat,gujarat,,,9144.52,1.54,89.32000000000001,
2015-09-01,Gujarat,gujarat,,,7481.88,1.26,73.08,
2015-10-01,Gujarat,gujarat,,,4156.6,0.7000000000000001,40.6,
2015-11-01,Gujarat,gujarat,,,2078.3,0.35000000000000003,20.3,
2015-12-01,Gujarat,gujarat,,,1246.98,0.21,12.18,
2016-01-01,Gujarat,gujarat,,,895.66,0.12,65.7,
2016-02-01,Gujarat,gujarat,,,895.66,0.12,65.7,
2016-03-01,Gujarat,gujarat,,,1343.49,0.18,98.55,
2016-04-01,Gujarat,gujarat,,,1791.32,0.24,131.4,
2016-05-01,Gujarat,gujarat,,,2239.15,0.30000000000000004,164.25,
2016-06-01,Gujarat,gujarat,,,3582.64,0.48,262.8,
2016-07-01,Gujarat,gujarat,,,8060.94,1.08,591.3,
2016-08-01,Gujarat,gujarat,,,9852.26,1.32,722.7,
2016-09-01,Gujarat,gujarat,,,8060.94,1.08,591.3,
2016-10-01,Gujarat,gujarat,,,4478.3,0.6000000000000001,328.5,
2016-11-01,Gujarat,gujarat,,,2239.15,0.30000000000000004,164.25,
2016-12-01,Gujarat,gujarat,,,1343.49,0.18,98.55,
2017-01-01,Gujarat,gujarat,95.06,0.12,771.76,0.14,159.06,
2017-02-01,Gujarat,gujarat,95.06,0.12,771.76,0.14,159.06,
2017-03-01,Gujarat,gujarat,142.59,0.18,1157.6399999999999,0.21,238.59,
2017-04-01,Gujarat,gujarat,190.12,0.24,1543.52,0.28,318.12,
2017-05-01,Gujarat,gujarat,237.65,0.30000000000000004,1929.4,0.35000000000000003,397.65000000000003,
2017-06-01,Gujarat,gujarat,380.24,0.48,3087.04,0.56,636.24,
2017-07-01,Gujarat,gujarat,855.54,1.08,6945.84,1.26,1431.54,
2017-08-01,Gujarat,gujarat,1045.66,1.32,8489.36,1.54,1749.66,
2017-09-01,Gujarat,gujarat,855.54,1.08,6945.84,1.26,1431.54,
2017-10-01,Gujarat,gujarat,475.3,0.6000000000000001,3858.8,0.7000000000000001,795.3000000000001,
2017-11-01,Gujarat,gujarat,237.65,0.30000000000000004,1929.4,0.35000000000000003,397.65000000000003,
2017-12-01,Gujarat,gujarat,142.59,0.18,1157.6399999999999,0.21,238.59,
2018-01-01,Gujarat,gujarat,151.58,0.1,442.28000000000003,0.04,212.02,
2018-02-01,Gujarat,gujarat,151.58,0.1,442.28000000000003,0.04,212.02,
2018-03-01,Gujarat,gujarat,227.37,0.15,663.42,0.06,318.03,
2018-04-01,Gujarat,gujarat,303.16,0.2,884.5600000000001,0.08,424.04,
2018-05-01,Gujarat,gujarat,378.95000000000005,0.25,1105.7,0.1,530.0500000000001,
2018-06-01,Gujarat,gujarat,606.32,0.4,1769.1200000000001,0.16,848.08,
2018-07-01,Gujarat,gujarat,1364.22,0.8999999999999999,3980.52,0.36,1908.1799999999998,
2018-08-01,Gujarat,gujarat,1667.38,1.1,4865.08,0.44,2332.22,
2018-09-01,Gujarat,gujarat,1364.22,0.8999999999999999,3980.52,0.36,1908.1799999999998,
2018-10-01,Gujarat,gujarat,757.9000000000001,0.5,2211.4,0.2,1060.1000000000001,
2018-11-01,Gujarat,gujarat,378.95000000000005,0.25,1105.7,0.1,530.0500000000001,
2018-12-01,Gujarat,gujarat,227.37,0.15,663.42,0.06,318.03,
2019-01-01,Gujarat,gujarat,364.38,0.34,277.66,0.02,161.68,
2019-02-01,Gujarat,gujarat,364.38,0.34,277.66,0.02,161.68,
2019-03-01,Gujarat,gujarat,546.5699999999999,0.51,416.49,0.03,242.51999999999998,
2019-04-01,Gujarat,gujarat,728.76,0.68,555.32,0.04,323.36,
2019-05-01,Gujarat,gujarat,910.95,0.8500000000000001,694.1500000000001,0.05,404.20000000000005,
2019-06-01,Gujarat,gujarat,1457.52,1.36,1110.64,0.08,646.72,
2019-07-01,Gujarat,gujarat,3279.42,3.06,2498.94,0.18,1455.12,
2019-08-01,Gujarat,gujarat,4008.18,3.74,3054.26,0.22,1778.48,
2019-09-01,Gujarat,gujarat,3279.42,3.06,2498.94,0.18,1455.12,
2019-10-01,Gujarat,gujarat,1821.9,1.7000000000000002,1388.3000000000002,0.1,808.4000000000001,
2019-11-01,Gujarat,gujarat,910.95,0.8500000000000001,694.1500000000001,0.05,404.20000000000005,
2019-12-01,Gujarat,gujarat,546.5699999999999,0.51,416.49,0.03,242.51999999999998,
2020-01-01,Gujarat,gujarat,31.28,0.04,95.42,0.02,162.4,
2020-02-01,Gujarat,gujarat,31.28,0.04,95.42,0.02,162.4,
2020-03-01,Gujarat,gujarat,46.92,0.06,143.13,0.03,243.6,
2020-04-01,Gujarat,gujarat,62.56,0.08,190.84,0.04,324.8,
2020-05-01,Gujarat,gujarat,78.2,0.1,238.55,0.05,406.0,
2020-06-01,Gujarat,gujarat,125.12,0.16,381.68,0.08,649.6,
2020-07-01,Gujarat,gujarat,281.52,0.36,858.78,0.18,1461.6,
2020-08-01,Gujarat,gujarat,344.08,0.44,1049.6200000000001,0.22,1786.4,
2020-09-01,Gujarat,gujarat,281.52,0.36,858.78,0.18,1461.6,
2020-10-01,Gujarat,gujarat,156.4,0.2,477.1,0.1,812.0,
2020-11-01,Gujarat,gujarat,78.2,0.1,238.55,0.05,406.0,
2020-12-01,Gujarat,gujarat,46.92,0.06,143.13,0.03,243.6,
2021-01-01,Gujarat,gujarat,219.66,0.28,98.42,0.0,647.44,
2021-02-01,Gujarat,gujarat,219.66,0.28,98.42,0.0,647.44,
2021-03-01,Gujarat,gujarat,329.49,0.42,147.63,0.0,971.16,
2021-04-01,Gujarat,gujarat,439.32,0.56,196.84,0.0,1294.88,
2021-05-01,Gujarat,gujarat,549.15,0.7000000000000001,246.05,0.0,1618.6000000000001,
2021-06-01,Gujarat,gujarat,878.64,1.12,393.68,0.0,2589.76,
2021-07-01,Gujarat,gujarat,1976.9399999999998,2.52,885.78,0.0,5826.96,
2021-08-01,Gujarat,gujarat,2416.26,3.08,1082.6200000000001,0.0,7121.84,
2021-09-01,Gujarat,gujarat,1976.9399999999998,2.52,885.78,0.0,5826.96,
2021-10-01,Gujarat,gujarat,1098.3,1.4000000000000001,492.1,0.0,3237.2000000000003,
2021-11-01,Gujarat,gujarat,549.15,0.7000000000000001,246.05,0.0,1618.6000000000001,
2021-12-01,Gujarat,gujarat,329.49,0.42,147.63,0.0,971.16,
2022-01-01,Gujarat,gujarat,134.88,0.12,95.32000000000001,0.0,417.08,
2022-02-01,Gujarat,gujarat,134.88,0.12,95.32000000000001,0.0,417.08,
2022-03-01,Gujarat,gujarat,202.32,0.18,142.98,0.0,625.62,
2022-04-01,Gujarat,gujarat,269.76,0.24,190.64000000000001,0.0,834.16,
2022-05-01,Gujarat,gujarat,337.20000000000005,0.30000000000000004,238.3,0.0,1042.7,
2022-06-01,Gujarat,gujarat,539.52,0.48,381.28000000000003,0.0,1668.32,
2022-07-01,Gujarat,gujarat,1213.9199999999998,1.08,857.88,0.0,3753.72,
2022-08-01,Gujarat,gujarat,1483.68,1.32,1048.52,0.0,4587.88,
2022-09-01,Gujarat,gujarat,1213.9199999999998,1.08,857.88,0.0,3753.72,
2022-10-01,Gujarat,gujarat,674.4000000000001,0.6000000000000001,476.6,0.0,2085.4,
2022-11-01,Gujarat,gujarat,337.20000000000005,0.30000000000000004,238.3,0.0,1042.7,
2022-12-01,Gujarat,gujarat,202.32,0.18,142.98,0.0,625.62,
1999-01-01,Haryana,haryana,0.06,0.0,,,,
1999-02-01,Haryana,haryana,0.06,0.0,,,,
1999-03-01,Haryana,haryana,0.09,0.0,,,,
1999-04-01,Haryana,haryana,0.12,0.0,,,,
1999-05-01,Haryana,haryana,0.15000000000000002,0.0,,,,
1999-06-01,Haryana,haryana,0.24,0.0,,,,
1999-07-01,Haryana,haryana,0.54,0.0,,,,
1999-08-01,Haryana,haryana,0.66,0.0,,,,
1999-09-01,Haryana,haryana,0.54,0.0,,,,
1999-10-01,Haryana,haryana,0.30000000000000004,0.0,,,,
1999-11-01,Haryana,haryana,0.15000000000000002,0.0,,,,
1999-12-01,Haryana,haryana,0.09,0.0,,,,
2000-01-01,Haryana,haryana,0.04,0.0,,,,
2000-02-01,Haryana,haryana,0.04,0.0,,,,
2000-03-01,Haryana,haryana,0.06,0.0,,,,
2000-04-01,Haryana,haryana,0.08,0.0,,,,
2000-05-01,Haryana,haryana,0.1,0.0,,,,
2000-06-01,Haryana,haryana,0.16,0.0,,,,
2000-07-01,Haryana,haryana,0.36,0.0,,,,
2000-08-01,Haryana,haryana,0.44,0.0,,,,
2000-09-01,Haryana,haryana,0.36,0.0,,,,
2000-10-01,Haryana,haryana,0.2,0.0,,,,
2000-11-01,Haryana,haryana,0.1,0.0,,,,
2000-12-01,Haryana,haryana,0.06,0.0,,,,
2001-01-01,Haryana,haryana,5.2,0.1,24.04,0.0,,
2001-02-01,Haryana,haryana,5.2,0.1,24.04,0.0,,
2001-03-01,Haryana,haryana,7.8,0.15,36.059999999999995,0.0,,
2001-04-01,Haryana,haryana,10.4,0.2,48.08,0.0,,
2001-05-01,Haryana,haryana,13.0,0.25,60.1,0.0,,
2001-06-01,Haryana,haryana,20.8,0.4,96.16,0.0,,
2001-07-01,Haryana,haryana,46.8,0.8999999999999999,216.35999999999999,0.0,,
2001-08-01,Haryana,haryana,57.2,1.1,264.44,0.0,,
2001-09-01,Haryana,haryana,46.8,0.8999999999999999,216.35999999999999,0.0,,
2001-10-01,Haryana,haryana,26.0,0.5,120.2,0.0,,
2001-11-01,Haryana,haryana,13.0,0.25,60.1,0.0,,
2001-12-01,Haryana,haryana,7.8,0.15,36.059999999999995,0.0,,
2002-01-01,Haryana,haryana,0.06,0.0,18.72,0.0,,
2002-02-01,Haryana,haryana,0.06,0.0,18.72,0.0,,
2002-03-01,Haryana,haryana,0.09,0.0,28.08,0.0,,
2002-04-01,Haryana,haryana,0.12,0.0,37.44,0.0,,
2002-05-01,Haryana,haryana,0.15000000000000002,0.0,46.800000000000004,0.0,,
2002-06-01,Haryana,haryana,0.24,0.0,74.88,0.0,,
2002-07-01,Haryana,haryana,0.54,0.0,168.48,0.0,,
2002-08-01,Haryana,haryana,0.66,0.0,205.92,0.0,,
2002-09-01,Haryana,haryana,0.54,0.0,168.48,0.0,,
2002-10-01,Haryana,haryana,0.30000000000000004,0.0,93.60000000000001,0.0,,
2002-11-01,Haryana,haryana,0.15000000000000002,0.0,46.800000000000004,0.0,,
2002-12-01,Haryana,haryana,0.09,0.0,28.08,0.0,,
2003-01-01,Haryana,haryana,1.9000000000000001,0.08,87.48,0.0,,
2003-02-01,Haryana,haryana,1.9000000000000001,0.08,87.48,0.0,,
2003-03-01,Haryana,haryana,2.85,0.12,131.22,0.0,,
2003-04-01,Haryana,haryana,3.8000000000000003,0.16,174.96,0.0,,
2003-05-01,Haryana,haryana,4.75,0.2,218.70000000000002,0.0,,
2003-06-01,Haryana,haryana,7.6000000000000005,0.32,349.92,0.0,,
2003-07-01,Haryana,haryana,17.099999999999998,0.72,787.3199999999999,0.0,,
2003-08-01,Haryana,haryana,20.9,0.88,962.28,0.0,,
2003-09-01,Haryana,haryana,17.099999999999998,0.72,787.3199999999999,0.0,,
2003-10-01,Haryana,haryana,9.5,0.4,437.40000000000003,0.0,,
2003-11-01,Haryana,haryana,4.75,0.2,218.70000000000002,0.0,,
2003-12-01,Haryana,haryana,2.85,0.12,131.22,0.0,,
2004-01-01,Haryana,haryana,0.5,0.0,201.28,0.0,,
2004-02-01,Haryana,haryana,0.5,0.0,201.28,0.0,,
2004-03-01,Haryana,haryana,0.75,0.0,301.92,0.0,,
2004-04-01,Haryana,haryana,1.0,0.0,402.56,0.0,,
2004-05-01,Haryana,haryana,1.25,0.0,503.20000000000005,0.0,,
2004-06-01,Haryana,haryana,2.0,0.0,805.12,0.0,,
2004-07-01,Haryana,haryana,4.5,0.0,1811.52,0.0,,
2004-08-01,Haryana,haryana,5.5,0.0,2214.08,0.0,,
2004-09-01,Haryana,haryana,4.5,0.0,1811.52,0.0,,
2004-10-01,Haryana,haryana,2.5,0.0,1006.4000000000001,0.0,,
2004-11-01,Haryana,haryana,1.25,0.0,503.20000000000005,0.0,,
2004-12-01,Haryana,haryana,0.75,0.0,301.92,0.0,,
2005-01-01,Haryana,haryana,3.66,0.02,665.24,0.0,,
2005-02-01,Haryana,haryana,3.66,0.02,665.24,0.0,,
2005-03-01,Haryana,haryana,5.49,0.03,997.86,0.0,,
2005-04-01,Haryana,haryana,7.32,0.04,1330.48,0.0,,
2005-05-01,Haryana,haryana,9.15,0.05,1663.1000000000001,0.0,,
2005-06-01,Haryana,haryana,14.64,0.08,2660.96,0.0,,
2005-07-01,Haryana,haryana,32.94,0.18,5987.16,0.0,,
2005-08-01,Haryana,haryana,40.26,0.22,7317.64,0.0,,
2005-09-01,Haryana,haryana,32.94,0.18,5987.16,0.0,,
2005-10-01,Haryana,haryana,18.3,0.1,3326.2000000000003,0.0,,
2005-11-01,Haryana,haryana,9.15,0.05,1663.1000000000001,0.0,,
2005-12-01,Haryana,haryana,5.49,0.03,997.86,0.0,,
2006-01-01,Haryana,haryana,16.76,0.08,942.84,0.0,0.0,
2006-02-01,Haryana,haryana,16.76,0.08,942.84,0.0,0.0,
2006-03-01,Haryana,haryana,25.14,0.12,1414.26,0.0,0.0,
2006-04-01,Haryana,haryana,33.52,0.16,1885.68,0.0,0.0,
2006-05-01,Haryana,haryana,41.900000000000006,0.2,2357.1,0.0,0.0,
2006-06-01,Haryana,haryana,67.04,0.32,3771.36,0.0,0.0,
2006-07-01,Haryana,haryana,150.84,0.72,8485.56,0.0,0.0,
2006-08-01,Haryana,haryana,184.36,0.88,10371.24,0.0,0.0,
2006-09-01,Haryana,haryana,150.84,0.72,8485.56,0.0,0.0,
2006-10-01,Haryana,haryana,83.80000000000001,0.4,4714.2,0.0,0.0,
2006-11-01,Haryana,haryana,41.900000000000006,0.2,2357.1,0.0,0.0,
2006-12-01,Haryana,haryana,25.14,0.12,1414.26,0.0,0.0,
2007-01-01,Haryana,haryana,7.3,0.22,617.9,0.0,0.26,
2007-02-01,Haryana,haryana,7.3,0.22,617.9,0.0,0.26,
2007-03-01,Haryana,haryana,10.95,0.32999999999999996,926.8499999999999,0.0,0.39,
2007-04-01,Haryana,haryana,14.6,0.44,1235.8,0.0,0.52,
2007-05-01,Haryana,haryana,18.25,0.55,1544.75,0.0,0.65,
2007-06-01,Haryana,haryana,29.2,0.88,2471.6,0.0,1.04,
2007-07-01,Haryana,haryana,65.7,1.98,5561.099999999999,0.0,2.34,
2007-08-01,Haryana,haryana,80.3,2.42,6796.9,0.0,2.86,
2007-09-01,Haryana,haryana,65.7,1.98,5561.099999999999,0.0,2.34,
2007-10-01,Haryana,haryana,36.5,1.1,3089.5,0.0,1.3,
2007-11-01,Haryana,haryana,18.25,0.55,1544.75,0.0,0.65,
2007-12-01,Haryana,haryana,10.95,0.32999999999999996,926.8499999999999,0.0,0.39,
2008-01-01,Haryana,haryana,22.740000000000002,0.18,713.66,0.0,0.7000000000000001,
2008-02-01,Haryana,haryana,22.740000000000002,0.18,713.66,0.0,0.7000000000000001,
2008-03-01,Haryana,haryana,34.11,0.27,1070.49,0.0,1.05,
2008-04-01,Haryana,haryana,45.480000000000004,0.36,1427.32,0.0,1.4000000000000001,
2008-05-01,Haryana,haryana,56.85,0.45,1784.15,0.0,1.75,
2008-06-01,Haryana,haryana,90.96000000000001,0.72,2854.64,0.0,2.8000000000000003,
2008-07-01,Haryana,haryana,204.66,1.6199999999999999,6422.94,0.0,6.3,
2008-08-01,Haryana,haryana,250.14000000000001,1.98,7850.26,0.0,7.7,
2008-09-01,Haryana,haryana,204.66,1.6199999999999999,6422.94,0.0,6.3,
2008-10-01,Haryana,haryana,113.7,0.9,3568.3,0.0,3.5,
2008-11-01,Haryana,haryana,56.85,0.45,1784.15,0.0,1.75,
2008-12-01,Haryana,haryana,34.11,0.27,1070.49,0.0,1.05,
2009-01-01,Haryana,haryana,2.5,0.02,603.36,0.0,0.04,
2009-02-01,Haryana,haryana,2.5,0.02,603.36,0.0,0.04,
2009-03-01,Haryana,haryana,3.75,0.03,905.04,0.0,0.06,
2009-04-01,Haryana,haryana,5.0,0.04,1206.72,0.0,0.08,
2009-05-01,Haryana,haryana,6.25,0.05,1508.4,0.0,0.1,
2009-06-01,Haryana,haryana,10.0,0.08,2413.44,0.0,0.16,
2009-07-01,Haryana,haryana,22.5,0.18,5430.24,0.0,0.36,
2009-08-01,Haryana,haryana,27.5,0.22,6636.96,0.0,0.44,
2009-09-01,Haryana,haryana,22.5,0.18,5430.24,0.0,0.36,
2009-10-01,Haryana,haryana,12.5,0.1,3016.8,0.0,0.2,
2009-11-01,Haryana,haryana,6.25,0.05,1508.4,0.0,0.1,
2009-12-01,Haryana,haryana,3.75,0.03,905.04,0.0,0.06,
2010-01-01,Haryana,haryana,17.32,0.4,378.42,0.0,0.52,
2010-02-01,Haryana,haryana,17.32,0.4,378.42,0.0,0.52,
2010-03-01,Haryana,haryana,25.98,0.6,567.63,0.0,0.78,
2010-04-01,Haryana,haryana,34.64,0.8,756.84,0.0,1.04,
2010-05-01,Haryana,haryana,43.300000000000004,1.0,946.0500000000001,0.0,1.3,
2010-06-01,Haryana,haryana,69.28,1.6,1513.68,0.0,2.08,
2010-07-01,Haryana,haryana,155.88,3.5999999999999996,3405.7799999999997,0.0,4.68,
2010-08-01,Haryana,haryana,190.52,4.4,4162.62,0.0,5.72,
2010-09-01,Haryana,haryana,155.88,3.5999999999999996,3405.7799999999997,0.0,4.68,
2010-10-01,Haryana,haryana,86.60000000000001,2.0,1892.1000000000001,0.0,2.6,
2010-11-01,Haryana,haryana,43.300000000000004,1.0,946.0500000000001,0.0,1.3,
2010-12-01,Haryana,haryana,25.98,0.6,567.63,0.0,0.78,
2011-01-01,Haryana,haryana,5.34,0.06,668.02,0.02,4.3,
2011-02-01,Haryana,haryana,5.34,0.06,668.02,0.02,4.3,
2011-03-01,Haryana,haryana,8.01,0.09,1002.03,0.03,6.45,
2011-04-01,Haryana,haryana,10.68,0.12,1336.04,0.04,8.6,
2011-05-01,Haryana,haryana,13.350000000000001,0.15000000000000002,1670.0500000000002,0.05,10.75,
2011-06-01,Haryana,haryana,21.36,0.24,2672.08,0.08,17.2,
2011-07-01,Haryana,haryana,48.059999999999995,0.54,6012.179999999999,0.18,38.699999999999996,
2011-08-01,Haryana,haryana,58.74,0.66,7348.22,0.22,47.3,
2011-09-01,Haryana,haryana,48.059999999999995,0.54,6012.179999999999,0.18,38.699999999999996,
2011-10-01,Haryana,haryana,26.700000000000003,0.30000000000000004,3340.1000000000004,0.1,21.5,
2011-11-01,Haryana,haryana,13.350000000000001,0.15000000000000002,1670.0500000000002,0.05,10.75,
2011-12-01,Haryana,haryana,8.01,0.09,1002.03,0.03,6.45,
2012-01-01,Haryana,haryana,15.36,0.04,536.38,0.02,0.16,
2012-02-01,Haryana,haryana,15.36,0.04,536.38,0.02,0.16,
2012-03-01,Haryana,haryana,23.04,0.06,804.5699999999999,0.03,0.24,
2012-04-01,Haryana,haryana,30.72,0.08,1072.76,0.04,0.32,
2012-05-01,Haryana,haryana,38.400000000000006,0.1,1340.95,0.05,0.4,
2012-06-01,Haryana,haryana,61.44,0.16,2145.52,0.08,0.64,
2012-07-01,Haryana,haryana,138.24,0.36,4827.42,0.18,1.44,
2012-08-01,Haryana,haryana,168.96,0.44,5900.18,0.22,1.76,
2012-09-01,Haryana,haryana,138.24,0.36,4827.42,0.18,1.44,
2012-10-01,Haryana,haryana,76.80000000000001,0.2,2681.9,0.1,0.8,
2012-11-01,Haryana,haryana,38.400000000000006,0.1,1340.95,0.05,0.4,
2012-12-01,Haryana,haryana,23.04,0.06,804.5699999999999,0.03,0.24,
2013-01-01,Haryana,haryana,35.68,0.1,289.42,0.06,0.02,
2013-02-01,Haryana,haryana,35.68,0.1,289.42,0.06,0.02,
2013-03-01,Haryana,haryana,53.519999999999996,0.15,434.13,0.09,0.03,
2013-04-01,Haryana,haryana,71.36,0.2,578.84,0.12,0.04,
2013-05-01,Haryana,haryana,89.2,0.25,723.5500000000001,0.15000000000000002,0.05,
2013-06-01,Haryana,haryana,142.72,0.4,1157.68,0.24,0.08,
2013-07-01,Haryana,haryana,321.12,0.8999999999999999,2604.7799999999997,0.54,0.18,
2013-08-01,Haryana,haryana,392.48,1.1,3183.62,0.66,0.22,
2013-09-01,Haryana,haryana,321.12,0.8999999999999999,2604.7799999999997,0.54,0.18,
2013-10-01,Haryana,haryana,178.4,0.5,1447.1000000000001,0.30000000000000004,0.1,
2013-11-01,Haryana,haryana,89.2,0.25,723.5500000000001,0.15000000000000002,0.05,
2013-12-01,Haryana,haryana,53.519999999999996,0.15,434.13,0.09,0.03,
2014-01-01,Haryana,haryana,,,89.7,0.02,0.06,
2014-02-01,Haryana,haryana,,,89.7,0.02,0.06,
2014-03-01,Haryana,haryana,,,134.54999999999998,0.03,0.09,
2014-04-01,Haryana,haryana,,,179.4,0.04,0.12,
2014-05-01,Haryana,haryana,,,224.25,0.05,0.15000000000000002,
2014-06-01,Haryana,haryana,,,358.8,0.08,0.24,
2014-07-01,Haryana,haryana,,,807.3,0.18,0.54,
2014-08-01,Haryana,haryana,,,986.7,0.22,0.66,
2014-09-01,Haryana,haryana,,,807.3,0.18,0.54,
2014-10-01,Haryana,haryana,,,448.5,0.1,0.30000000000000004,
2014-11-01,Haryana,haryana,,,224.25,0.05,0.15000000000000002,
2014-12-01,Haryana,haryana,,,134.54999999999998,0.03,0.09,
2015-01-01,Haryana,haryana,,,186.16,0.06,0.02,
2015-02-01,Haryana,haryana,,,186.16,0.06,0.02,
2015-03-01,Haryana,haryana,,,279.24,0.09,0.03,
2015-04-01,Haryana,haryana,,,372.32,0.12,0.04,
2015-05-01,Haryana,haryana,,,465.40000000000003,0.15000000000000002,0.05,
2015-06-01,Haryana,haryana,,,744.64,0.24,0.08,
2015-07-01,Haryana,haryana,,,1675.4399999999998,0.54,0.18,
2015-08-01,Haryana,haryana,,,2047.76,0.66,0.22,
2015-09-01,Haryana,haryana,,,1675.4399999999998,0.54,0.18,
2015-10-01,Haryana,haryana,,,930.8000000000001,0.30000000000000004,0.1,
2015-11-01,Haryana,haryana,,,465.40000000000003,0.15000000000000002,0.05,
2015-12-01,Haryana,haryana,,,279.24,0.09,0.03,
2016-01-01,Haryana,haryana,,,157.32,0.0,107.88,
2016-02-01,Haryana,haryana,,,157.32,0.0,107.88,
2016-03-01,Haryana,haryana,,,235.98,0.0,161.82,
2016-04-01,Haryana,haryana,,,314.64,0.0,215.76,
2016-05-01,Haryana,haryana,,,393.3,0.0,269.7,
2016-06-01,Haryana,haryana,,,629.28,0.0,431.52,
2016-07-01,Haryana,haryana,,,1415.8799999999999,0.0,970.92,
2016-08-01,Haryana,haryana,,,1730.52,0.0,1186.68,
2016-09-01,Haryana,haryana,,,1415.8799999999999,0.0,970.92,
2016-10-01,Haryana,haryana,,,786.6,0.0,539.4,
2016-11-01,Haryana,haryana,,,393.3,0.0,269.7,
2016-12-01,Haryana,haryana,,,235.98,0.0,161.82,
2017-01-01,Haryana,haryana,91.0,0.0,113.92,0.0,4.4,
2017-02-01,Haryana,haryana,91.0,0.0,113.92,0.0,4.4,
2017-03-01,Haryana,haryana,136.5,0.0,170.88,0.0,6.6,
2017-04-01,Haryana,haryana,182.0,0.0,227.84,0.0,8.8,
2017-05-01,Haryana,haryana,227.5,0.0,284.8,0.0,11.0,
2017-06-01,Haryana,haryana,364.0,0.0,455.68,0.0,17.6,
2017-07-01,Haryana,haryana,819.0,0.0,1025.28,0.0,39.6,
2017-08-01,Haryana,haryana,1001.0,0.0,1253.1200000000001,0.0,48.4,
2017-09-01,Haryana,haryana,819.0,0.0,1025.28,0.0,39.6,
2017-10-01,Haryana,haryana,455.0,0.0,569.6,0.0,22.0,
2017-11-01,Haryana,haryana,227.5,0.0,284.8,0.0,11.0,
2017-12-01,Haryana,haryana,136.5,0.0,170.88,0.0,6.6,
2018-01-01,Haryana,haryana,37.96,0.0,62.980000000000004,0.0,1.24,
2018-02-01,Haryana,haryana,37.96,0.0,62.980000000000004,0.0,1.24,
2018-03-01,Haryana,haryana,56.94,0.0,94.47,0.0,1.8599999999999999,
2018-04-01,Haryana,haryana,75.92,0.0,125.96000000000001,0.0,2.48,
2018-05-01,Haryana,haryana,94.9,0.0,157.45000000000002,0.0,3.1,
2018-06-01,Haryana,haryana,151.84,0.0,251.92000000000002,0.0,4.96,
2018-07-01,Haryana,haryana,341.64,0.0,566.8199999999999,0.0,11.16,
2018-08-01,Haryana,haryana,417.56,0.0,692.78,0.0,13.64,
2018-09-01,Haryana,haryana,341.64,0.0,566.8199999999999,0.0,11.16,
2018-10-01,Haryana,haryana,189.8,0.0,314.90000000000003,0.0,6.2,
2018-11-01,Haryana,haryana,94.9,0.0,157.45000000000002,0.0,3.1,
2018-12-01,Haryana,haryana,56.94,0.0,94.47,0.0,1.8599999999999999,
2019-01-01,Haryana,haryana,24.14,0.0,29.94,0.0,0.0,
2019-02-01,Haryana,haryana,24.14,0.0,29.94,0.0,0.0,
2019-03-01,Haryana,haryana,36.21,0.0,44.91,0.0,0.0,
2019-04-01,Haryana,haryana,48.28,0.0,59.88,0.0,0.0,
2019-05-01,Haryana,haryana,60.35,0.0,74.85000000000001,0.0,0.0,
2019-06-01,Haryana,haryana,96.56,0.0,119.76,0.0,0.0,
2019-07-01,Haryana,haryana,217.26,0.0,269.46,0.0,0.0,
2019-08-01,Haryana,haryana,265.54,0.0,329.34,0.0,0.0,
2019-09-01,Haryana,haryana,217.26,0.0,269.46,0.0,0.0,
2019-10-01,Haryana,haryana,120.7,0.0,149.70000000000002,0.0,0.0,
2019-11-01,Haryana,haryana,60.35,0.0,74.85000000000001,0.0,0.0,
2019-12-01,Haryana,haryana,36.21,0.0,44.91,0.0,0.0,
2020-01-01,Haryana,haryana,27.54,0.0,2.22,0.0,18.6,
2020-02-01,Haryana,haryana,27.54,0.0,2.22,0.0,18.6,
2020-03-01,Haryana,haryana,41.309999999999995,0.0,3.33,0.0,27.9,
2020-04-01,Haryana,haryana,55.08,0.0,4.44,0.0,37.2,
2020-05-01,Haryana,haryana,68.85000000000001,0.0,5.550000000000001,0.0,46.5,
2020-06-01,Haryana,haryana,110.16,0.0,8.88,0.0,74.4,
2020-07-01,Haryana,haryana,247.85999999999999,0.0,19.98,0.0,167.4,
2020-08-01,Haryana,haryana,302.94,0.0,24.42,0.0,204.6,
2020-09-01,Haryana,haryana,247.85999999999999,0.0,19.98,0.0,167.4,
2020-10-01,Haryana,haryana,137.70000000000002,0.0,11.100000000000001,0.0,93.0,
2020-11-01,Haryana,haryana,68.85000000000001,0.0,5.550000000000001,0.0,46.5,
2020-12-01,Haryana,haryana,41.309999999999995,0.0,3.33,0.0,27.9,
2021-01-01,Haryana,haryana,236.70000000000002,0.26,1.08,0.0,15.3,
2021-02-01,Haryana,haryana,236.70000000000002,0.26,1.08,0.0,15.3,
2021-03-01,Haryana,haryana,355.05,0.39,1.6199999999999999,0.0,22.95,
2021-04-01,Haryana,haryana,473.40000000000003,0.52,2.16,0.0,30.6,
2021-05-01,Haryana,haryana,591.75,0.65,2.7,0.0,38.25,
2021-06-01,Haryana,haryana,946.8000000000001,1.04,4.32,0.0,61.2,
2021-07-01,Haryana,haryana,2130.2999999999997,2.34,9.719999999999999,0.0,137.7,
2021-08-01,Haryana,haryana,2603.7,2.86,11.88,0.0,168.3,
2021-09-01,Haryana,haryana,2130.2999999999997,2.34,9.719999999999999,0.0,137.7,
2021-10-01,Haryana,haryana,1183.5,1.3,5.4,0.0,76.5,
2021-11-01,Haryana,haryana,591.75,0.65,2.7,0.0,38.25,
2021-12-01,Haryana,haryana,355.05,0.39,1.6199999999999999,0.0,22.95,
2022-01-01,Haryana,haryana,179.92000000000002,0.36,1.0,0.0,48.5,
2022-02-01,Haryana,haryana,179.92000000000002,0.36,1.0,0.0,48.5,
2022-03-01,Haryana,haryana,269.88,0.54,1.5,0.0,72.75,
2022-04-01,Haryana,haryana,359.84000000000003,0.72,2.0,0.0,97.0,
2022-05-01,Haryana,haryana,449.8,0.9,2.5,0.0,121.25,
2022-06-01,Haryana,haryana,719.6800000000001,1.44,4.0,0.0,194.0,
2022-07-01,Haryana,haryana,1619.28,3.2399999999999998,9.0,0.0,436.5,
2022-08-01,Haryana,haryana,1979.1200000000001,3.96,11.0,0.0,533.5,
2022-09-01,Haryana,haryana,1619.28,3.2399999999999998,9.0,0.0,436.5,
2022-10-01,Haryana,haryana,899.6,1.8,5.0,0.0,242.5,
2022-11-01,Haryana,haryana,449.8,0.9,2.5,0.0,121.25,
2022-12-01,Haryana,haryana,269.88,0.54,1.5,0.0,72.75,
2001-01-01,Himachal Pradesh,himachal_pradesh,,,6.98,0.0,,
2001-02-01,Himachal Pradesh,himachal_pradesh,,,6.98,0.0,,
2001-03-01,Himachal Pradesh,himachal_pradesh,,,10.469999999999999,0.0,,
2001-04-01,Himachal Pradesh,himachal_pradesh,,,13.96,0.0,,
2001-05-01,Himachal Pradesh,himachal_pradesh,,,17.45,0.0,,
2001-06-01,Himachal Pradesh,himachal_pradesh,,,27.92,0.0,,
2001-07-01,Himachal Pradesh,himachal_pradesh,,,62.82,0.0,,
2001-08-01,Himachal Pradesh,himachal_pradesh,,,76.78,0.0,,
2001-09-01,Himachal Pradesh,himachal_pradesh,,,62.82,0.0,,
2001-10-01,Himachal Pradesh,himachal_pradesh,,,34.9,0.0,,
2001-11-01,Himachal Pradesh,himachal_pradesh,,,17.45,0.0,,
2001-12-01,Himachal Pradesh,himachal_pradesh,,,10.469999999999999,0.0,,
2002-01-01,Himachal Pradesh,himachal_pradesh,,,3.52,0.0,,
2002-02-01,Himachal Pradesh,himachal_pradesh,,,3.52,0.0,,
2002-03-01,Himachal Pradesh,himachal_pradesh,,,5.279999999999999,0.0,,
2002-04-01,Himachal Pradesh,himachal_pradesh,,,7.04,0.0,,
2002-05-01,Himachal Pradesh,himachal_pradesh,,,8.8,0.0,,
2002-06-01,Himachal Pradesh,himachal_pradesh,,,14.08,0.0,,
2002-07-01,Himachal Pradesh,himachal_pradesh,,,31.68,0.0,,
2002-08-01,Himachal Pradesh,himachal_pradesh,,,38.72,0.0,,
2002-09-01,Himachal Pradesh,himachal_pradesh,,,31.68,0.0,,
2002-10-01,Himachal Pradesh,himachal_pradesh,,,17.6,0.0,,
2002-11-01,Himachal Pradesh,himachal_pradesh,,,8.8,0.0,,
2002-12-01,Himachal Pradesh,himachal_pradesh,,,5.279999999999999,0.0,,
2003-01-01,Himachal Pradesh,himachal_pradesh,,,2.66,0.0,,
2003-02-01,Himachal Pradesh,himachal_pradesh,,,2.66,0.0,,
2003-03-01,Himachal Pradesh,himachal_pradesh,,,3.9899999999999998,0.0,,
2003-04-01,Himachal Pradesh,himachal_pradesh,,,5.32,0.0,,
2003-05-01,Himachal Pradesh,himachal_pradesh,,,6.65,0.0,,
2003-06-01,Himachal Pradesh,himachal_pradesh,,,10.64,0.0,,
2003-07-01,Himachal Pradesh,himachal_pradesh,,,23.939999999999998,0.0,,
2003-08-01,Himachal Pradesh,himachal_pradesh,,,29.26,0.0,,
2003-09-01,Himachal Pradesh,himachal_pradesh,,,23.939999999999998,0.0,,
2003-10-01,Himachal Pradesh,himachal_pradesh,,,13.3,0.0,,
2003-11-01,Himachal Pradesh,himachal_pradesh,,,6.65,0.0,,
2003-12-01,Himachal Pradesh,himachal_pradesh,,,3.9899999999999998,0.0,,
2004-01-01,Himachal Pradesh,himachal_pradesh,,,2.52,0.0,,
2004-02-01,Himachal Pradesh,himachal_pradesh,,,2.52,0.0,,
2004-03-01,Himachal Pradesh,himachal_pradesh,,,3.78,0.0,,
2004-04-01,Himachal Pradesh,himachal_pradesh,,,5.04,0.0,,
2004-05-01,Himachal Pradesh,himachal_pradesh,,,6.300000000000001,0.0,,
2004-06-01,Himachal Pradesh,himachal_pradesh,,,10.08,0.0,,
2004-07-01,Himachal Pradesh,himachal_pradesh,,,22.68,0.0,,
2004-08-01,Himachal Pradesh,himachal_pradesh,,,27.72,0.0,,
2004-09-01,Himachal Pradesh,himachal_pradesh,,,22.68,0.0,,
2004-10-01,Himachal Pradesh,himachal_pradesh,,,12.600000000000001,0.0,,
2004-11-01,Himachal Pradesh,himachal_pradesh,,,6.300000000000001,0.0,,
2004-12-01,Himachal Pradesh,himachal_pradesh,,,3.78,0.0,,
2005-01-01,Himachal Pradesh,himachal_pradesh,,,2.58,0.0,,
2005-02-01,Himachal Pradesh,himachal_pradesh,,,2.58,0.0,,
2005-03-01,Himachal Pradesh,himachal_pradesh,,,3.8699999999999997,0.0,,
2005-04-01,Himachal Pradesh,himachal_pradesh,,,5.16,0.0,,
2005-05-01,Himachal Pradesh,himachal_pradesh,,,6.45,0.0,,
2005-06-01,Himachal Pradesh,himachal_pradesh,,,10.32,0.0,,
2005-07-01,Himachal Pradesh,himachal_pradesh,,,23.22,0.0,,
2005-08-01,Himachal Pradesh,himachal_pradesh,,,28.38,0.0,,
2005-09-01,Himachal Pradesh,himachal_pradesh,,,23.22,0.0,,
2005-10-01,Himachal Pradesh,himachal_pradesh,,,12.9,0.0,,
2005-11-01,Himachal Pradesh,himachal_pradesh,,,6.45,0.0,,
2005-12-01,Himachal Pradesh,himachal_pradesh,,,3.8699999999999997,0.0,,
2006-01-01,Himachal Pradesh,himachal_pradesh,,,2.2800000000000002,0.0,,
2006-02-01,Himachal Pradesh,himachal_pradesh,,,2.2800000000000002,0.0,,
2006-03-01,Himachal Pradesh,himachal_pradesh,,,3.42,0.0,,
2006-04-01,Himachal Pradesh,himachal_pradesh,,,4.5600000000000005,0.0,,
2006-05-01,Himachal Pradesh,himachal_pradesh,,,5.7,0.0,,
2006-06-01,Himachal Pradesh,himachal_pradesh,,,9.120000000000001,0.0,,
2006-07-01,Himachal Pradesh,himachal_pradesh,,,20.52,0.0,,
2006-08-01,Himachal Pradesh,himachal_pradesh,,,25.080000000000002,0.0,,
2006-09-01,Himachal Pradesh,himachal_pradesh,,,20.52,0.0,,
2006-10-01,Himachal Pradesh,himachal_pradesh,,,11.4,0.0,,
2006-11-01,Himachal Pradesh,himachal_pradesh,,,5.7,0.0,,
2006-12-01,Himachal Pradesh,himachal_pradesh,,,3.42,0.0,,
2007-01-01,Himachal Pradesh,himachal_pradesh,,,2.08,0.0,,
2007-02-01,Himachal Pradesh,himachal_pradesh,,,2.08,0.0,,
2007-03-01,Himachal Pradesh,himachal_pradesh,,,3.12,0.0,,
2007-04-01,Himachal Pradesh,himachal_pradesh,,,4.16,0.0,,
2007-05-01,Himachal Pradesh,himachal_pradesh,,,5.2,0.0,,
2007-06-01,Himachal Pradesh,himachal_pradesh,,,8.32,0.0,,
2007-07-01,Himachal Pradesh,himachal_pradesh,,,18.72,0.0,,
2007-08-01,Himachal Pradesh,himachal_pradesh,,,22.88,0.0,,
2007-09-01,Himachal Pradesh,himachal_pradesh,,,18.72,0.0,,
2007-10-01,Himachal Pradesh,himachal_pradesh,,,10.4,0.0,,
2007-11-01,Himachal Pradesh,himachal_pradesh,,,5.2,0.0,,
2007-12-01,Himachal Pradesh,himachal_pradesh,,,3.12,0.0,,
2008-01-01,Himachal Pradesh,himachal_pradesh,0.0,0.0,2.92,0.0,0.0,
2008-02-01,Himachal Pradesh,himachal_pradesh,0.0,0.0,2.92,0.0,0.0,
2008-03-01,Himachal Pradesh,himachal_pradesh,0.0,0.0,4.38,0.0,0.0,
2008-04-01,Himachal Pradesh,himachal_pradesh,0.0,0.0,5.84,0.0,0.0,
2008-05-01,Himachal Pradesh,himachal_pradesh,0.0,0.0,7.300000000000001,0.0,0.0,
2008-06-01,Himachal Pradesh,himachal_pradesh,0.0,0.0,11.68,0.0,0.0,
2008-07-01,Himachal Pradesh,himachal_pradesh,0.0,0.0,26.279999999999998,0.0,0.0,
2008-08-01,Himachal Pradesh,himachal_pradesh,0.0,0.0,32.12,0.0,0.0,
2008-09-01,Himachal Pradesh,himachal_pradesh,0.0,0.0,26.279999999999998,0.0,0.0,
2008-10-01,Himachal Pradesh,himachal_pradesh,0.0,0.0,14.600000000000001,0.0,0.0,
2008-11-01,Himachal Pradesh,himachal_pradesh,0.0,0.0,7.300000000000001,0.0,0.0,
2008-12-01,Himachal Pradesh,himachal_pradesh,0.0,0.0,4.38,0.0,0.0,
2009-01-01,Himachal Pradesh,himachal_pradesh,0.0,0.0,3.84,0.0,0.0,
2009-02-01,Himachal Pradesh,himachal_pradesh,0.0,0.0,3.84,0.0,0.0,
2009-03-01,Himachal Pradesh,himachal_pradesh,0.0,0.0,5.76,0.0,0.0,
2009-04-01,Himachal Pradesh,himachal_pradesh,0.0,0.0,7.68,0.0,0.0,
2009-05-01,Himachal Pradesh,himachal_pradesh,0.0,0.0,9.600000000000001,0.0,0.0,
2009-06-01,Himachal Pradesh,himachal_pradesh,0.0,0.0,15.36,0.0,0.0,
2009-07-01,Himachal Pradesh,himachal_pradesh,0.0,0.0,34.56,0.0,0.0,
2009-08-01,Himachal Pradesh,himachal_pradesh,0.0,0.0,42.24,0.0,0.0,
2009-09-01,Himachal Pradesh,himachal_pradesh,0.0,0.0,34.56,0.0,0.0,
2009-10-01,Himachal Pradesh,himachal_pradesh,0.0,0.0,19.200000000000003,0.0,0.0,
2009-11-01,Himachal Pradesh,himachal_pradesh,0.0,0.0,9.600000000000001,0.0,0.0,
2009-12-01,Himachal Pradesh,himachal_pradesh,0.0,0.0,5.76,0.0,0.0,
2010-01-01,Himachal Pradesh,himachal_pradesh,0.06,0.0,4.2,0.0,0.0,
2010-02-01,Himachal Pradesh,himachal_pradesh,0.06,0.0,4.2,0.0,0.0,
2010-03-01,Himachal Pradesh,himachal_pradesh,0.09,0.0,6.3,0.0,0.0,
2010-04-01,Himachal Pradesh,himachal_pradesh,0.12,0.0,8.4,0.0,0.0,
2010-05-01,Himachal Pradesh,himachal_pradesh,0.15000000000000002,0.0,10.5,0.0,0.0,
2010-06-01,Himachal Pradesh,himachal_pradesh,0.24,0.0,16.8,0.0,0.0,
2010-07-01,Himachal Pradesh,himachal_pradesh,0.54,0.0,37.8,0.0,0.0,
2010-08-01,Himachal Pradesh,himachal_pradesh,0.66,0.0,46.2,0.0,0.0,
2010-09-01,Himachal Pradesh,himachal_pradesh,0.54,0.0,37.8,0.0,0.0,
2010-10-01,Himachal Pradesh,himachal_pradesh,0.30000000000000004,0.0,21.0,0.0,0.0,
2010-11-01,Himachal Pradesh,himachal_pradesh,0.15000000000000002,0.0,10.5,0.0,0.0,
2010-12-01,Himachal Pradesh,himachal_pradesh,0.09,0.0,6.3,0.0,0.0,
2011-01-01,Himachal Pradesh,himachal_pradesh,0.0,0.0,4.94,0.0,0.0,
2011-02-01,Himachal Pradesh,himachal_pradesh,0.0,0.0,4.94,0.0,0.0,
2011-03-01,Himachal Pradesh,himachal_pradesh,0.0,0.0,7.41,0.0,0.0,
2011-04-01,Himachal Pradesh,himachal_pradesh,0.0,0.0,9.88,0.0,0.0,
2011-05-01,Himachal Pradesh,himachal_pradesh,0.0,0.0,12.350000000000001,0.0,0.0,
2011-06-01,Himachal Pradesh,himachal_pradesh,0.0,0.0,19.76,0.0,0.0,
2011-07-01,Himachal Pradesh,himachal_pradesh,0.0,0.0,44.46,0.0,0.0,
2011-08-01,Himachal Pradesh,himachal_pradesh,0.0,0.0,54.34,0.0,0.0,
2011-09-01,Himachal Pradesh,himachal_pradesh,0.0,0.0,44.46,0.0,0.0,
2011-10-01,Himachal Pradesh,himachal_pradesh,0.0,0.0,24.700000000000003,0.0,0.0,
2011-11-01,Himachal Pradesh,himachal_pradesh,0.0,0.0,12.350000000000001,0.0,0.0,
2011-12-01,Himachal Pradesh,himachal_pradesh,0.0,0.0,7.41,0.0,0.0,
2012-01-01,Himachal Pradesh,himachal_pradesh,1.46,0.0,4.32,0.0,,
2012-02-01,Himachal Pradesh,himachal_pradesh,1.46,0.0,4.32,0.0,,
2012-03-01,Himachal Pradesh,himachal_pradesh,2.19,0.0,6.4799999999999995,0.0,,
2012-04-01,Himachal Pradesh,himachal_pradesh,2.92,0.0,8.64,0.0,,
2012-05-01,Himachal Pradesh,himachal_pradesh,3.6500000000000004,0.0,10.8,0.0,,
2012-06-01,Himachal Pradesh,himachal_pradesh,5.84,0.0,17.28,0.0,,
2012-07-01,Himachal Pradesh,himachal_pradesh,13.139999999999999,0.0,38.879999999999995,0.0,,
2012-08-01,Himachal Pradesh,himachal_pradesh,16.06,0.0,47.52,0.0,,
2012-09-01,Himachal Pradesh,himachal_pradesh,13.139999999999999,0.0,38.879999999999995,0.0,,
2012-10-01,Himachal Pradesh,himachal_pradesh,7.300000000000001,0.0,21.6,0.0,,
2012-11-01,Himachal Pradesh,himachal_pradesh,3.6500000000000004,0.0,10.8,0.0,,
2012-12-01,Himachal Pradesh,himachal_pradesh,2.19,0.0,6.4799999999999995,0.0,,
2013-01-01,Himachal Pradesh,himachal_pradesh,1.78,0.04,2.82,0.0,0.0,
2013-02-01,Himachal Pradesh,himachal_pradesh,1.78,0.04,2.82,0.0,0.0,
2013-03-01,Himachal Pradesh,himachal_pradesh,2.67,0.06,4.2299999999999995,0.0,0.0,
2013-04-01,Himachal Pradesh,himachal_pradesh,3.56,0.08,5.64,0.0,0.0,
2013-05-01,Himachal Pradesh,himachal_pradesh,4.45,0.1,7.050000000000001,0.0,0.0,
2013-06-01,Himachal Pradesh,himachal_pradesh,7.12,0.16,11.28,0.0,0.0,
2013-07-01,Himachal Pradesh,himachal_pradesh,16.02,0.36,25.38,0.0,0.0,
2013-08-01,Himachal Pradesh,himachal_pradesh,19.580000000000002,0.44,31.02,0.0,0.0,
2013-09-01,Himachal Pradesh,himachal_pradesh,16.02,0.36,25.38,0.0,0.0,
2013-10-01,Himachal Pradesh,himachal_pradesh,8.9,0.2,14.100000000000001,0.0,0.0,
2013-11-01,Himachal Pradesh,himachal_pradesh,4.45,0.1,7.050000000000001,0.0,0.0,
2013-12-01,Himachal Pradesh,himachal_pradesh,2.67,0.06,4.2299999999999995,0.0,0.0,
2014-01-01,Himachal Pradesh,himachal_pradesh,,,2.04,0.0,,
2014-02-01,Himachal Pradesh,himachal_pradesh,,,2.04,0.0,,
2014-03-01,Himachal Pradesh,himachal_pradesh,,,3.06,0.0,,
2014-04-01,Himachal Pradesh,himachal_pradesh,,,4.08,0.0,,
2014-05-01,Himachal Pradesh,himachal_pradesh,,,5.1000000000000005,0.0,,
2014-06-01,Himachal Pradesh,himachal_pradesh,,,8.16,0.0,,
2014-07-01,Himachal Pradesh,himachal_pradesh,,,18.36,0.0,,
2014-08-01,Himachal Pradesh,himachal_pradesh,,,22.44,0.0,,
2014-09-01,Himachal Pradesh,himachal_pradesh,,,18.36,0.0,,
2014-10-01,Himachal Pradesh,himachal_pradesh,,,10.200000000000001,0.0,,
2014-11-01,Himachal Pradesh,himachal_pradesh,,,5.1000000000000005,0.0,,
2014-12-01,Himachal Pradesh,himachal_pradesh,,,3.06,0.0,,
2015-01-01,Himachal Pradesh,himachal_pradesh,,,1.2,0.0,0.0,
2015-02-01,Himachal Pradesh,himachal_pradesh,,,1.2,0.0,0.0,
2015-03-01,Himachal Pradesh,himachal_pradesh,,,1.7999999999999998,0.0,0.0,
2015-04-01,Himachal Pradesh,himachal_pradesh,,,2.4,0.0,0.0,
2015-05-01,Himachal Pradesh,himachal_pradesh,,,3.0,0.0,0.0,
2015-06-01,Himachal Pradesh,himachal_pradesh,,,4.8,0.0,0.0,
2015-07-01,Himachal Pradesh,himachal_pradesh,,,10.799999999999999,0.0,0.0,
2015-08-01,Himachal Pradesh,himachal_pradesh,,,13.2,0.0,0.0,
2015-09-01,Himachal Pradesh,himachal_pradesh,,,10.799999999999999,0.0,0.0,
2015-10-01,Himachal Pradesh,himachal_pradesh,,,6.0,0.0,0.0,
2015-11-01,Himachal Pradesh,himachal_pradesh,,,3.0,0.0,0.0,
2015-12-01,Himachal Pradesh,himachal_pradesh,,,1.7999999999999998,0.0,0.0,
2016-01-01,Himachal Pradesh,himachal_pradesh,,,2.12,0.0,0.0,
2016-02-01,Himachal Pradesh,himachal_pradesh,,,2.12,0.0,0.0,
2016-03-01,Himachal Pradesh,himachal_pradesh,,,3.1799999999999997,0.0,0.0,
2016-04-01,Himachal Pradesh,himachal_pradesh,,,4.24,0.0,0.0,
2016-05-01,Himachal Pradesh,himachal_pradesh,,,5.300000000000001,0.0,0.0,
2016-06-01,Himachal Pradesh,himachal_pradesh,,,8.48,0.0,0.0,
2016-07-01,Himachal Pradesh,himachal_pradesh,,,19.08,0.0,0.0,
2016-08-01,Himachal Pradesh,himachal_pradesh,,,23.32,0.0,0.0,
2016-09-01,Himachal Pradesh,himachal_pradesh,,,19.08,0.0,0.0,
2016-10-01,Himachal Pradesh,himachal_pradesh,,,10.600000000000001,0.0,0.0,
2016-11-01,Himachal Pradesh,himachal_pradesh,,,5.300000000000001,0.0,0.0,
2016-12-01,Himachal Pradesh,himachal_pradesh,,,3.1799999999999997,0.0,0.0,
2017-01-01,Himachal Pradesh,himachal_pradesh,9.040000000000001,0.0,1.92,0.0,0.0,
2017-02-01,Himachal Pradesh,himachal_pradesh,9.040000000000001,0.0,1.92,0.0,0.0,
2017-03-01,Himachal Pradesh,himachal_pradesh,13.559999999999999,0.0,2.88,0.0,0.0,
2017-04-01,Himachal Pradesh,himachal_pradesh,18.080000000000002,0.0,3.84,0.0,0.0,
2017-05-01,Himachal Pradesh,himachal_pradesh,22.6,0.0,4.800000000000001,0.0,0.0,
2017-06-01,Himachal Pradesh,himachal_pradesh,36.160000000000004,0.0,7.68,0.0,0.0,
2017-07-01,Himachal Pradesh,himachal_pradesh,81.36,0.0,17.28,0.0,0.0,
2017-08-01,Himachal Pradesh,himachal_pradesh,99.44,0.0,21.12,0.0,0.0,
2017-09-01,Himachal Pradesh,himachal_pradesh,81.36,0.0,17.28,0.0,0.0,
2017-10-01,Himachal Pradesh,himachal_pradesh,45.2,0.0,9.600000000000001,0.0,0.0,
2017-11-01,Himachal Pradesh,himachal_pradesh,22.6,0.0,4.800000000000001,0.0,0.0,
2017-12-01,Himachal Pradesh,himachal_pradesh,13.559999999999999,0.0,2.88,0.0,0.0,
2018-01-01,Himachal Pradesh,himachal_pradesh,93.44,0.14,1.96,0.0,0.0,
2018-02-01,Himachal Pradesh,himachal_pradesh,93.44,0.14,1.96,0.0,0.0,
2018-03-01,Himachal Pradesh,himachal_pradesh,140.16,0.21,2.94,0.0,0.0,
2018-04-01,Himachal Pradesh,himachal_pradesh,186.88,0.28,3.92,0.0,0.0,
2018-05-01,Himachal Pradesh,himachal_pradesh,233.60000000000002,0.35000000000000003,4.9,0.0,0.0,
2018-06-01,Himachal Pradesh,himachal_pradesh,373.76,0.56,7.84,0.0,0.0,
2018-07-01,Himachal Pradesh,himachal_pradesh,840.9599999999999,1.26,17.64,0.0,0.0,
2018-08-01,Himachal Pradesh,himachal_pradesh,1027.84,1.54,21.56,0.0,0.0,
2018-09-01,Himachal Pradesh,himachal_pradesh,840.9599999999999,1.26,17.64,0.0,0.0,
2018-10-01,Himachal Pradesh,himachal_pradesh,467.20000000000005,0.7000000000000001,9.8,0.0,0.0,
2018-11-01,Himachal Pradesh,himachal_pradesh,233.60000000000002,0.35000000000000003,4.9,0.0,0.0,
2018-12-01,Himachal Pradesh,himachal_pradesh,140.16,0.21,2.94,0.0,0.0,
2019-01-01,Himachal Pradesh,himachal_pradesh,6.88,0.04,2.18,0.0,0.0,
2019-02-01,Himachal Pradesh,himachal_pradesh,6.88,0.04,2.18,0.0,0.0,
2019-03-01,Himachal Pradesh,himachal_pradesh,10.32,0.06,3.27,0.0,0.0,
2019-04-01,Himachal Pradesh,himachal_pradesh,13.76,0.08,4.36,0.0,0.0,
2019-05-01,Himachal Pradesh,himachal_pradesh,17.2,0.1,5.45,0.0,0.0,
2019-06-01,Himachal Pradesh,himachal_pradesh,27.52,0.16,8.72,0.0,0.0,
2019-07-01,Himachal Pradesh,himachal_pradesh,61.919999999999995,0.36,19.62,0.0,0.0,
2019-08-01,Himachal Pradesh,himachal_pradesh,75.68,0.44,23.98,0.0,0.0,
2019-09-01,Himachal Pradesh,himachal_pradesh,61.919999999999995,0.36,19.62,0.0,0.0,
2019-10-01,Himachal Pradesh,himachal_pradesh,34.4,0.2,10.9,0.0,0.0,
2019-11-01,Himachal Pradesh,himachal_pradesh,17.2,0.1,5.45,0.0,0.0,
2019-12-01,Himachal Pradesh,himachal_pradesh,10.32,0.06,3.27,0.0,0.0,
2020-01-01,Himachal Pradesh,himachal_pradesh,0.42,0.0,0.68,0.0,0.0,
2020-02-01,Himachal Pradesh,himachal_pradesh,0.42,0.0,0.68,0.0,0.0,
2020-03-01,Himachal Pradesh,himachal_pradesh,0.63,0.0,1.02,0.0,0.0,
2020-04-01,Himachal Pradesh,himachal_pradesh,0.84,0.0,1.36,0.0,0.0,
2020-05-01,Himachal Pradesh,himachal_pradesh,1.05,0.0,1.7000000000000002,0.0,0.0,
2020-06-01,Himachal Pradesh,himachal_pradesh,1.68,0.0,2.72,0.0,0.0,
2020-07-01,Himachal Pradesh,himachal_pradesh,3.78,0.0,6.12,0.0,0.0,
2020-08-01,Himachal Pradesh,himachal_pradesh,4.62,0.0,7.48,0.0,0.0,
2020-09-01,Himachal Pradesh,himachal_pradesh,3.78,0.0,6.12,0.0,0.0,
2020-10-01,Himachal Pradesh,himachal_pradesh,2.1,0.0,3.4000000000000004,0.0,0.0,
2020-11-01,Himachal Pradesh,himachal_pradesh,1.05,0.0,1.7000000000000002,0.0,0.0,
2020-12-01,Himachal Pradesh,himachal_pradesh,0.63,0.0,1.02,0.0,0.0,
2021-01-01,Himachal Pradesh,himachal_pradesh,6.98,0.0,0.3,0.0,0.0,
2021-02-01,Himachal Pradesh,himachal_pradesh,6.98,0.0,0.3,0.0,0.0,
2021-03-01,Himachal Pradesh,himachal_pradesh,10.469999999999999,0.0,0.44999999999999996,0.0,0.0,
2021-04-01,Himachal Pradesh,himachal_pradesh,13.96,0.0,0.6,0.0,0.0,
2021-05-01,Himachal Pradesh,himachal_pradesh,17.45,0.0,0.75,0.0,0.0,
2021-06-01,Himachal Pradesh,himachal_pradesh,27.92,0.0,1.2,0.0,0.0,
2021-07-01,Himachal Pradesh,himachal_pradesh,62.82,0.0,2.6999999999999997,0.0,0.0,
2021-08-01,Himachal Pradesh,himachal_pradesh,76.78,0.0,3.3,0.0,0.0,
2021-09-01,Himachal Pradesh,himachal_pradesh,62.82,0.0,2.6999999999999997,0.0,0.0,
2021-10-01,Himachal Pradesh,himachal_pradesh,34.9,0.0,1.5,0.0,0.0,
2021-11-01,Himachal Pradesh,himachal_pradesh,17.45,0.0,0.75,0.0,0.0,
2021-12-01,Himachal Pradesh,himachal_pradesh,10.469999999999999,0.0,0.44999999999999996,0.0,0.0,
2022-01-01,Himachal Pradesh,himachal_pradesh,66.52,0.02,0.2,0.0,5.0600000000000005,
2022-02-01,Himachal Pradesh,himachal_pradesh,66.52,0.02,0.2,0.0,5.0600000000000005,
2022-03-01,Himachal Pradesh,himachal_pradesh,99.78,0.03,0.3,0.0,7.59,
2022-04-01,Himachal Pradesh,himachal_pradesh,133.04,0.04,0.4,0.0,10.120000000000001,
2022-05-01,Himachal Pradesh,himachal_pradesh,166.3,0.05,0.5,0.0,12.65,
2022-06-01,Himachal Pradesh,himachal_pradesh,266.08,0.08,0.8,0.0,20.240000000000002,
2022-07-01,Himachal Pradesh,himachal_pradesh,598.68,0.18,1.7999999999999998,0.0,45.54,
2022-08-01,Himachal Pradesh,himachal_pradesh,731.72,0.22,2.2,0.0,55.660000000000004,
2022-09-01,Himachal Pradesh,himachal_pradesh,598.68,0.18,1.7999999999999998,0.0,45.54,
2022-10-01,Himachal Pradesh,himachal_pradesh,332.6,0.1,1.0,0.0,25.3,
2022-11-01,Himachal Pradesh,himachal_pradesh,166.3,0.05,0.5,0.0,12.65,
2022-12-01,Himachal Pradesh,himachal_pradesh,99.78,0.03,0.3,0.0,7.59,
2001-01-01,Jammu And Kashmir,jammu_and_kashmir,,,17.841033927294372,0.0,,
2001-02-01,Jammu And Kashmir,jammu_and_kashmir,,,17.841033927294372,0.0,,
2001-03-01,Jammu And Kashmir,jammu_and_kashmir,,,26.761550890941553,0.0,,
2001-04-01,Jammu And Kashmir,jammu_and_kashmir,,,35.682067854588745,0.0,,
2001-05-01,Jammu And Kashmir,jammu_and_kashmir,,,44.602584818235925,0.0,,
2001-06-01,Jammu And Kashmir,jammu_and_kashmir,,,71.36413570917749,0.0,,
2001-07-01,Jammu And Kashmir,jammu_and_kashmir,,,160.56930534564933,0.0,,
2001-08-01,Jammu And Kashmir,jammu_and_kashmir,,,196.25137320023808,0.0,,
2001-09-01,Jammu And Kashmir,jammu_and_kashmir,,,160.56930534564933,0.0,,
2001-10-01,Jammu And Kashmir,jammu_and_kashmir,,,89.20516963647185,0.0,,
2001-11-01,Jammu And Kashmir,jammu_and_kashmir,,,44.602584818235925,0.0,,
2001-12-01,Jammu And Kashmir,jammu_and_kashmir,,,26.761550890941553,0.0,,
2002-01-01,Jammu And Kashmir,jammu_and_kashmir,,,8.900954426446207,0.0,,
2002-02-01,Jammu And Kashmir,jammu_and_kashmir,,,8.900954426446207,0.0,,
2002-03-01,Jammu And Kashmir,jammu_and_kashmir,,,13.35143163966931,0.0,,
2002-04-01,Jammu And Kashmir,jammu_and_kashmir,,,17.801908852892414,0.0,,
2002-05-01,Jammu And Kashmir,jammu_and_kashmir,,,22.25238606611552,0.0,,
2002-06-01,Jammu And Kashmir,jammu_and_kashmir,,,35.60381770578483,0.0,,
2002-07-01,Jammu And Kashmir,jammu_and_kashmir,,,80.10858983801586,0.0,,
2002-08-01,Jammu And Kashmir,jammu_and_kashmir,,,97.91049869090827,0.0,,
2002-09-01,Jammu And Kashmir,jammu_and_kashmir,,,80.10858983801586,0.0,,
2002-10-01,Jammu And Kashmir,jammu_and_kashmir,,,44.50477213223104,0.0,,
2002-11-01,Jammu And Kashmir,jammu_and_kashmir,,,22.25238606611552,0.0,,
2002-12-01,Jammu And Kashmir,jammu_and_kashmir,,,13.35143163966931,0.0,,
2003-01-01,Jammu And Kashmir,jammu_and_kashmir,,,6.2600119043138145,0.0,,
2003-02-01,Jammu And Kashmir,jammu_and_kashmir,,,6.2600119043138145,0.0,,
2003-03-01,Jammu And Kashmir,jammu_and_kashmir,,,9.390017856470722,0.0,,
2003-04-01,Jammu And Kashmir,jammu_and_kashmir,,,12.520023808627629,0.0,,
2003-05-01,Jammu And Kashmir,jammu_and_kashmir,,,15.650029760784538,0.0,,
2003-06-01,Jammu And Kashmir,jammu_and_kashmir,,,25.040047617255258,0.0,,
2003-07-01,Jammu And Kashmir,jammu_and_kashmir,,,56.34010713882433,0.0,,
2003-08-01,Jammu And Kashmir,jammu_and_kashmir,,,68.86013094745196,0.0,,
2003-09-01,Jammu And Kashmir,jammu_and_kashmir,,,56.34010713882433,0.0,,
2003-10-01,Jammu And Kashmir,jammu_and_kashmir,,,31.300059521569075,0.0,,
2003-11-01,Jammu And Kashmir,jammu_and_kashmir,,,15.650029760784538,0.0,,
2003-12-01,Jammu And Kashmir,jammu_and_kashmir,,,9.390017856470722,0.0,,
2004-01-01,Jammu And Kashmir,jammu_and_kashmir,,,4.890634300245168,0.0,,
2004-02-01,Jammu And Kashmir,jammu_and_kashmir,,,4.890634300245168,0.0,,
2004-03-01,Jammu And Kashmir,jammu_and_kashmir,,,7.335951450367752,0.0,,
2004-04-01,Jammu And Kashmir,jammu_and_kashmir,,,9.781268600490336,0.0,,
2004-05-01,Jammu And Kashmir,jammu_and_kashmir,,,12.22658575061292,0.0,,
2004-06-01,Jammu And Kashmir,jammu_and_kashmir,,,19.56253720098067,0.0,,
2004-07-01,Jammu And Kashmir,jammu_and_kashmir,,,44.01570870220651,0.0,,
2004-08-01,Jammu And Kashmir,jammu_and_kashmir,,,53.796977302696845,0.0,,
2004-09-01,Jammu And Kashmir,jammu_and_kashmir,,,44.01570870220651,0.0,,
2004-10-01,Jammu And Kashmir,jammu_and_kashmir,,,24.45317150122584,0.0,,
2004-11-01,Jammu And Kashmir,jammu_and_kashmir,,,12.22658575061292,0.0,,
2004-12-01,Jammu And Kashmir,jammu_and_kashmir,,,7.335951450367752,0.0,,
2005-01-01,Jammu And Kashmir,jammu_and_kashmir,0.0,0.0,5.24275996986282,0.0,,
2005-02-01,Jammu And Kashmir,jammu_and_kashmir,0.0,0.0,5.24275996986282,0.0,,
2005-03-01,Jammu And Kashmir,jammu_and_kashmir,0.0,0.0,7.864139954794229,0.0,,
2005-04-01,Jammu And Kashmir,jammu_and_kashmir,0.0,0.0,10.48551993972564,0.0,,
2005-05-01,Jammu And Kashmir,jammu_and_kashmir,0.0,0.0,13.10689992465705,0.0,,
2005-06-01,Jammu And Kashmir,jammu_and_kashmir,0.0,0.0,20.97103987945128,0.0,,
2005-07-01,Jammu And Kashmir,jammu_and_kashmir,0.0,0.0,47.184839728765375,0.0,,
2005-08-01,Jammu And Kashmir,jammu_and_kashmir,0.0,0.0,57.67035966849102,0.0,,
2005-09-01,Jammu And Kashmir,jammu_and_kashmir,0.0,0.0,47.184839728765375,0.0,,
2005-10-01,Jammu And Kashmir,jammu_and_kashmir,0.0,0.0,26.2137998493141,0.0,,
2005-11-01,Jammu And Kashmir,jammu_and_kashmir,0.0,0.0,13.10689992465705,0.0,,
2005-12-01,Jammu And Kashmir,jammu_and_kashmir,0.0,0.0,7.864139954794229,0.0,,
2006-01-01,Jammu And Kashmir,jammu_and_kashmir,0.4695008928235361,0.01956253720098067,3.20825610096083,0.0,,
2006-02-01,Jammu And Kashmir,jammu_and_kashmir,0.4695008928235361,0.01956253720098067,3.20825610096083,0.0,,
2006-03-01,Jammu And Kashmir,jammu_and_kashmir,0.7042513392353041,0.029343805801471008,4.812384151441244,0.0,,
2006-04-01,Jammu And Kashmir,jammu_and_kashmir,0.9390017856470722,0.03912507440196134,6.41651220192166,0.0,,
2006-05-01,Jammu And Kashmir,jammu_and_kashmir,1.1737522320588403,0.04890634300245168,8.020640252402075,0.0,,
2006-06-01,Jammu And Kashmir,jammu_and_kashmir,1.8780035712941443,0.07825014880392268,12.83302440384332,0.0,,
2006-07-01,Jammu And Kashmir,jammu_and_kashmir,4.225508035411825,0.17606283480882604,28.874304908647467,0.0,,
2006-08-01,Jammu And Kashmir,jammu_and_kashmir,5.164509821058897,0.2151879092107874,35.29081711056913,0.0,,
2006-09-01,Jammu And Kashmir,jammu_and_kashmir,4.225508035411825,0.17606283480882604,28.874304908647467,0.0,,
2006-10-01,Jammu And Kashmir,jammu_and_kashmir,2.3475044641176805,0.09781268600490337,16.04128050480415,0.0,,
2006-11-01,Jammu And Kashmir,jammu_and_kashmir,1.1737522320588403,0.04890634300245168,8.020640252402075,0.0,,
2006-12-01,Jammu And Kashmir,jammu_and_kashmir,0.7042513392353041,0.029343805801471008,4.812384151441244,0.0,,
2007-01-01,Jammu And Kashmir,jammu_and_kashmir,0.0,0.0,4.695008928235361,0.01956253720098067,,
2007-02-01,Jammu And Kashmir,jammu_and_kashmir,0.0,0.0,4.695008928235361,0.01956253720098067,,
2007-03-01,Jammu And Kashmir,jammu_and_kashmir,0.0,0.0,7.042513392353041,0.029343805801471008,,
2007-04-01,Jammu And Kashmir,jammu_and_kashmir,0.0,0.0,9.390017856470722,0.03912507440196134,,
2007-05-01,Jammu And Kashmir,jammu_and_kashmir,0.0,0.0,11.737522320588404,0.04890634300245168,,
2007-06-01,Jammu And Kashmir,jammu_and_kashmir,0.0,0.0,18.780035712941444,0.07825014880392268,,
2007-07-01,Jammu And Kashmir,jammu_and_kashmir,0.0,0.0,42.25508035411825,0.17606283480882604,,
2007-08-01,Jammu And Kashmir,jammu_and_kashmir,0.0,0.0,51.64509821058897,0.2151879092107874,,
2007-09-01,Jammu And Kashmir,jammu_and_kashmir,0.0,0.0,42.25508035411825,0.17606283480882604,,
2007-10-01,Jammu And Kashmir,jammu_and_kashmir,0.0,0.0,23.475044641176808,0.09781268600490337,,
2007-11-01,Jammu And Kashmir,jammu_and_kashmir,0.0,0.0,11.737522320588404,0.04890634300245168,,
2007-12-01,Jammu And Kashmir,jammu_and_kashmir,0.0,0.0,7.042513392353041,0.029343805801471008,,
2008-01-01,Jammu And Kashmir,jammu_and_kashmir,0.0,0.0,4.245070572612806,0.01956253720098067,0.0,
2008-02-01,Jammu And Kashmir,jammu_and_kashmir,0.0,0.0,4.245070572612806,0.01956253720098067,0.0,
2008-03-01,Jammu And Kashmir,jammu_and_kashmir,0.0,0.0,6.367605858919209,0.029343805801471008,0.0,
2008-04-01,Jammu And Kashmir,jammu_and_kashmir,0.0,0.0,8.490141145225612,0.03912507440196134,0.0,
2008-05-01,Jammu And Kashmir,jammu_and_kashmir,0.0,0.0,10.612676431532016,0.04890634300245168,0.0,
2008-06-01,Jammu And Kashmir,jammu_and_kashmir,0.0,0.0,16.980282290451225,0.07825014880392268,0.0,
2008-07-01,Jammu And Kashmir,jammu_and_kashmir,0.0,0.0,38.20563515351525,0.17606283480882604,0.0,
2008-08-01,Jammu And Kashmir,jammu_and_kashmir,0.0,0.0,46.69577629874087,0.2151879092107874,0.0,
2008-09-01,Jammu And Kashmir,jammu_and_kashmir,0.0,0.0,38.20563515351525,0.17606283480882604,0.0,
2008-10-01,Jammu And Kashmir,jammu_and_kashmir,0.0,0.0,21.225352863064032,0.09781268600490337,0.0,
2008-11-01,Jammu And Kashmir,jammu_and_kashmir,0.0,0.0,10.612676431532016,0.04890634300245168,0.0,
2008-12-01,Jammu And Kashmir,jammu_and_kashmir,0.0,0.0,6.367605858919209,0.029343805801471008,0.0,
2009-01-01,Jammu And Kashmir,jammu_and_kashmir,0.03912507440196134,0.0,6.768637871539312,0.0,0.0,
2009-02-01,Jammu And Kashmir,jammu_and_kashmir,0.03912507440196134,0.0,6.768637871539312,0.0,0.0,
2009-03-01,Jammu And Kashmir,jammu_and_kashmir,0.058687611602942016,0.0,10.152956807308968,0.0,0.0,
2009-04-01,Jammu And Kashmir,jammu_and_kashmir,0.07825014880392268,0.0,13.537275743078624,0.0,0.0,
2009-05-01,Jammu And Kashmir,jammu_and_kashmir,0.09781268600490337,0.0,16.92159467884828,0.0,0.0,
2009-06-01,Jammu And Kashmir,jammu_and_kashmir,0.15650029760784537,0.0,27.074551486157247,0.0,0.0,
2009-07-01,Jammu And Kashmir,jammu_and_kashmir,0.35212566961765207,0.0,60.91774084385381,0.0,0.0,
2009-08-01,Jammu And Kashmir,jammu_and_kashmir,0.4303758184215748,0.0,74.45501658693243,0.0,0.0,
2009-09-01,Jammu And Kashmir,jammu_and_kashmir,0.35212566961765207,0.0,60.91774084385381,0.0,0.0,
2009-10-01,Jammu And Kashmir,jammu_and_kashmir,0.19562537200980673,0.0,33.84318935769656,0.0,0.0,
2009-11-01,Jammu And Kashmir,jammu_and_kashmir,0.09781268600490337,0.0,16.92159467884828,0.0,0.0,
2009-12-01,Jammu And Kashmir,jammu_and_kashmir,0.058687611602942016,0.0,10.152956807308968,0.0,0.0,
2010-01-01,Jammu And Kashmir,jammu_and_kashmir,0.0,0.0,15.689154835186496,0.0,0.0,
2010-02-01,Jammu And Kashmir,jammu_and_kashmir,0.0,0.0,15.689154835186496,0.0,0.0,
2010-03-01,Jammu And Kashmir,jammu_and_kashmir,0.0,0.0,23.533732252779743,0.0,0.0,
2010-04-01,Jammu And Kashmir,jammu_and_kashmir,0.0,0.0,31.378309670372992,0.0,0.0,
2010-05-01,Jammu And Kashmir,jammu_and_kashmir,0.0,0.0,39.22288708796624,0.0,0.0,
2010-06-01,Jammu And Kashmir,jammu_and_kashmir,0.0,0.0,62.756619340745985,0.0,0.0,
2010-07-01,Jammu And Kashmir,jammu_and_kashmir,0.0,0.0,141.20239351667846,0.0,0.0,
2010-08-01,Jammu And Kashmir,jammu_and_kashmir,0.0,0.0,172.58070318705145,0.0,0.0,
2010-09-01,Jammu And Kashmir,jammu_and_kashmir,0.0,0.0,141.20239351667846,0.0,0.0,
2010-10-01,Jammu And Kashmir,jammu_and_kashmir,0.0,0.0,78.44577417593248,0.0,0.0,
2010-11-01,Jammu And Kashmir,jammu_and_kashmir,0.0,0.0,39.22288708796624,0.0,0.0,
2010-12-01,Jammu And Kashmir,jammu_and_kashmir,0.0,0.0,23.533732252779743,0.0,0.0,
2011-01-01,Jammu And Kashmir,jammu_and_kashmir,0.05868761160294201,0.0,21.34272808626991,0.0,0.0,
2011-02-01,Jammu And Kashmir,jammu_and_kashmir,0.05868761160294201,0.0,21.34272808626991,0.0,0.0,
2011-03-01,Jammu And Kashmir,jammu_and_kashmir,0.08803141740441302,0.0,32.014092129404865,0.0,0.0,
2011-04-01,Jammu And Kashmir,jammu_and_kashmir,0.11737522320588402,0.0,42.68545617253982,0.0,0.0,
2011-05-01,Jammu And Kashmir,jammu_and_kashmir,0.14671902900735503,0.0,53.35682021567479,0.0,0.0,
2011-06-01,Jammu And Kashmir,jammu_and_kashmir,0.23475044641176804,0.0,85.37091234507965,0.0,0.0,
2011-07-01,Jammu And Kashmir,jammu_and_kashmir,0.5281885044264781,0.0,192.0845527764292,0.0,0.0,
2011-08-01,Jammu And Kashmir,jammu_and_kashmir,0.6455637276323621,0.0,234.77000894896904,0.0,0.0,
2011-09-01,Jammu And Kashmir,jammu_and_kashmir,0.5281885044264781,0.0,192.0845527764292,0.0,0.0,
2011-10-01,Jammu And Kashmir,jammu_and_kashmir,0.29343805801471007,0.0,106.71364043134957,0.0,0.0,
2011-11-01,Jammu And Kashmir,jammu_and_kashmir,0.14671902900735503,0.0,53.35682021567479,0.0,0.0,
2011-12-01,Jammu And Kashmir,jammu_and_kashmir,0.08803141740441302,0.0,32.014092129404865,0.0,0.0,
2012-01-01,Jammu And Kashmir,jammu_and_kashmir,0.33256313241667135,0.01956253720098067,16.9020321416473,0.0,,
2012-02-01,Jammu And Kashmir,jammu_and_kashmir,0.33256313241667135,0.01956253720098067,16.9020321416473,0.0,,
2012-03-01,Jammu And Kashmir,jammu_and_kashmir,0.498844698625007,0.029343805801471008,25.353048212470945,0.0,,
2012-04-01,Jammu And Kashmir,jammu_and_kashmir,0.6651262648333427,0.03912507440196134,33.8040642832946,0.0,,
2012-05-01,Jammu And Kashmir,jammu_and_kashmir,0.8314078310416785,0.04890634300245168,42.25508035411825,0.0,,
2012-06-01,Jammu And Kashmir,jammu_and_kashmir,1.3302525296666854,0.07825014880392268,67.6081285665892,0.0,,
2012-07-01,Jammu And Kashmir,jammu_and_kashmir,2.993068191750042,0.17606283480882604,152.11828927482568,0.0,,
2012-08-01,Jammu And Kashmir,jammu_and_kashmir,3.658194456583385,0.2151879092107874,185.92235355812028,0.0,,
2012-09-01,Jammu And Kashmir,jammu_and_kashmir,2.993068191750042,0.17606283480882604,152.11828927482568,0.0,,
2012-10-01,Jammu And Kashmir,jammu_and_kashmir,1.662815662083357,0.09781268600490337,84.5101607082365,0.0,,
2012-11-01,Jammu And Kashmir,jammu_and_kashmir,0.8314078310416785,0.04890634300245168,42.25508035411825,0.0,,
2012-12-01,Jammu And Kashmir,jammu_and_kashmir,0.498844698625007,0.029343805801471008,25.353048212470945,0.0,,
2013-01-01,Jammu And Kashmir,jammu_and_kashmir,35.936380838201494,0.05868761160294201,13.654650966284507,0.0,0.0,
2013-02-01,Jammu And Kashmir,jammu_and_kashmir,35.936380838201494,0.05868761160294201,13.654650966284507,0.0,0.0,
2013-03-01,Jammu And Kashmir,jammu_and_kashmir,53.90457125730223,0.08803141740441302,20.48197644942676,0.0,0.0,
2013-04-01,Jammu And Kashmir,jammu_and_kashmir,71.87276167640299,0.11737522320588402,27.309301932569014,0.0,0.0,
2013-05-01,Jammu And Kashmir,jammu_and_kashmir,89.84095209550372,0.14671902900735503,34.13662741571127,0.0,0.0,
2013-06-01,Jammu And Kashmir,jammu_and_kashmir,143.74552335280598,0.23475044641176804,54.61860386513803,0.0,0.0,
2013-07-01,Jammu And Kashmir,jammu_and_kashmir,323.4274275438134,0.5281885044264781,122.89185869656056,0.0,0.0,
2013-08-01,Jammu And Kashmir,jammu_and_kashmir,395.3001892202164,0.6455637276323621,150.2011606291296,0.0,0.0,
2013-09-01,Jammu And Kashmir,jammu_and_kashmir,323.4274275438134,0.5281885044264781,122.89185869656056,0.0,0.0,
2013-10-01,Jammu And Kashmir,jammu_and_kashmir,179.68190419100745,0.29343805801471007,68.27325483142253,0.0,0.0,
2013-11-01,Jammu And Kashmir,jammu_and_kashmir,89.84095209550372,0.14671902900735503,34.13662741571127,0.0,0.0,
2013-12-01,Jammu And Kashmir,jammu_and_kashmir,53.90457125730223,0.08803141740441302,20.48197644942676,0.0,0.0,
2014-01-01,Jammu And Kashmir,jammu_and_kashmir,,,5.692698325485375,0.0,,
2014-02-01,Jammu And Kashmir,jammu_and_kashmir,,,5.692698325485375,0.0,,
2014-03-01,Jammu And Kashmir,jammu_and_kashmir,,,8.539047488228062,0.0,,
2014-04-01,Jammu And Kashmir,jammu_and_kashmir,,,11.38539665097075,0.0,,
2014-05-01,Jammu And Kashmir,jammu_and_kashmir,,,14.231745813713438,0.0,,
2014-06-01,Jammu And Kashmir,jammu_and_kashmir,,,22.7707933019415,0.0,,
2014-07-01,Jammu And Kashmir,jammu_and_kashmir,,,51.23428492936837,0.0,,
2014-08-01,Jammu And Kashmir,jammu_and_kashmir,,,62.61968158033912,0.0,,
2014-09-01,Jammu And Kashmir,jammu_and_kashmir,,,51.23428492936837,0.0,,
2014-10-01,Jammu And Kashmir,jammu_and_kashmir,,,28.463491627426876,0.0,,
2014-11-01,Jammu And Kashmir,jammu_and_kashmir,,,14.231745813713438,0.0,,
2014-12-01,Jammu And Kashmir,jammu_and_kashmir,,,8.539047488228062,0.0,,
2015-01-01,Jammu And Kashmir,jammu_and_kashmir,,,4.32,0.0,0.0,
2015-02-01,Jammu And Kashmir,jammu_and_kashmir,,,4.32,0.0,0.0,
2015-03-01,Jammu And Kashmir,jammu_and_kashmir,,,6.4799999999999995,0.0,0.0,
2015-04-01,Jammu And Kashmir,jammu_and_kashmir,,,8.64,0.0,0.0,
2015-05-01,Jammu And Kashmir,jammu_and_kashmir,,,10.8,0.0,0.0,
2015-06-01,Jammu And Kashmir,jammu_and_kashmir,,,17.28,0.0,0.0,
2015-07-01,Jammu And Kashmir,jammu_and_kashmir,,,38.879999999999995,0.0,0.0,
2015-08-01,Jammu And Kashmir,jammu_and_kashmir,,,47.52,0.0,0.0,
2015-09-01,Jammu And Kashmir,jammu_and_kashmir,,,38.879999999999995,0.0,0.0,
2015-10-01,Jammu And Kashmir,jammu_and_kashmir,,,21.6,0.0,0.0,
2015-11-01,Jammu And Kashmir,jammu_and_kashmir,,,10.8,0.0,0.0,
2015-12-01,Jammu And Kashmir,jammu_and_kashmir,,,6.4799999999999995,0.0,0.0,
2016-01-01,Jammu And Kashmir,jammu_and_kashmir,,,4.84,0.0,0.01956253720098067,
2016-02-01,Jammu And Kashmir,jammu_and_kashmir,,,4.84,0.0,0.01956253720098067,
2016-03-01,Jammu And Kashmir,jammu_and_kashmir,,,7.26,0.0,0.029343805801471008,
2016-04-01,Jammu And Kashmir,jammu_and_kashmir,,,9.68,0.0,0.03912507440196134,
2016-05-01,Jammu And Kashmir,jammu_and_kashmir,,,12.100000000000001,0.0,0.04890634300245168,
2016-06-01,Jammu And Kashmir,jammu_and_kashmir,,,19.36,0.0,0.07825014880392268,
2016-07-01,Jammu And Kashmir,jammu_and_kashmir,,,43.559999999999995,0.0,0.17606283480882604,
2016-08-01,Jammu And Kashmir,jammu_and_kashmir,,,53.24,0.0,0.2151879092107874,
2016-09-01,Jammu And Kashmir,jammu_and_kashmir,,,43.559999999999995,0.0,0.17606283480882604,
2016-10-01,Jammu And Kashmir,jammu_and_kashmir,,,24.200000000000003,0.0,0.09781268600490337,
2016-11-01,Jammu And Kashmir,jammu_and_kashmir,,,12.100000000000001,0.0,0.04890634300245168,
2016-12-01,Jammu And Kashmir,jammu_and_kashmir,,,7.26,0.0,0.029343805801471008,
2017-01-01,Jammu And Kashmir,jammu_and_kashmir,9.76,0.0,4.5200000000000005,0.0,0.0,
2017-02-01,Jammu And Kashmir,jammu_and_kashmir,9.76,0.0,4.5200000000000005,0.0,0.0,
2017-03-01,Jammu And Kashmir,jammu_and_kashmir,14.639999999999999,0.0,6.779999999999999,0.0,0.0,
2017-04-01,Jammu And Kashmir,jammu_and_kashmir,19.52,0.0,9.040000000000001,0.0,0.0,
2017-05-01,Jammu And Kashmir,jammu_and_kashmir,24.400000000000002,0.0,11.3,0.0,0.0,
2017-06-01,Jammu And Kashmir,jammu_and_kashmir,39.04,0.0,18.080000000000002,0.0,0.0,
2017-07-01,Jammu And Kashmir,jammu_and_kashmir,87.84,0.0,40.68,0.0,0.0,
2017-08-01,Jammu And Kashmir,jammu_and_kashmir,107.36,0.0,49.72,0.0,0.0,
2017-09-01,Jammu And Kashmir,jammu_and_kashmir,87.84,0.0,40.68,0.0,0.0,
2017-10-01,Jammu And Kashmir,jammu_and_kashmir,48.800000000000004,0.0,22.6,0.0,0.0,
2017-11-01,Jammu And Kashmir,jammu_and_kashmir,24.400000000000002,0.0,11.3,0.0,0.0,
2017-12-01,Jammu And Kashmir,jammu_and_kashmir,14.639999999999999,0.0,6.779999999999999,0.0,0.0,
2018-01-01,Jammu And Kashmir,jammu_and_kashmir,4.28,0.0,3.36,0.0,0.02,
2018-02-01,Jammu And Kashmir,jammu_and_kashmir,4.28,0.0,3.36,0.0,0.02,
2018-03-01,Jammu And Kashmir,jammu_and_kashmir,6.42,0.0,5.04,0.0,0.03,
2018-04-01,Jammu And Kashmir,jammu_and_kashmir,8.56,0.0,6.72,0.0,0.04,
2018-05-01,Jammu And Kashmir,jammu_and_kashmir,10.700000000000001,0.0,8.4,0.0,0.05,
2018-06-01,Jammu And Kashmir,jammu_and_kashmir,17.12,0.0,13.44,0.0,0.08,
2018-07-01,Jammu And Kashmir,jammu_and_kashmir,38.519999999999996,0.0,30.24,0.0,0.18,
2018-08-01,Jammu And Kashmir,jammu_and_kashmir,47.08,0.0,36.96,0.0,0.22,
2018-09-01,Jammu And Kashmir,jammu_and_kashmir,38.519999999999996,0.0,30.24,0.0,0.18,
2018-10-01,Jammu And Kashmir,jammu_and_kashmir,21.400000000000002,0.0,16.8,0.0,0.1,
2018-11-01,Jammu And Kashmir,jammu_and_kashmir,10.700000000000001,0.0,8.4,0.0,0.05,
2018-12-01,Jammu And Kashmir,jammu_and_kashmir,6.42,0.0,5.04,0.0,0.03,
2019-01-01,Jammu And Kashmir,jammu_and_kashmir,8.78,0.0,2.1,0.0,0.0,
2019-02-01,Jammu And Kashmir,jammu_and_kashmir,8.78,0.0,2.1,0.0,0.0,
2019-03-01,Jammu And Kashmir,jammu_and_kashmir,13.17,0.0,3.15,0.0,0.0,
2019-04-01,Jammu And Kashmir,jammu_and_kashmir,17.56,0.0,4.2,0.0,0.0,
2019-05-01,Jammu And Kashmir,jammu_and_kashmir,21.950000000000003,0.0,5.25,0.0,0.0,
2019-06-01,Jammu And Kashmir,jammu_and_kashmir,35.12,0.0,8.4,0.0,0.0,
2019-07-01,Jammu And Kashmir,jammu_and_kashmir,79.02,0.0,18.9,0.0,0.0,
2019-08-01,Jammu And Kashmir,jammu_and_kashmir,96.58,0.0,23.1,0.0,0.0,
2019-09-01,Jammu And Kashmir,jammu_and_kashmir,79.02,0.0,18.9,0.0,0.0,
2019-10-01,Jammu And Kashmir,jammu_and_kashmir,43.900000000000006,0.0,10.5,0.0,0.0,
2019-11-01,Jammu And Kashmir,jammu_and_kashmir,21.950000000000003,0.0,5.25,0.0,0.0,
2019-12-01,Jammu And Kashmir,jammu_and_kashmir,13.17,0.0,3.15,0.0,0.0,
2020-01-01,Jammu And Kashmir,jammu_and_kashmir,1.06,0.0,0.74,0.0,0.02,
2020-02-01,Jammu And Kashmir,jammu_and_kashmir,1.06,0.0,0.74,0.0,0.02,
2020-03-01,Jammu And Kashmir,jammu_and_kashmir,1.5899999999999999,0.0,1.1099999999999999,0.0,0.03,
2020-04-01,Jammu And Kashmir,jammu_and_kashmir,2.12,0.0,1.48,0.0,0.04,
2020-05-01,Jammu And Kashmir,jammu_and_kashmir,2.6500000000000004,0.0,1.85,0.0,0.05,
2020-06-01,Jammu And Kashmir,jammu_and_kashmir,4.24,0.0,2.96,0.0,0.08,
2020-07-01,Jammu And Kashmir,jammu_and_kashmir,9.54,0.0,6.66,0.0,0.18,
2020-08-01,Jammu And Kashmir,jammu_and_kashmir,11.66,0.0,8.14,0.0,0.22,
2020-09-01,Jammu And Kashmir,jammu_and_kashmir,9.54,0.0,6.66,0.0,0.18,
2020-10-01,Jammu And Kashmir,jammu_and_kashmir,5.300000000000001,0.0,3.7,0.0,0.1,
2020-11-01,Jammu And Kashmir,jammu_and_kashmir,2.6500000000000004,0.0,1.85,0.0,0.05,
2020-12-01,Jammu And Kashmir,jammu_and_kashmir,1.5899999999999999,0.0,1.1099999999999999,0.0,0.03,
2021-01-01,Jammu And Kashmir,jammu_and_kashmir,34.18,0.08,0.62,0.0,0.14,
2021-02-01,Jammu And Kashmir,jammu_and_kashmir,34.18,0.08,0.62,0.0,0.14,
2021-03-01,Jammu And Kashmir,jammu_and_kashmir,51.269999999999996,0.12,0.9299999999999999,0.0,0.21,
2021-04-01,Jammu And Kashmir,jammu_and_kashmir,68.36,0.16,1.24,0.0,0.28,
2021-05-01,Jammu And Kashmir,jammu_and_kashmir,85.45,0.2,1.55,0.0,0.35000000000000003,
2021-06-01,Jammu And Kashmir,jammu_and_kashmir,136.72,0.32,2.48,0.0,0.56,
2021-07-01,Jammu And Kashmir,jammu_and_kashmir,307.62,0.72,5.58,0.0,1.26,
2021-08-01,Jammu And Kashmir,jammu_and_kashmir,375.98,0.88,6.82,0.0,1.54,
2021-09-01,Jammu And Kashmir,jammu_and_kashmir,307.62,0.72,5.58,0.0,1.26,
2021-10-01,Jammu And Kashmir,jammu_and_kashmir,170.9,0.4,3.1,0.0,0.7000000000000001,
2021-11-01,Jammu And Kashmir,jammu_and_kashmir,85.45,0.2,1.55,0.0,0.35000000000000003,
2021-12-01,Jammu And Kashmir,jammu_and_kashmir,51.269999999999996,0.12,0.9299999999999999,0.0,0.21,
2022-01-01,Jammu And Kashmir,jammu_and_kashmir,165.38,0.36,0.74,0.0,0.74,
2022-02-01,Jammu And Kashmir,jammu_and_kashmir,165.38,0.36,0.74,0.0,0.74,
2022-03-01,Jammu And Kashmir,jammu_and_kashmir,248.07,0.54,1.1099999999999999,0.0,1.1099999999999999,
2022-04-01,Jammu And Kashmir,jammu_and_kashmir,330.76,0.72,1.48,0.0,1.48,
2022-05-01,Jammu And Kashmir,jammu_and_kashmir,413.45000000000005,0.9,1.85,0.0,1.85,
2022-06-01,Jammu And Kashmir,jammu_and_kashmir,661.52,1.44,2.96,0.0,2.96,
2022-07-01,Jammu And Kashmir,jammu_and_kashmir,1488.4199999999998,3.2399999999999998,6.66,0.0,6.66,
2022-08-01,Jammu And Kashmir,jammu_and_kashmir,1819.18,3.96,8.14,0.0,8.14,
2022-09-01,Jammu And Kashmir,jammu_and_kashmir,1488.4199999999998,3.2399999999999998,6.66,0.0,6.66,
2022-10-01,Jammu And Kashmir,jammu_and_kashmir,826.9000000000001,1.8,3.7,0.0,3.7,
2022-11-01,Jammu And Kashmir,jammu_and_kashmir,413.45000000000005,0.9,1.85,0.0,1.85,
2022-12-01,Jammu And Kashmir,jammu_and_kashmir,248.07,0.54,1.1099999999999999,0.0,1.1099999999999999,
2001-01-01,Jharkhand,jharkhand,,,2615.68,0.42,,
2001-02-01,Jharkhand,jharkhand,,,2615.68,0.42,,
2001-03-01,Jharkhand,jharkhand,,,3923.52,0.63,,
2001-04-01,Jharkhand,jharkhand,,,5231.36,0.84,,
2001-05-01,Jharkhand,jharkhand,,,6539.200000000001,1.05,,
2001-06-01,Jharkhand,jharkhand,,,10462.72,1.68,,
2001-07-01,Jharkhand,jharkhand,,,23541.12,3.78,,
2001-08-01,Jharkhand,jharkhand,,,28772.48,4.62,,
2001-09-01,Jharkhand,jharkhand,,,23541.12,3.78,,
2001-10-01,Jharkhand,jharkhand,,,13078.400000000001,2.1,,
2001-11-01,Jharkhand,jharkhand,,,6539.200000000001,1.05,,
2001-12-01,Jharkhand,jharkhand,,,3923.52,0.63,,
2002-01-01,Jharkhand,jharkhand,,,2531.78,0.62,,
2002-02-01,Jharkhand,jharkhand,,,2531.78,0.62,,
2002-03-01,Jharkhand,jharkhand,,,3797.67,0.9299999999999999,,
2002-04-01,Jharkhand,jharkhand,,,5063.56,1.24,,
2002-05-01,Jharkhand,jharkhand,,,6329.450000000001,1.55,,
2002-06-01,Jharkhand,jharkhand,,,10127.12,2.48,,
2002-07-01,Jharkhand,jharkhand,,,22786.02,5.58,,
2002-08-01,Jharkhand,jharkhand,,,27849.58,6.82,,
2002-09-01,Jharkhand,jharkhand,,,22786.02,5.58,,
2002-10-01,Jharkhand,jharkhand,,,12658.900000000001,3.1,,
2002-11-01,Jharkhand,jharkhand,,,6329.450000000001,1.55,,
2002-12-01,Jharkhand,jharkhand,,,3797.67,0.9299999999999999,,
2003-01-01,Jharkhand,jharkhand,,,2378.04,0.26,,
2003-02-01,Jharkhand,jharkhand,,,2378.04,0.26,,
2003-03-01,Jharkhand,jharkhand,,,3567.06,0.39,,
2003-04-01,Jharkhand,jharkhand,,,4756.08,0.52,,
2003-05-01,Jharkhand,jharkhand,,,5945.1,0.65,,
2003-06-01,Jharkhand,jharkhand,,,9512.16,1.04,,
2003-07-01,Jharkhand,jharkhand,,,21402.36,2.34,,
2003-08-01,Jharkhand,jharkhand,,,26158.44,2.86,,
2003-09-01,Jharkhand,jharkhand,,,21402.36,2.34,,
2003-10-01,Jharkhand,jharkhand,,,11890.2,1.3,,
2003-11-01,Jharkhand,jharkhand,,,5945.1,0.65,,
2003-12-01,Jharkhand,jharkhand,,,3567.06,0.39,,
2004-01-01,Jharkhand,jharkhand,,,1477.8600000000001,0.78,,
2004-02-01,Jharkhand,jharkhand,,,1477.8600000000001,0.78,,
2004-03-01,Jharkhand,jharkhand,,,2216.79,1.17,,
2004-04-01,Jharkhand,jharkhand,,,2955.7200000000003,1.56,,
2004-05-01,Jharkhand,jharkhand,,,3694.65,1.9500000000000002,,
2004-06-01,Jharkhand,jharkhand,,,5911.4400000000005,3.12,,
2004-07-01,Jharkhand,jharkhand,,,13300.74,7.02,,
2004-08-01,Jharkhand,jharkhand,,,16256.460000000001,8.58,,
2004-09-01,Jharkhand,jharkhand,,,13300.74,7.02,,
2004-10-01,Jharkhand,jharkhand,,,7389.3,3.9000000000000004,,
2004-11-01,Jharkhand,jharkhand,,,3694.65,1.9500000000000002,,
2004-12-01,Jharkhand,jharkhand,,,2216.79,1.17,,
2005-01-01,Jharkhand,jharkhand,,,3862.88,0.42,,
2005-02-01,Jharkhand,jharkhand,,,3862.88,0.42,,
2005-03-01,Jharkhand,jharkhand,,,5794.32,0.63,,
2005-04-01,Jharkhand,jharkhand,,,7725.76,0.84,,
2005-05-01,Jharkhand,jharkhand,,,9657.2,1.05,,
2005-06-01,Jharkhand,jharkhand,,,15451.52,1.68,,
2005-07-01,Jharkhand,jharkhand,,,34765.92,3.78,,
2005-08-01,Jharkhand,jharkhand,,,42491.68,4.62,,
2005-09-01,Jharkhand,jharkhand,,,34765.92,3.78,,
2005-10-01,Jharkhand,jharkhand,,,19314.4,2.1,,
2005-11-01,Jharkhand,jharkhand,,,9657.2,1.05,,
2005-12-01,Jharkhand,jharkhand,,,5794.32,0.63,,
2006-01-01,Jharkhand,jharkhand,0.0,0.0,3877.76,0.08,,
2006-02-01,Jharkhand,jharkhand,0.0,0.0,3877.76,0.08,,
2006-03-01,Jharkhand,jharkhand,0.0,0.0,5816.639999999999,0.12,,
2006-04-01,Jharkhand,jharkhand,0.0,0.0,7755.52,0.16,,
2006-05-01,Jharkhand,jharkhand,0.0,0.0,9694.4,0.2,,
2006-06-01,Jharkhand,jharkhand,0.0,0.0,15511.04,0.32,,
2006-07-01,Jharkhand,jharkhand,0.0,0.0,34899.84,0.72,,
2006-08-01,Jharkhand,jharkhand,0.0,0.0,42655.36,0.88,,
2006-09-01,Jharkhand,jharkhand,0.0,0.0,34899.84,0.72,,
2006-10-01,Jharkhand,jharkhand,0.0,0.0,19388.8,0.4,,
2006-11-01,Jharkhand,jharkhand,0.0,0.0,9694.4,0.2,,
2006-12-01,Jharkhand,jharkhand,0.0,0.0,5816.639999999999,0.12,,
2007-01-01,Jharkhand,jharkhand,0.0,0.0,3697.56,0.62,,
2007-02-01,Jharkhand,jharkhand,0.0,0.0,3697.56,0.62,,
2007-03-01,Jharkhand,jharkhand,0.0,0.0,5546.34,0.9299999999999999,,
2007-04-01,Jharkhand,jharkhand,0.0,0.0,7395.12,1.24,,
2007-05-01,Jharkhand,jharkhand,0.0,0.0,9243.9,1.55,,
2007-06-01,Jharkhand,jharkhand,0.0,0.0,14790.24,2.48,,
2007-07-01,Jharkhand,jharkhand,0.0,0.0,33278.04,5.58,,
2007-08-01,Jharkhand,jharkhand,0.0,0.0,40673.16,6.82,,
2007-09-01,Jharkhand,jharkhand,0.0,0.0,33278.04,5.58,,
2007-10-01,Jharkhand,jharkhand,0.0,0.0,18487.8,3.1,,
2007-11-01,Jharkhand,jharkhand,0.0,0.0,9243.9,1.55,,
2007-12-01,Jharkhand,jharkhand,0.0,0.0,5546.34,0.9299999999999999,,
2008-01-01,Jharkhand,jharkhand,0.0,0.0,4285.9800000000005,0.5,0.0,
2008-02-01,Jharkhand,jharkhand,0.0,0.0,4285.9800000000005,0.5,0.0,
2008-03-01,Jharkhand,jharkhand,0.0,0.0,6428.969999999999,0.75,0.0,
2008-04-01,Jharkhand,jharkhand,0.0,0.0,8571.960000000001,1.0,0.0,
2008-05-01,Jharkhand,jharkhand,0.0,0.0,10714.95,1.25,0.0,
2008-06-01,Jharkhand,jharkhand,0.0,0.0,17143.920000000002,2.0,0.0,
2008-07-01,Jharkhand,jharkhand,0.0,0.0,38573.82,4.5,0.0,
2008-08-01,Jharkhand,jharkhand,0.0,0.0,47145.78,5.5,0.0,
2008-09-01,Jharkhand,jharkhand,0.0,0.0,38573.82,4.5,0.0,
2008-10-01,Jharkhand,jharkhand,0.0,0.0,21429.9,2.5,0.0,
2008-11-01,Jharkhand,jharkhand,0.0,0.0,10714.95,1.25,0.0,
2008-12-01,Jharkhand,jharkhand,0.0,0.0,6428.969999999999,0.75,0.0,
2009-01-01,Jharkhand,jharkhand,0.0,0.0,4613.66,0.56,0.0,
2009-02-01,Jharkhand,jharkhand,0.0,0.0,4613.66,0.56,0.0,
2009-03-01,Jharkhand,jharkhand,0.0,0.0,6920.49,0.84,0.0,
2009-04-01,Jharkhand,jharkhand,0.0,0.0,9227.32,1.12,0.0,
2009-05-01,Jharkhand,jharkhand,0.0,0.0,11534.150000000001,1.4000000000000001,0.0,
2009-06-01,Jharkhand,jharkhand,0.0,0.0,18454.64,2.24,0.0,
2009-07-01,Jharkhand,jharkhand,0.0,0.0,41522.939999999995,5.04,0.0,
2009-08-01,Jharkhand,jharkhand,0.0,0.0,50750.26,6.16,0.0,
2009-09-01,Jharkhand,jharkhand,0.0,0.0,41522.939999999995,5.04,0.0,
2009-10-01,Jharkhand,jharkhand,0.0,0.0,23068.300000000003,2.8000000000000003,0.0,
2009-11-01,Jharkhand,jharkhand,0.0,0.0,11534.150000000001,1.4000000000000001,0.0,
2009-12-01,Jharkhand,jharkhand,0.0,0.0,6920.49,0.84,0.0,
2010-01-01,Jharkhand,jharkhand,0.54,0.0,3996.84,0.32,0.0,
2010-02-01,Jharkhand,jharkhand,0.54,0.0,3996.84,0.32,0.0,
2010-03-01,Jharkhand,jharkhand,0.8099999999999999,0.0,5995.26,0.48,0.0,
2010-04-01,Jharkhand,jharkhand,1.08,0.0,7993.68,0.64,0.0,
2010-05-01,Jharkhand,jharkhand,1.35,0.0,9992.1,0.8,0.0,
2010-06-01,Jharkhand,jharkhand,2.16,0.0,15987.36,1.28,0.0,
2010-07-01,Jharkhand,jharkhand,4.859999999999999,0.0,35971.56,2.88,0.0,
2010-08-01,Jharkhand,jharkhand,5.94,0.0,43965.24,3.52,0.0,
2010-09-01,Jharkhand,jharkhand,4.859999999999999,0.0,35971.56,2.88,0.0,
2010-10-01,Jharkhand,jharkhand,2.7,0.0,19984.2,1.6,0.0,
2010-11-01,Jharkhand,jharkhand,1.35,0.0,9992.1,0.8,0.0,
2010-12-01,Jharkhand,jharkhand,0.8099999999999999,0.0,5995.26,0.48,0.0,
2011-01-01,Jharkhand,jharkhand,0.72,0.0,3213.06,0.34,16.32,
2011-02-01,Jharkhand,jharkhand,0.72,0.0,3213.06,0.34,16.32,
2011-03-01,Jharkhand,jharkhand,1.08,0.0,4819.59,0.51,24.48,
2011-04-01,Jharkhand,jharkhand,1.44,0.0,6426.12,0.68,32.64,
2011-05-01,Jharkhand,jharkhand,1.8,0.0,8032.650000000001,0.8500000000000001,40.800000000000004,
2011-06-01,Jharkhand,jharkhand,2.88,0.0,12852.24,1.36,65.28,
2011-07-01,Jharkhand,jharkhand,6.4799999999999995,0.0,28917.539999999997,3.06,146.88,
2011-08-01,Jharkhand,jharkhand,7.92,0.0,35343.66,3.74,179.52,
2011-09-01,Jharkhand,jharkhand,6.4799999999999995,0.0,28917.539999999997,3.06,146.88,
2011-10-01,Jharkhand,jharkhand,3.6,0.0,16065.300000000001,1.7000000000000002,81.60000000000001,
2011-11-01,Jharkhand,jharkhand,1.8,0.0,8032.650000000001,0.8500000000000001,40.800000000000004,
2011-12-01,Jharkhand,jharkhand,1.08,0.0,4819.59,0.51,24.48,
2012-01-01,Jharkhand,jharkhand,0.84,0.0,2629.52,0.2,1.72,
2012-02-01,Jharkhand,jharkhand,0.84,0.0,2629.52,0.2,1.72,
2012-03-01,Jharkhand,jharkhand,1.26,0.0,3944.2799999999997,0.3,2.58,
2012-04-01,Jharkhand,jharkhand,1.68,0.0,5259.04,0.4,3.44,
2012-05-01,Jharkhand,jharkhand,2.1,0.0,6573.8,0.5,4.3,
2012-06-01,Jharkhand,jharkhand,3.36,0.0,10518.08,0.8,6.88,
2012-07-01,Jharkhand,jharkhand,7.56,0.0,23665.68,1.7999999999999998,15.479999999999999,
2012-08-01,Jharkhand,jharkhand,9.24,0.0,28924.72,2.2,18.92,
2012-09-01,Jharkhand,jharkhand,7.56,0.0,23665.68,1.7999999999999998,15.479999999999999,
2012-10-01,Jharkhand,jharkhand,4.2,0.0,13147.6,1.0,8.6,
2012-11-01,Jharkhand,jharkhand,2.1,0.0,6573.8,0.5,4.3,
2012-12-01,Jharkhand,jharkhand,1.26,0.0,3944.2799999999997,0.3,2.58,
2013-01-01,Jharkhand,jharkhand,3.22,0.0,1955.72,0.16,1.22,
2013-02-01,Jharkhand,jharkhand,3.22,0.0,1955.72,0.16,1.22,
2013-03-01,Jharkhand,jharkhand,4.83,0.0,2933.58,0.24,1.8299999999999998,
2013-04-01,Jharkhand,jharkhand,6.44,0.0,3911.44,0.32,2.44,
2013-05-01,Jharkhand,jharkhand,8.05,0.0,4889.3,0.4,3.0500000000000003,
2013-06-01,Jharkhand,jharkhand,12.88,0.0,7822.88,0.64,4.88,
2013-07-01,Jharkhand,jharkhand,28.98,0.0,17601.48,1.44,10.98,
2013-08-01,Jharkhand,jharkhand,35.42,0.0,21512.920000000002,1.76,13.42,
2013-09-01,Jharkhand,jharkhand,28.98,0.0,17601.48,1.44,10.98,
2013-10-01,Jharkhand,jharkhand,16.1,0.0,9778.6,0.8,6.1000000000000005,
2013-11-01,Jharkhand,jharkhand,8.05,0.0,4889.3,0.4,3.0500000000000003,
2013-12-01,Jharkhand,jharkhand,4.83,0.0,2933.58,0.24,1.8299999999999998,
2014-01-01,Jharkhand,jharkhand,,,2074.7,0.16,0.22,
2014-02-01,Jharkhand,jharkhand,,,2074.7,0.16,0.22,
2014-03-01,Jharkhand,jharkhand,,,3112.0499999999997,0.24,0.32999999999999996,
2014-04-01,Jharkhand,jharkhand,,,4149.4,0.32,0.44,
2014-05-01,Jharkhand,jharkhand,,,5186.75,0.4,0.55,
2014-06-01,Jharkhand,jharkhand,,,8298.8,0.64,0.88,
2014-07-01,Jharkhand,jharkhand,,,18672.3,1.44,1.98,
2014-08-01,Jharkhand,jharkhand,,,22821.7,1.76,2.42,
2014-09-01,Jharkhand,jharkhand,,,18672.3,1.44,1.98,
2014-10-01,Jharkhand,jharkhand,,,10373.5,0.8,1.1,
2014-11-01,Jharkhand,jharkhand,,,5186.75,0.4,0.55,
2014-12-01,Jharkhand,jharkhand,,,3112.0499999999997,0.24,0.32999999999999996,
2015-01-01,Jharkhand,jharkhand,,,2096.0,0.12,0.42,
2015-02-01,Jharkhand,jharkhand,,,2096.0,0.12,0.42,
2015-03-01,Jharkhand,jharkhand,,,3144.0,0.18,0.63,
2015-04-01,Jharkhand,jharkhand,,,4192.0,0.24,0.84,
2015-05-01,Jharkhand,jharkhand,,,5240.0,0.30000000000000004,1.05,
2015-06-01,Jharkhand,jharkhand,,,8384.0,0.48,1.68,
2015-07-01,Jharkhand,jharkhand,,,18864.0,1.08,3.78,
2015-08-01,Jharkhand,jharkhand,,,23056.0,1.32,4.62,
2015-09-01,Jharkhand,jharkhand,,,18864.0,1.08,3.78,
2015-10-01,Jharkhand,jharkhand,,,10480.0,0.6000000000000001,2.1,
2015-11-01,Jharkhand,jharkhand,,,5240.0,0.30000000000000004,1.05,
2015-12-01,Jharkhand,jharkhand,,,3144.0,0.18,0.63,
2016-01-01,Jharkhand,jharkhand,,,2828.28,0.3,0.9400000000000001,
2016-02-01,Jharkhand,jharkhand,,,2828.28,0.3,0.9400000000000001,
2016-03-01,Jharkhand,jharkhand,,,4242.42,0.44999999999999996,1.41,
2016-04-01,Jharkhand,jharkhand,,,5656.56,0.6,1.8800000000000001,
2016-05-01,Jharkhand,jharkhand,,,7070.700000000001,0.75,2.35,
2016-06-01,Jharkhand,jharkhand,,,11313.12,1.2,3.7600000000000002,
2016-07-01,Jharkhand,jharkhand,,,25454.52,2.6999999999999997,8.459999999999999,
2016-08-01,Jharkhand,jharkhand,,,31111.08,3.3,10.34,
2016-09-01,Jharkhand,jharkhand,,,25454.52,2.6999999999999997,8.459999999999999,
2016-10-01,Jharkhand,jharkhand,,,14141.400000000001,1.5,4.7,
2016-11-01,Jharkhand,jharkhand,,,7070.700000000001,0.75,2.35,
2016-12-01,Jharkhand,jharkhand,,,4242.42,0.44999999999999996,1.41,
2017-01-01,Jharkhand,jharkhand,14.200000000000001,0.1,1882.28,0.0,5.38,
2017-02-01,Jharkhand,jharkhand,14.200000000000001,0.1,1882.28,0.0,5.38,
2017-03-01,Jharkhand,jharkhand,21.3,0.15,2823.42,0.0,8.07,
2017-04-01,Jharkhand,jharkhand,28.400000000000002,0.2,3764.56,0.0,10.76,
2017-05-01,Jharkhand,jharkhand,35.5,0.25,4705.7,0.0,13.450000000000001,
2017-06-01,Jharkhand,jharkhand,56.800000000000004,0.4,7529.12,0.0,21.52,
2017-07-01,Jharkhand,jharkhand,127.8,0.8999999999999999,16940.52,0.0,48.42,
2017-08-01,Jharkhand,jharkhand,156.2,1.1,20705.08,0.0,59.18,
2017-09-01,Jharkhand,jharkhand,127.8,0.8999999999999999,16940.52,0.0,48.42,
2017-10-01,Jharkhand,jharkhand,71.0,0.5,9411.4,0.0,26.900000000000002,
2017-11-01,Jharkhand,jharkhand,35.5,0.25,4705.7,0.0,13.450000000000001,
2017-12-01,Jharkhand,jharkhand,21.3,0.15,2823.42,0.0,8.07,
2018-01-01,Jharkhand,jharkhand,9.26,0.02,1141.9,0.08,68.1,
2018-02-01,Jharkhand,jharkhand,9.26,0.02,1141.9,0.08,68.1,
2018-03-01,Jharkhand,jharkhand,13.889999999999999,0.03,1712.85,0.12,102.14999999999999,
2018-04-01,Jharkhand,jharkhand,18.52,0.04,2283.8,0.16,136.2,
2018-05-01,Jharkhand,jharkhand,23.150000000000002,0.05,2854.75,0.2,170.25,
2018-06-01,Jharkhand,jharkhand,37.04,0.08,4567.6,0.32,272.4,
2018-07-01,Jharkhand,jharkhand,83.34,0.18,10277.1,0.72,612.9,
2018-08-01,Jharkhand,jharkhand,101.86,0.22,12560.9,0.88,749.1,
2018-09-01,Jharkhand,jharkhand,83.34,0.18,10277.1,0.72,612.9,
2018-10-01,Jharkhand,jharkhand,46.300000000000004,0.1,5709.5,0.4,340.5,
2018-11-01,Jharkhand,jharkhand,23.150000000000002,0.05,2854.75,0.2,170.25,
2018-12-01,Jharkhand,jharkhand,13.889999999999999,0.03,1712.85,0.12,102.14999999999999,
2019-01-01,Jharkhand,jharkhand,16.5,0.0,742.66,0.04,33.82,
2019-02-01,Jharkhand,jharkhand,16.5,0.0,742.66,0.04,33.82,
2019-03-01,Jharkhand,jharkhand,24.75,0.0,1113.99,0.06,50.73,
2019-04-01,Jharkhand,jharkhand,33.0,0.0,1485.32,0.08,67.64,
2019-05-01,Jharkhand,jharkhand,41.25,0.0,1856.65,0.1,84.55000000000001,
2019-06-01,Jharkhand,jharkhand,66.0,0.0,2970.64,0.16,135.28,
2019-07-01,Jharkhand,jharkhand,148.5,0.0,6683.94,0.36,304.38,
2019-08-01,Jharkhand,jharkhand,181.5,0.0,8169.26,0.44,372.02,
2019-09-01,Jharkhand,jharkhand,148.5,0.0,6683.94,0.36,304.38,
2019-10-01,Jharkhand,jharkhand,82.5,0.0,3713.3,0.2,169.10000000000002,
2019-11-01,Jharkhand,jharkhand,41.25,0.0,1856.65,0.1,84.55000000000001,
2019-12-01,Jharkhand,jharkhand,24.75,0.0,1113.99,0.06,50.73,
2020-01-01,Jharkhand,jharkhand,1.58,0.0,333.06,0.16,12.540000000000001,
2020-02-01,Jharkhand,jharkhand,1.58,0.0,333.06,0.16,12.540000000000001,
2020-03-01,Jharkhand,jharkhand,2.37,0.0,499.59,0.24,18.81,
2020-04-01,Jharkhand,jharkhand,3.16,0.0,666.12,0.32,25.080000000000002,
2020-05-01,Jharkhand,jharkhand,3.95,0.0,832.6500000000001,0.4,31.35,
2020-06-01,Jharkhand,jharkhand,6.32,0.0,1332.24,0.64,50.160000000000004,
2020-07-01,Jharkhand,jharkhand,14.219999999999999,0.0,2997.54,1.44,112.86,
2020-08-01,Jharkhand,jharkhand,17.38,0.0,3663.66,1.76,137.94,
2020-09-01,Jharkhand,jharkhand,14.219999999999999,0.0,2997.54,1.44,112.86,
2020-10-01,Jharkhand,jharkhand,7.9,0.0,1665.3000000000002,0.8,62.7,
2020-11-01,Jharkhand,jharkhand,3.95,0.0,832.6500000000001,0.4,31.35,
2020-12-01,Jharkhand,jharkhand,2.37,0.0,499.59,0.24,18.81,
2021-01-01,Jharkhand,jharkhand,4.4,0.02,283.96,0.0,21.28,
2021-02-01,Jharkhand,jharkhand,4.4,0.02,283.96,0.0,21.28,
2021-03-01,Jharkhand,jharkhand,6.6,0.03,425.94,0.0,31.919999999999998,
2021-04-01,Jharkhand,jharkhand,8.8,0.04,567.92,0.0,42.56,
2021-05-01,Jharkhand,jharkhand,11.0,0.05,709.9000000000001,0.0,53.2,
2021-06-01,Jharkhand,jharkhand,17.6,0.08,1135.84,0.0,85.12,
2021-07-01,Jharkhand,jharkhand,39.6,0.18,2555.64,0.0,191.51999999999998,
2021-08-01,Jharkhand,jharkhand,48.4,0.22,3123.56,0.0,234.08,
2021-09-01,Jharkhand,jharkhand,39.6,0.18,2555.64,0.0,191.51999999999998,
2021-10-01,Jharkhand,jharkhand,22.0,0.1,1419.8000000000002,0.0,106.4,
2021-11-01,Jharkhand,jharkhand,11.0,0.05,709.9000000000001,0.0,53.2,
2021-12-01,Jharkhand,jharkhand,6.6,0.03,425.94,0.0,31.919999999999998,
2022-01-01,Jharkhand,jharkhand,5.8,0.0,382.58,0.08,42.26,
2022-02-01,Jharkhand,jharkhand,5.8,0.0,382.58,0.08,42.26,
2022-03-01,Jharkhand,jharkhand,8.7,0.0,573.87,0.12,63.39,
2022-04-01,Jharkhand,jharkhand,11.6,0.0,765.16,0.16,84.52,
2022-05-01,Jharkhand,jharkhand,14.5,0.0,956.45,0.2,105.65,
2022-06-01,Jharkhand,jharkhand,23.2,0.0,1530.32,0.32,169.04,
2022-07-01,Jharkhand,jharkhand,52.199999999999996,0.0,3443.22,0.72,380.34,
2022-08-01,Jharkhand,jharkhand,63.8,0.0,4208.38,0.88,464.86,
2022-09-01,Jharkhand,jharkhand,52.199999999999996,0.0,3443.22,0.72,380.34,
2022-10-01,Jharkhand,jharkhand,29.0,0.0,1912.9,0.4,211.3,
2022-11-01,Jharkhand,jharkhand,14.5,0.0,956.45,0.2,105.65,
2022-12-01,Jharkhand,jharkhand,8.7,0.0,573.87,0.12,63.39,
1999-01-01,Karnataka,karnataka,0.78,0.0,,,,
1999-02-01,Karnataka,karnataka,0.78,0.0,,,,
1999-03-01,Karnataka,karnataka,1.17,0.0,,,,
1999-04-01,Karnataka,karnataka,1.56,0.0,,,,
1999-05-01,Karnataka,karnataka,1.9500000000000002,0.0,,,,
1999-06-01,Karnataka,karnataka,3.12,0.0,,,,
1999-07-01,Karnataka,karnataka,7.02,0.0,,,,
1999-08-01,Karnataka,karnataka,8.58,0.0,,,,
1999-09-01,Karnataka,karnataka,7.02,0.0,,,,
1999-10-01,Karnataka,karnataka,3.9000000000000004,0.0,,,,
1999-11-01,Karnataka,karnataka,1.9500000000000002,0.0,,,,
1999-12-01,Karnataka,karnataka,1.17,0.0,,,,
2000-01-01,Karnataka,karnataka,3.92,0.0,,,,
2000-02-01,Karnataka,karnataka,3.92,0.0,,,,
2000-03-01,Karnataka,karnataka,5.88,0.0,,,,
2000-04-01,Karnataka,karnataka,7.84,0.0,,,,
2000-05-01,Karnataka,karnataka,9.8,0.0,,,,
2000-06-01,Karnataka,karnataka,15.68,0.0,,,,
2000-07-01,Karnataka,karnataka,35.28,0.0,,,,
2000-08-01,Karnataka,karnataka,43.12,0.0,,,,
2000-09-01,Karnataka,karnataka,35.28,0.0,,,,
2000-10-01,Karnataka,karnataka,19.6,0.0,,,,
2000-11-01,Karnataka,karnataka,9.8,0.0,,,,
2000-12-01,Karnataka,karnataka,5.88,0.0,,,,
2001-01-01,Karnataka,karnataka,4.4,0.0,3952.5,0.42,,
2001-02-01,Karnataka,karnataka,4.4,0.0,3952.5,0.42,,
2001-03-01,Karnataka,karnataka,6.6,0.0,5928.75,0.63,,
2001-04-01,Karnataka,karnataka,8.8,0.0,7905.0,0.84,,
2001-05-01,Karnataka,karnataka,11.0,0.0,9881.25,1.05,,
2001-06-01,Karnataka,karnataka,17.6,0.0,15810.0,1.68,,
2001-07-01,Karnataka,karnataka,39.6,0.0,35572.5,3.78,,
2001-08-01,Karnataka,karnataka,48.4,0.0,43477.5,4.62,,
2001-09-01,Karnataka,karnataka,39.6,0.0,35572.5,3.78,,
2001-10-01,Karnataka,karnataka,22.0,0.0,19762.5,2.1,,
2001-11-01,Karnataka,karnataka,11.0,0.0,9881.25,1.05,,
2001-12-01,Karnataka,karnataka,6.6,0.0,5928.75,0.63,,
2002-01-01,Karnataka,karnataka,8.56,0.02,2651.68,0.66,,
2002-02-01,Karnataka,karnataka,8.56,0.02,2651.68,0.66,,
2002-03-01,Karnataka,karnataka,12.84,0.03,3977.52,0.99,,
2002-04-01,Karnataka,karnataka,17.12,0.04,5303.36,1.32,,
2002-05-01,Karnataka,karnataka,21.400000000000002,0.05,6629.200000000001,1.6500000000000001,,
2002-06-01,Karnataka,karnataka,34.24,0.08,10606.72,2.64,,
2002-07-01,Karnataka,karnataka,77.03999999999999,0.18,23865.12,5.9399999999999995,,
2002-08-01,Karnataka,karnataka,94.16,0.22,29168.48,7.26,,
2002-09-01,Karnataka,karnataka,77.03999999999999,0.18,23865.12,5.9399999999999995,,
2002-10-01,Karnataka,karnataka,42.800000000000004,0.1,13258.400000000001,3.3000000000000003,,
2002-11-01,Karnataka,karnataka,21.400000000000002,0.05,6629.200000000001,1.6500000000000001,,
2002-12-01,Karnataka,karnataka,12.84,0.03,3977.52,0.99,,
2003-01-01,Karnataka,karnataka,24.52,0.14,2004.4,0.44,,
2003-02-01,Karnataka,karnataka,24.52,0.14,2004.4,0.44,,
2003-03-01,Karnataka,karnataka,36.78,0.21,3006.6,0.6599999999999999,,
2003-04-01,Karnataka,karnataka,49.04,0.28,4008.8,0.88,,
2003-05-01,Karnataka,karnataka,61.300000000000004,0.35000000000000003,5011.0,1.1,,
2003-06-01,Karnataka,karnataka,98.08,0.56,8017.6,1.76,,
2003-07-01,Karnataka,karnataka,220.67999999999998,1.26,18039.6,3.96,,
2003-08-01,Karnataka,karnataka,269.72,1.54,22048.4,4.84,,
2003-09-01,Karnataka,karnataka,220.67999999999998,1.26,18039.6,3.96,,
2003-10-01,Karnataka,karnataka,122.60000000000001,0.7000000000000001,10022.0,2.2,,
2003-11-01,Karnataka,karnataka,61.300000000000004,0.35000000000000003,5011.0,1.1,,
2003-12-01,Karnataka,karnataka,36.78,0.21,3006.6,0.6599999999999999,,
2004-01-01,Karnataka,karnataka,5.82,0.04,1619.22,0.54,,
2004-02-01,Karnataka,karnataka,5.82,0.04,1619.22,0.54,,
2004-03-01,Karnataka,karnataka,8.73,0.06,2428.83,0.8099999999999999,,
2004-04-01,Karnataka,karnataka,11.64,0.08,3238.44,1.08,,
2004-05-01,Karnataka,karnataka,14.55,0.1,4048.05,1.35,,
2004-06-01,Karnataka,karnataka,23.28,0.16,6476.88,2.16,,
2004-07-01,Karnataka,karnataka,52.379999999999995,0.36,14572.98,4.859999999999999,,
2004-08-01,Karnataka,karnataka,64.02,0.44,17811.420000000002,5.94,,
2004-09-01,Karnataka,karnataka,52.379999999999995,0.36,14572.98,4.859999999999999,,
2004-10-01,Karnataka,karnataka,29.1,0.2,8096.1,2.7,,
2004-11-01,Karnataka,karnataka,14.55,0.1,4048.05,1.35,,
2004-12-01,Karnataka,karnataka,8.73,0.06,2428.83,0.8099999999999999,,
2005-01-01,Karnataka,karnataka,11.74,0.34,1663.6200000000001,0.52,,
2005-02-01,Karnataka,karnataka,11.74,0.34,1663.6200000000001,0.52,,
2005-03-01,Karnataka,karnataka,17.61,0.51,2495.43,0.78,,
2005-04-01,Karnataka,karnataka,23.48,0.68,3327.2400000000002,1.04,,
2005-05-01,Karnataka,karnataka,29.35,0.8500000000000001,4159.05,1.3,,
2005-06-01,Karnataka,karnataka,46.96,1.36,6654.4800000000005,2.08,,
2005-07-01,Karnataka,karnataka,105.66,3.06,14972.58,4.68,,
2005-08-01,Karnataka,karnataka,129.14000000000001,3.74,18299.82,5.72,,
2005-09-01,Karnataka,karnataka,105.66,3.06,14972.58,4.68,,
2005-10-01,Karnataka,karnataka,58.7,1.7000000000000002,8318.1,2.6,,
2005-11-01,Karnataka,karnataka,29.35,0.8500000000000001,4159.05,1.3,,
2005-12-01,Karnataka,karnataka,17.61,0.51,2495.43,0.78,,
2006-01-01,Karnataka,karnataka,2.18,0.14,1256.84,0.64,15240.52,
2006-02-01,Karnataka,karnataka,2.18,0.14,1256.84,0.64,15240.52,
2006-03-01,Karnataka,karnataka,3.27,0.21,1885.26,0.96,22860.78,
2006-04-01,Karnataka,karnataka,4.36,0.28,2513.68,1.28,30481.04,
2006-05-01,Karnataka,karnataka,5.45,0.35000000000000003,3142.1000000000004,1.6,38101.3,
2006-06-01,Karnataka,karnataka,8.72,0.56,5027.36,2.56,60962.08,
2006-07-01,Karnataka,karnataka,19.62,1.26,11311.56,5.76,137164.68,
2006-08-01,Karnataka,karnataka,23.98,1.54,13825.24,7.04,167645.72,
2006-09-01,Karnataka,karnataka,19.62,1.26,11311.56,5.76,137164.68,
2006-10-01,Karnataka,karnataka,10.9,0.7000000000000001,6284.200000000001,3.2,76202.6,
2006-11-01,Karnataka,karnataka,5.45,0.35000000000000003,3142.1000000000004,1.6,38101.3,
2006-12-01,Karnataka,karnataka,3.27,0.21,1885.26,0.96,22860.78,
2007-01-01,Karnataka,karnataka,4.6000000000000005,0.0,987.1,0.36,34.1,
2007-02-01,Karnataka,karnataka,4.6000000000000005,0.0,987.1,0.36,34.1,
2007-03-01,Karnataka,karnataka,6.8999999999999995,0.0,1480.6499999999999,0.54,51.15,
2007-04-01,Karnataka,karnataka,9.200000000000001,0.0,1974.2,0.72,68.2,
2007-05-01,Karnataka,karnataka,11.5,0.0,2467.75,0.9,85.25,
2007-06-01,Karnataka,karnataka,18.400000000000002,0.0,3948.4,1.44,136.4,
2007-07-01,Karnataka,karnataka,41.4,0.0,8883.9,3.2399999999999998,306.9,
2007-08-01,Karnataka,karnataka,50.6,0.0,10858.1,3.96,375.1,
2007-09-01,Karnataka,karnataka,41.4,0.0,8883.9,3.2399999999999998,306.9,
2007-10-01,Karnataka,karnataka,23.0,0.0,4935.5,1.8,170.5,
2007-11-01,Karnataka,karnataka,11.5,0.0,2467.75,0.9,85.25,
2007-12-01,Karnataka,karnataka,6.8999999999999995,0.0,1480.6499999999999,0.54,51.15,
2008-01-01,Karnataka,karnataka,6.78,0.06,946.88,0.16,930.2,
2008-02-01,Karnataka,karnataka,6.78,0.06,946.88,0.16,930.2,
2008-03-01,Karnataka,karnataka,10.17,0.09,1420.32,0.24,1395.3,
2008-04-01,Karnataka,karnataka,13.56,0.12,1893.76,0.32,1860.4,
2008-05-01,Karnataka,karnataka,16.95,0.15000000000000002,2367.2000000000003,0.4,2325.5,
2008-06-01,Karnataka,karnataka,27.12,0.24,3787.52,0.64,3720.8,
2008-07-01,Karnataka,karnataka,61.019999999999996,0.54,8521.92,1.44,8371.8,
2008-08-01,Karnataka,karnataka,74.58,0.66,10415.68,1.76,10232.2,
2008-09-01,Karnataka,karnataka,61.019999999999996,0.54,8521.92,1.44,8371.8,
2008-10-01,Karnataka,karnataka,33.9,0.30000000000000004,4734.400000000001,0.8,4651.0,
2008-11-01,Karnataka,karnataka,16.95,0.15000000000000002,2367.2000000000003,0.4,2325.5,
2008-12-01,Karnataka,karnataka,10.17,0.09,1420.32,0.24,1395.3,
2009-01-01,Karnataka,karnataka,35.28,0.16,737.1800000000001,0.0,824.6,
2009-02-01,Karnataka,karnataka,35.28,0.16,737.1800000000001,0.0,824.6,
2009-03-01,Karnataka,karnataka,52.919999999999995,0.24,1105.77,0.0,1236.8999999999999,
2009-04-01,Karnataka,karnataka,70.56,0.32,1474.3600000000001,0.0,1649.2,
2009-05-01,Karnataka,karnataka,88.2,0.4,1842.95,0.0,2061.5,
2009-06-01,Karnataka,karnataka,141.12,0.64,2948.7200000000003,0.0,3298.4,
2009-07-01,Karnataka,karnataka,317.52,1.44,6634.62,0.0,7421.4,
2009-08-01,Karnataka,karnataka,388.08,1.76,8108.9800000000005,0.0,9070.6,
2009-09-01,Karnataka,karnataka,317.52,1.44,6634.62,0.0,7421.4,
2009-10-01,Karnataka,karnataka,176.4,0.8,3685.9,0.0,4123.0,
2009-11-01,Karnataka,karnataka,88.2,0.4,1842.95,0.0,2061.5,
2009-12-01,Karnataka,karnataka,52.919999999999995,0.24,1105.77,0.0,1236.8999999999999,
2010-01-01,Karnataka,karnataka,45.7,0.14,886.38,0.22,174.8,
2010-02-01,Karnataka,karnataka,45.7,0.14,886.38,0.22,174.8,
2010-03-01,Karnataka,karnataka,68.55,0.21,1329.57,0.32999999999999996,262.2,
2010-04-01,Karnataka,karnataka,91.4,0.28,1772.76,0.44,349.6,
2010-05-01,Karnataka,karnataka,114.25,0.35000000000000003,2215.9500000000003,0.55,437.0,
2010-06-01,Karnataka,karnataka,182.8,0.56,3545.52,0.88,699.2,
2010-07-01,Karnataka,karnataka,411.3,1.26,7977.42,1.98,1573.2,
2010-08-01,Karnataka,karnataka,502.7,1.54,9750.18,2.42,1922.8,
2010-09-01,Karnataka,karnataka,411.3,1.26,7977.42,1.98,1573.2,
2010-10-01,Karnataka,karnataka,228.5,0.7000000000000001,4431.900000000001,1.1,874.0,
2010-11-01,Karnataka,karnataka,114.25,0.35000000000000003,2215.9500000000003,0.55,437.0,
2010-12-01,Karnataka,karnataka,68.55,0.21,1329.57,0.32999999999999996,262.2,
2011-01-01,Karnataka,karnataka,8.1,0.1,484.74,0.0,38.82,
2011-02-01,Karnataka,karnataka,8.1,0.1,484.74,0.0,38.82,
2011-03-01,Karnataka,karnataka,12.15,0.15,727.11,0.0,58.23,
2011-04-01,Karnataka,karnataka,16.2,0.2,969.48,0.0,77.64,
2011-05-01,Karnataka,karnataka,20.25,0.25,1211.8500000000001,0.0,97.05000000000001,
2011-06-01,Karnataka,karnataka,32.4,0.4,1938.96,0.0,155.28,
2011-07-01,Karnataka,karnataka,72.89999999999999,0.8999999999999999,4362.66,0.0,349.38,
2011-08-01,Karnataka,karnataka,89.1,1.1,5332.14,0.0,427.02,
2011-09-01,Karnataka,karnataka,72.89999999999999,0.8999999999999999,4362.66,0.0,349.38,
2011-10-01,Karnataka,karnataka,40.5,0.5,2423.7000000000003,0.0,194.10000000000002,
2011-11-01,Karnataka,karnataka,20.25,0.25,1211.8500000000001,0.0,97.05000000000001,
2011-12-01,Karnataka,karnataka,12.15,0.15,727.11,0.0,58.23,
2012-01-01,Karnataka,karnataka,78.48,0.42,329.32,0.0,47.64,
2012-02-01,Karnataka,karnataka,78.48,0.42,329.32,0.0,47.64,
2012-03-01,Karnataka,karnataka,117.72,0.63,493.97999999999996,0.0,71.46,
2012-04-01,Karnataka,karnataka,156.96,0.84,658.64,0.0,95.28,
2012-05-01,Karnataka,karnataka,196.20000000000002,1.05,823.3000000000001,0.0,119.10000000000001,
2012-06-01,Karnataka,karnataka,313.92,1.68,1317.28,0.0,190.56,
2012-07-01,Karnataka,karnataka,706.3199999999999,3.78,2963.88,0.0,428.76,
2012-08-01,Karnataka,karnataka,863.28,4.62,3622.52,0.0,524.04,
2012-09-01,Karnataka,karnataka,706.3199999999999,3.78,2963.88,0.0,428.76,
2012-10-01,Karnataka,karnataka,392.40000000000003,2.1,1646.6000000000001,0.0,238.20000000000002,
2012-11-01,Karnataka,karnataka,196.20000000000002,1.05,823.3000000000001,0.0,119.10000000000001,
2012-12-01,Karnataka,karnataka,117.72,0.63,493.97999999999996,0.0,71.46,
2013-01-01,Karnataka,karnataka,128.16,0.24,266.04,0.0,105.9,
2013-02-01,Karnataka,karnataka,128.16,0.24,266.04,0.0,105.9,
2013-03-01,Karnataka,karnataka,192.23999999999998,0.36,399.06,0.0,158.85,
2013-04-01,Karnataka,karnataka,256.32,0.48,532.08,0.0,211.8,
2013-05-01,Karnataka,karnataka,320.40000000000003,0.6000000000000001,665.1,0.0,264.75,
2013-06-01,Karnataka,karnataka,512.64,0.96,1064.16,0.0,423.6,
2013-07-01,Karnataka,karnataka,1153.44,2.16,2394.36,0.0,953.0999999999999,
2013-08-01,Karnataka,karnataka,1409.76,2.64,2926.44,0.0,1164.9,
2013-09-01,Karnataka,karnataka,1153.44,2.16,2394.36,0.0,953.0999999999999,
2013-10-01,Karnataka,karnataka,640.8000000000001,1.2000000000000002,1330.2,0.0,529.5,
2013-11-01,Karnataka,karnataka,320.40000000000003,0.6000000000000001,665.1,0.0,264.75,
2013-12-01,Karnataka,karnataka,192.23999999999998,0.36,399.06,0.0,158.85,
2014-01-01,Karnataka,karnataka,,,295.88,0.04,139.24,
2014-02-01,Karnataka,karnataka,,,295.88,0.04,139.24,
2014-03-01,Karnataka,karnataka,,,443.82,0.06,208.85999999999999,
2014-04-01,Karnataka,karnataka,,,591.76,0.08,278.48,
2014-05-01,Karnataka,karnataka,,,739.7,0.1,348.1,
2014-06-01,Karnataka,karnataka,,,1183.52,0.16,556.96,
2014-07-01,Karnataka,karnataka,,,2662.92,0.36,1253.1599999999999,
2014-08-01,Karnataka,karnataka,,,3254.68,0.44,1531.64,
2014-09-01,Karnataka,karnataka,,,2662.92,0.36,1253.1599999999999,
2014-10-01,Karnataka,karnataka,,,1479.4,0.2,696.2,
2014-11-01,Karnataka,karnataka,,,739.7,0.1,348.1,
2014-12-01,Karnataka,karnataka,,,443.82,0.06,208.85999999999999,
2015-01-01,Karnataka,karnataka,,,248.9,0.0,415.26,
2015-02-01,Karnataka,karnataka,,,248.9,0.0,415.26,
2015-03-01,Karnataka,karnataka,,,373.34999999999997,0.0,622.89,
2015-04-01,Karnataka,karnataka,,,497.8,0.0,830.52,
2015-05-01,Karnataka,karnataka,,,622.25,0.0,1038.15,
2015-06-01,Karnataka,karnataka,,,995.6,0.0,1661.04,
2015-07-01,Karnataka,karnataka,,,2240.1,0.0,3737.3399999999997,
2015-08-01,Karnataka,karnataka,,,2737.9,0.0,4567.86,
2015-09-01,Karnataka,karnataka,,,2240.1,0.0,3737.3399999999997,
2015-10-01,Karnataka,karnataka,,,1244.5,0.0,2076.3,
2015-11-01,Karnataka,karnataka,,,622.25,0.0,1038.15,
2015-12-01,Karnataka,karnataka,,,373.34999999999997,0.0,622.89,
2016-01-01,Karnataka,karnataka,,,221.56,0.0,313.32,
2016-02-01,Karnataka,karnataka,,,221.56,0.0,313.32,
2016-03-01,Karnataka,karnataka,,,332.34,0.0,469.97999999999996,
2016-04-01,Karnataka,karnataka,,,443.12,0.0,626.64,
2016-05-01,Karnataka,karnataka,,,553.9,0.0,783.3000000000001,
2016-06-01,Karnataka,karnataka,,,886.24,0.0,1253.28,
2016-07-01,Karnataka,karnataka,,,1994.04,0.0,2819.88,
2016-08-01,Karnataka,karnataka,,,2437.16,0.0,3446.52,
2016-09-01,Karnataka,karnataka,,,1994.04,0.0,2819.88,
2016-10-01,Karnataka,karnataka,,,1107.8,0.0,1566.6000000000001,
2016-11-01,Karnataka,karnataka,,,553.9,0.0,783.3000000000001,
2016-12-01,Karnataka,karnataka,,,332.34,0.0,469.97999999999996,
2017-01-01,Karnataka,karnataka,356.88,0.2,147.62,0.0,656.62,
2017-02-01,Karnataka,karnataka,356.88,0.2,147.62,0.0,656.62,
2017-03-01,Karnataka,karnataka,535.3199999999999,0.3,221.42999999999998,0.0,984.93,
2017-04-01,Karnataka,karnataka,713.76,0.4,295.24,0.0,1313.24,
2017-05-01,Karnataka,karnataka,892.2,0.5,369.05,0.0,1641.5500000000002,
2017-06-01,Karnataka,karnataka,1427.52,0.8,590.48,0.0,2626.48,
2017-07-01,Karnataka,karnataka,3211.92,1.7999999999999998,1328.58,0.0,5909.58,
2017-08-01,Karnataka,karnataka,3925.68,2.2,1623.82,0.0,7222.82,
2017-09-01,Karnataka,karnataka,3211.92,1.7999999999999998,1328.58,0.0,5909.58,
2017-10-01,Karnataka,karnataka,1784.4,1.0,738.1,0.0,3283.1000000000004,
2017-11-01,Karnataka,karnataka,892.2,0.5,369.05,0.0,1641.5500000000002,
2017-12-01,Karnataka,karnataka,535.3199999999999,0.3,221.42999999999998,0.0,984.93,
2018-01-01,Karnataka,karnataka,88.54,0.08,114.42,0.0,408.22,
2018-02-01,Karnataka,karnataka,88.54,0.08,114.42,0.0,408.22,
2018-03-01,Karnataka,karnataka,132.81,0.12,171.63,0.0,612.3299999999999,
2018-04-01,Karnataka,karnataka,177.08,0.16,228.84,0.0,816.44,
2018-05-01,Karnataka,karnataka,221.35000000000002,0.2,286.05,0.0,1020.5500000000001,
2018-06-01,Karnataka,karnataka,354.16,0.32,457.68,0.0,1632.88,
2018-07-01,Karnataka,karnataka,796.86,0.72,1029.78,0.0,3673.98,
2018-08-01,Karnataka,karnataka,973.94,0.88,1258.6200000000001,0.0,4490.42,
2018-09-01,Karnataka,karnataka,796.86,0.72,1029.78,0.0,3673.98,
2018-10-01,Karnataka,karnataka,442.70000000000005,0.4,572.1,0.0,2041.1000000000001,
2018-11-01,Karnataka,karnataka,221.35000000000002,0.2,286.05,0.0,1020.5500000000001,
2018-12-01,Karnataka,karnataka,132.81,0.12,171.63,0.0,612.3299999999999,
2019-01-01,Karnataka,karnataka,339.72,0.26,69.98,0.0,873.96,
2019-02-01,Karnataka,karnataka,339.72,0.26,69.98,0.0,873.96,
2019-03-01,Karnataka,karnataka,509.58,0.39,104.97,0.0,1310.94,
2019-04-01,Karnataka,karnataka,679.44,0.52,139.96,0.0,1747.92,
2019-05-01,Karnataka,karnataka,849.3000000000001,0.65,174.95000000000002,0.0,2184.9,
2019-06-01,Karnataka,karnataka,1358.88,1.04,279.92,0.0,3495.84,
2019-07-01,Karnataka,karnataka,3057.48,2.34,629.8199999999999,0.0,7865.639999999999,
2019-08-01,Karnataka,karnataka,3736.92,2.86,769.78,0.0,9613.56,
2019-09-01,Karnataka,karnataka,3057.48,2.34,629.8199999999999,0.0,7865.639999999999,
2019-10-01,Karnataka,karnataka,1698.6000000000001,1.3,349.90000000000003,0.0,4369.8,
2019-11-01,Karnataka,karnataka,849.3000000000001,0.65,174.95000000000002,0.0,2184.9,
2019-12-01,Karnataka,karnataka,509.58,0.39,104.97,0.0,1310.94,
2020-01-01,Karnataka,karnataka,76.46000000000001,0.0,34.02,0.02,322.22,
2020-02-01,Karnataka,karnataka,76.46000000000001,0.0,34.02,0.02,322.22,
2020-03-01,Karnataka,karnataka,114.69,0.0,51.03,0.03,483.33,
2020-04-01,Karnataka,karnataka,152.92000000000002,0.0,68.04,0.04,644.44,
2020-05-01,Karnataka,karnataka,191.15,0.0,85.05000000000001,0.05,805.5500000000001,
2020-06-01,Karnataka,karnataka,305.84000000000003,0.0,136.08,0.08,1288.88,
2020-07-01,Karnataka,karnataka,688.14,0.0,306.18,0.18,2899.98,
2020-08-01,Karnataka,karnataka,841.0600000000001,0.0,374.22,0.22,3544.42,
2020-09-01,Karnataka,karnataka,688.14,0.0,306.18,0.18,2899.98,
2020-10-01,Karnataka,karnataka,382.3,0.0,170.10000000000002,0.1,1611.1000000000001,
2020-11-01,Karnataka,karnataka,191.15,0.0,85.05000000000001,0.05,805.5500000000001,
2020-12-01,Karnataka,karnataka,114.69,0.0,51.03,0.03,483.33,
2021-01-01,Karnataka,karnataka,147.86,0.14,18.26,0.04,802.6800000000001,
2021-02-01,Karnataka,karnataka,147.86,0.14,18.26,0.04,802.6800000000001,
2021-03-01,Karnataka,karnataka,221.79,0.21,27.39,0.06,1204.02,
2021-04-01,Karnataka,karnataka,295.72,0.28,36.52,0.08,1605.3600000000001,
2021-05-01,Karnataka,karnataka,369.65000000000003,0.35000000000000003,45.650000000000006,0.1,2006.7,
2021-06-01,Karnataka,karnataka,591.44,0.56,73.04,0.16,3210.7200000000003,
2021-07-01,Karnataka,karnataka,1330.74,1.26,164.34,0.36,7224.12,
2021-08-01,Karnataka,karnataka,1626.46,1.54,200.86,0.44,8829.48,
2021-09-01,Karnataka,karnataka,1330.74,1.26,164.34,0.36,7224.12,
2021-10-01,Karnataka,karnataka,739.3000000000001,0.7000000000000001,91.30000000000001,0.2,4013.4,
2021-11-01,Karnataka,karnataka,369.65000000000003,0.35000000000000003,45.650000000000006,0.1,2006.7,
2021-12-01,Karnataka,karnataka,221.79,0.21,27.39,0.06,1204.02,
2022-01-01,Karnataka,karnataka,192.4,0.18,5.58,0.0,1270.98,
2022-02-01,Karnataka,karnataka,192.4,0.18,5.58,0.0,1270.98,
2022-03-01,Karnataka,karnataka,288.59999999999997,0.27,8.37,0.0,1906.47,
2022-04-01,Karnataka,karnataka,384.8,0.36,11.16,0.0,2541.96,
2022-05-01,Karnataka,karnataka,481.0,0.45,13.950000000000001,0.0,3177.4500000000003,
2022-06-01,Karnataka,karnataka,769.6,0.72,22.32,0.0,5083.92,
2022-07-01,Karnataka,karnataka,1731.6,1.6199999999999999,50.22,0.0,11438.82,
2022-08-01,Karnataka,karnataka,2116.4,1.98,61.38,0.0,13980.78,
2022-09-01,Karnataka,karnataka,1731.6,1.6199999999999999,50.22,0.0,11438.82,
2022-10-01,Karnataka,karnataka,962.0,0.9,27.900000000000002,0.0,6354.900000000001,
2022-11-01,Karnataka,karnataka,481.0,0.45,13.950000000000001,0.0,3177.4500000000003,
2022-12-01,Karnataka,karnataka,288.59999999999997,0.27,8.37,0.0,1906.47,
1999-01-01,Kerala,kerala,0.0,0.0,,,,
1999-02-01,Kerala,kerala,0.0,0.0,,,,
1999-03-01,Kerala,kerala,0.0,0.0,,,,
1999-04-01,Kerala,kerala,0.0,0.0,,,,
1999-05-01,Kerala,kerala,0.0,0.0,,,,
1999-06-01,Kerala,kerala,0.0,0.0,,,,
1999-07-01,Kerala,kerala,0.0,0.0,,,,
1999-08-01,Kerala,kerala,0.0,0.0,,,,
1999-09-01,Kerala,kerala,0.0,0.0,,,,
1999-10-01,Kerala,kerala,0.0,0.0,,,,
1999-11-01,Kerala,kerala,0.0,0.0,,,,
1999-12-01,Kerala,kerala,0.0,0.0,,,,
2000-01-01,Kerala,kerala,0.0,0.0,,,,
2000-02-01,Kerala,kerala,0.0,0.0,,,,
2000-03-01,Kerala,kerala,0.0,0.0,,,,
2000-04-01,Kerala,kerala,0.0,0.0,,,,
2000-05-01,Kerala,kerala,0.0,0.0,,,,
2000-06-01,Kerala,kerala,0.0,0.0,,,,
2000-07-01,Kerala,kerala,0.0,0.0,,,,
2000-08-01,Kerala,kerala,0.0,0.0,,,,
2000-09-01,Kerala,kerala,0.0,0.0,,,,
2000-10-01,Kerala,kerala,0.0,0.0,,,,
2000-11-01,Kerala,kerala,0.0,0.0,,,,
2000-12-01,Kerala,kerala,0.0,0.0,,,,
2001-01-01,Kerala,kerala,0.8200000000000001,0.0,45.78,0.18,,
2001-02-01,Kerala,kerala,0.8200000000000001,0.0,45.78,0.18,,
2001-03-01,Kerala,kerala,1.23,0.0,68.67,0.27,,
2001-04-01,Kerala,kerala,1.6400000000000001,0.0,91.56,0.36,,
2001-05-01,Kerala,kerala,2.0500000000000003,0.0,114.45,0.45,,
2001-06-01,Kerala,kerala,3.2800000000000002,0.0,183.12,0.72,,
2001-07-01,Kerala,kerala,7.38,0.0,412.02,1.6199999999999999,,
2001-08-01,Kerala,kerala,9.02,0.0,503.58,1.98,,
2001-09-01,Kerala,kerala,7.38,0.0,412.02,1.6199999999999999,,
2001-10-01,Kerala,kerala,4.1000000000000005,0.0,228.9,0.9,,
2001-11-01,Kerala,kerala,2.0500000000000003,0.0,114.45,0.45,,
2001-12-01,Kerala,kerala,1.23,0.0,68.67,0.27,,
2002-01-01,Kerala,kerala,4.38,0.04,67.2,0.16,,
2002-02-01,Kerala,kerala,4.38,0.04,67.2,0.16,,
2002-03-01,Kerala,kerala,6.569999999999999,0.06,100.8,0.24,,
2002-04-01,Kerala,kerala,8.76,0.08,134.4,0.32,,
2002-05-01,Kerala,kerala,10.950000000000001,0.1,168.0,0.4,,
2002-06-01,Kerala,kerala,17.52,0.16,268.8,0.64,,
2002-07-01,Kerala,kerala,39.42,0.36,604.8,1.44,,
2002-08-01,Kerala,kerala,48.18,0.44,739.2,1.76,,
2002-09-01,Kerala,kerala,39.42,0.36,604.8,1.44,,
2002-10-01,Kerala,kerala,21.900000000000002,0.2,336.0,0.8,,
2002-11-01,Kerala,kerala,10.950000000000001,0.1,168.0,0.4,,
2002-12-01,Kerala,kerala,6.569999999999999,0.06,100.8,0.24,,
2003-01-01,Kerala,kerala,70.92,1.36,51.5,0.14,,
2003-02-01,Kerala,kerala,70.92,1.36,51.5,0.14,,
2003-03-01,Kerala,kerala,106.38,2.04,77.25,0.21,,
2003-04-01,Kerala,kerala,141.84,2.72,103.0,0.28,,
2003-05-01,Kerala,kerala,177.3,3.4000000000000004,128.75,0.35000000000000003,,
2003-06-01,Kerala,kerala,283.68,5.44,206.0,0.56,,
2003-07-01,Kerala,kerala,638.28,12.24,463.5,1.26,,
2003-08-01,Kerala,kerala,780.12,14.96,566.5,1.54,,
2003-09-01,Kerala,kerala,638.28,12.24,463.5,1.26,,
2003-10-01,Kerala,kerala,354.6,6.800000000000001,257.5,0.7000000000000001,,
2003-11-01,Kerala,kerala,177.3,3.4000000000000004,128.75,0.35000000000000003,,
2003-12-01,Kerala,kerala,106.38,2.04,77.25,0.21,,
2004-01-01,Kerala,kerala,13.72,0.16,55.800000000000004,0.24,,
2004-02-01,Kerala,kerala,13.72,0.16,55.800000000000004,0.24,,
2004-03-01,Kerala,kerala,20.58,0.24,83.7,0.36,,
2004-04-01,Kerala,kerala,27.44,0.32,111.60000000000001,0.48,,
2004-05-01,Kerala,kerala,34.300000000000004,0.4,139.5,0.6000000000000001,,
2004-06-01,Kerala,kerala,54.88,0.64,223.20000000000002,0.96,,
2004-07-01,Kerala,kerala,123.47999999999999,1.44,502.2,2.16,,
2004-08-01,Kerala,kerala,150.92,1.76,613.8,2.64,,
2004-09-01,Kerala,kerala,123.47999999999999,1.44,502.2,2.16,,
2004-10-01,Kerala,kerala,68.60000000000001,0.8,279.0,1.2000000000000002,,
2004-11-01,Kerala,kerala,34.300000000000004,0.4,139.5,0.6000000000000001,,
2004-12-01,Kerala,kerala,20.58,0.24,83.7,0.36,,
2005-01-01,Kerala,kerala,20.56,0.16,51.08,0.12,,
2005-02-01,Kerala,kerala,20.56,0.16,51.08,0.12,,
2005-03-01,Kerala,kerala,30.84,0.24,76.61999999999999,0.18,,
2005-04-01,Kerala,kerala,41.12,0.32,102.16,0.24,,
2005-05-01,Kerala,kerala,51.400000000000006,0.4,127.7,0.30000000000000004,,
2005-06-01,Kerala,kerala,82.24,0.64,204.32,0.48,,
2005-07-01,Kerala,kerala,185.04,1.44,459.71999999999997,1.08,,
2005-08-01,Kerala,kerala,226.16,1.76,561.88,1.32,,
2005-09-01,Kerala,kerala,185.04,1.44,459.71999999999997,1.08,,
2005-10-01,Kerala,kerala,102.80000000000001,0.8,255.4,0.6000000000000001,,
2005-11-01,Kerala,kerala,51.400000000000006,0.4,127.7,0.30000000000000004,,
2005-12-01,Kerala,kerala,30.84,0.24,76.61999999999999,0.18,,
2006-01-01,Kerala,kerala,19.62,0.08,42.62,0.12,1414.6200000000001,
2006-02-01,Kerala,kerala,19.62,0.08,42.62,0.12,1414.6200000000001,
2006-03-01,Kerala,kerala,29.43,0.12,63.93,0.18,2121.93,
2006-04-01,Kerala,kerala,39.24,0.16,85.24,0.24,2829.2400000000002,
2006-05-01,Kerala,kerala,49.050000000000004,0.2,106.55000000000001,0.30000000000000004,3536.55,
2006-06-01,Kerala,kerala,78.48,0.32,170.48,0.48,5658.4800000000005,
2006-07-01,Kerala,kerala,176.57999999999998,0.72,383.58,1.08,12731.58,
2006-08-01,Kerala,kerala,215.82,0.88,468.82,1.32,15560.82,
2006-09-01,Kerala,kerala,176.57999999999998,0.72,383.58,1.08,12731.58,
2006-10-01,Kerala,kerala,98.10000000000001,0.4,213.10000000000002,0.6000000000000001,7073.1,
2006-11-01,Kerala,kerala,49.050000000000004,0.2,106.55000000000001,0.30000000000000004,3536.55,
2006-12-01,Kerala,kerala,29.43,0.12,63.93,0.18,2121.93,
2007-01-01,Kerala,kerala,12.06,0.22,38.54,0.12,481.04,
2007-02-01,Kerala,kerala,12.06,0.22,38.54,0.12,481.04,
2007-03-01,Kerala,kerala,18.09,0.32999999999999996,57.809999999999995,0.18,721.56,
2007-04-01,Kerala,kerala,24.12,0.44,77.08,0.24,962.08,
2007-05-01,Kerala,kerala,30.150000000000002,0.55,96.35000000000001,0.30000000000000004,1202.6000000000001,
2007-06-01,Kerala,kerala,48.24,0.88,154.16,0.48,1924.16,
2007-07-01,Kerala,kerala,108.53999999999999,1.98,346.86,1.08,4329.36,
2007-08-01,Kerala,kerala,132.66,2.42,423.94,1.32,5291.44,
2007-09-01,Kerala,kerala,108.53999999999999,1.98,346.86,1.08,4329.36,
2007-10-01,Kerala,kerala,60.300000000000004,1.1,192.70000000000002,0.6000000000000001,2405.2000000000003,
2007-11-01,Kerala,kerala,30.150000000000002,0.55,96.35000000000001,0.30000000000000004,1202.6000000000001,
2007-12-01,Kerala,kerala,18.09,0.32999999999999996,57.809999999999995,0.18,721.56,
2008-01-01,Kerala,kerala,14.66,0.06,36.08,0.08,493.7,
2008-02-01,Kerala,kerala,14.66,0.06,36.08,0.08,493.7,
2008-03-01,Kerala,kerala,21.99,0.09,54.12,0.12,740.55,
2008-04-01,Kerala,kerala,29.32,0.12,72.16,0.16,987.4,
2008-05-01,Kerala,kerala,36.65,0.15000000000000002,90.2,0.2,1234.25,
2008-06-01,Kerala,kerala,58.64,0.24,144.32,0.32,1974.8,
2008-07-01,Kerala,kerala,131.94,0.54,324.71999999999997,0.72,4443.3,
2008-08-01,Kerala,kerala,161.26,0.66,396.88,0.88,5430.7,
2008-09-01,Kerala,kerala,131.94,0.54,324.71999999999997,0.72,4443.3,
2008-10-01,Kerala,kerala,73.3,0.30000000000000004,180.4,0.4,2468.5,
2008-11-01,Kerala,kerala,36.65,0.15000000000000002,90.2,0.2,1234.25,
2008-12-01,Kerala,kerala,21.99,0.09,54.12,0.12,740.55,
2009-01-01,Kerala,kerala,28.5,0.12,40.92,0.1,266.98,
2009-02-01,Kerala,kerala,28.5,0.12,40.92,0.1,266.98,
2009-03-01,Kerala,kerala,42.75,0.18,61.379999999999995,0.15,400.46999999999997,
2009-04-01,Kerala,kerala,57.0,0.24,81.84,0.2,533.96,
2009-05-01,Kerala,kerala,71.25,0.30000000000000004,102.30000000000001,0.25,667.45,
2009-06-01,Kerala,kerala,114.0,0.48,163.68,0.4,1067.92,
2009-07-01,Kerala,kerala,256.5,1.08,368.28,0.8999999999999999,2402.8199999999997,
2009-08-01,Kerala,kerala,313.5,1.32,450.12,1.1,2936.78,
2009-09-01,Kerala,kerala,256.5,1.08,368.28,0.8999999999999999,2402.8199999999997,
2009-10-01,Kerala,kerala,142.5,0.6000000000000001,204.60000000000002,0.5,1334.9,
2009-11-01,Kerala,kerala,71.25,0.30000000000000004,102.30000000000001,0.25,667.45,
2009-12-01,Kerala,kerala,42.75,0.18,61.379999999999995,0.15,400.46999999999997,
2010-01-01,Kerala,kerala,51.94,0.34,45.980000000000004,0.14,34.160000000000004,
2010-02-01,Kerala,kerala,51.94,0.34,45.980000000000004,0.14,34.160000000000004,
2010-03-01,Kerala,kerala,77.91,0.51,68.97,0.21,51.239999999999995,
2010-04-01,Kerala,kerala,103.88,0.68,91.96000000000001,0.28,68.32000000000001,
2010-05-01,Kerala,kerala,129.85,0.8500000000000001,114.95,0.35000000000000003,85.4,
2010-06-01,Kerala,kerala,207.76,1.36,183.92000000000002,0.56,136.64000000000001,
2010-07-01,Kerala,kerala,467.46,3.06,413.82,1.26,307.44,
2010-08-01,Kerala,kerala,571.34,3.74,505.78000000000003,1.54,375.76,
2010-09-01,Kerala,kerala,467.46,3.06,413.82,1.26,307.44,
2010-10-01,Kerala,kerala,259.7,1.7000000000000002,229.9,0.7000000000000001,170.8,
2010-11-01,Kerala,kerala,129.85,0.8500000000000001,114.95,0.35000000000000003,85.4,
2010-12-01,Kerala,kerala,77.91,0.51,68.97,0.21,51.239999999999995,
2011-01-01,Kerala,kerala,26.080000000000002,0.2,39.86,0.04,3.66,
2011-02-01,Kerala,kerala,26.080000000000002,0.2,39.86,0.04,3.66,
2011-03-01,Kerala,kerala,39.12,0.3,59.79,0.06,5.49,
2011-04-01,Kerala,kerala,52.160000000000004,0.4,79.72,0.08,7.32,
2011-05-01,Kerala,kerala,65.2,0.5,99.65,0.1,9.15,
2011-06-01,Kerala,kerala,104.32000000000001,0.8,159.44,0.16,14.64,
2011-07-01,Kerala,kerala,234.72,1.7999999999999998,358.74,0.36,32.94,
2011-08-01,Kerala,kerala,286.88,2.2,438.46,0.44,40.26,
2011-09-01,Kerala,kerala,234.72,1.7999999999999998,358.74,0.36,32.94,
2011-10-01,Kerala,kerala,130.4,1.0,199.3,0.2,18.3,
2011-11-01,Kerala,kerala,65.2,0.5,99.65,0.1,9.15,
2011-12-01,Kerala,kerala,39.12,0.3,59.79,0.06,5.49,
2012-01-01,Kerala,kerala,83.44,0.3,40.72,0.06,1.32,
2012-02-01,Kerala,kerala,83.44,0.3,40.72,0.06,1.32,
2012-03-01,Kerala,kerala,125.16,0.44999999999999996,61.08,0.09,1.98,
2012-04-01,Kerala,kerala,166.88,0.6,81.44,0.12,2.64,
2012-05-01,Kerala,kerala,208.60000000000002,0.75,101.80000000000001,0.15000000000000002,3.3000000000000003,
2012-06-01,Kerala,kerala,333.76,1.2,162.88,0.24,5.28,
2012-07-01,Kerala,kerala,750.9599999999999,2.6999999999999997,366.47999999999996,0.54,11.879999999999999,
2012-08-01,Kerala,kerala,917.84,3.3,447.92,0.66,14.52,
2012-09-01,Kerala,kerala,750.9599999999999,2.6999999999999997,366.47999999999996,0.54,11.879999999999999,
2012-10-01,Kerala,kerala,417.20000000000005,1.5,203.60000000000002,0.30000000000000004,6.6000000000000005,
2012-11-01,Kerala,kerala,208.60000000000002,0.75,101.80000000000001,0.15000000000000002,3.3000000000000003,
2012-12-01,Kerala,kerala,125.16,0.44999999999999996,61.08,0.09,1.98,
2013-01-01,Kerala,kerala,158.76,0.58,32.68,0.0,5.46,
2013-02-01,Kerala,kerala,158.76,0.58,32.68,0.0,5.46,
2013-03-01,Kerala,kerala,238.14,0.87,49.019999999999996,0.0,8.19,
2013-04-01,Kerala,kerala,317.52,1.16,65.36,0.0,10.92,
2013-05-01,Kerala,kerala,396.90000000000003,1.4500000000000002,81.7,0.0,13.65,
2013-06-01,Kerala,kerala,635.04,2.32,130.72,0.0,21.84,
2013-07-01,Kerala,kerala,1428.84,5.22,294.12,0.0,49.14,
2013-08-01,Kerala,kerala,1746.36,6.38,359.48,0.0,60.06,
2013-09-01,Kerala,kerala,1428.84,5.22,294.12,0.0,49.14,
2013-10-01,Kerala,kerala,793.8000000000001,2.9000000000000004,163.4,0.0,27.3,
2013-11-01,Kerala,kerala,396.90000000000003,1.4500000000000002,81.7,0.0,13.65,
2013-12-01,Kerala,kerala,238.14,0.87,49.019999999999996,0.0,8.19,
2014-01-01,Kerala,kerala,,,35.02,0.12,5.44,
2014-02-01,Kerala,kerala,,,35.02,0.12,5.44,
2014-03-01,Kerala,kerala,,,52.53,0.18,8.16,
2014-04-01,Kerala,kerala,,,70.04,0.24,10.88,
2014-05-01,Kerala,kerala,,,87.55000000000001,0.30000000000000004,13.600000000000001,
2014-06-01,Kerala,kerala,,,140.08,0.48,21.76,
2014-07-01,Kerala,kerala,,,315.18,1.08,48.96,
2014-08-01,Kerala,kerala,,,385.22,1.32,59.84,
2014-09-01,Kerala,kerala,,,315.18,1.08,48.96,
2014-10-01,Kerala,kerala,,,175.10000000000002,0.6000000000000001,27.200000000000003,
2014-11-01,Kerala,kerala,,,87.55000000000001,0.30000000000000004,13.600000000000001,
2014-12-01,Kerala,kerala,,,52.53,0.18,8.16,
2015-01-01,Kerala,kerala,,,30.98,0.08,3.5,
2015-02-01,Kerala,kerala,,,30.98,0.08,3.5,
2015-03-01,Kerala,kerala,,,46.47,0.12,5.25,
2015-04-01,Kerala,kerala,,,61.96,0.16,7.0,
2015-05-01,Kerala,kerala,,,77.45,0.2,8.75,
2015-06-01,Kerala,kerala,,,123.92,0.32,14.0,
2015-07-01,Kerala,kerala,,,278.82,0.72,31.5,
2015-08-01,Kerala,kerala,,,340.78000000000003,0.88,38.5,
2015-09-01,Kerala,kerala,,,278.82,0.72,31.5,
2015-10-01,Kerala,kerala,,,154.9,0.4,17.5,
2015-11-01,Kerala,kerala,,,77.45,0.2,8.75,
2015-12-01,Kerala,kerala,,,46.47,0.12,5.25,
2016-01-01,Kerala,kerala,,,30.94,0.04,2.58,
2016-02-01,Kerala,kerala,,,30.94,0.04,2.58,
2016-03-01,Kerala,kerala,,,46.41,0.06,3.8699999999999997,
2016-04-01,Kerala,kerala,,,61.88,0.08,5.16,
2016-05-01,Kerala,kerala,,,77.35000000000001,0.1,6.45,
2016-06-01,Kerala,kerala,,,123.76,0.16,10.32,
2016-07-01,Kerala,kerala,,,278.46,0.36,23.22,
2016-08-01,Kerala,kerala,,,340.34,0.44,28.38,
2016-09-01,Kerala,kerala,,,278.46,0.36,23.22,
2016-10-01,Kerala,kerala,,,154.70000000000002,0.2,12.9,
2016-11-01,Kerala,kerala,,,77.35000000000001,0.1,6.45,
2016-12-01,Kerala,kerala,,,46.41,0.06,3.8699999999999997,
2017-01-01,Kerala,kerala,399.88,0.74,23.84,0.04,1.56,
2017-02-01,Kerala,kerala,399.88,0.74,23.84,0.04,1.56,
2017-03-01,Kerala,kerala,599.8199999999999,1.1099999999999999,35.76,0.06,2.34,
2017-04-01,Kerala,kerala,799.76,1.48,47.68,0.08,3.12,
2017-05-01,Kerala,kerala,999.7,1.85,59.6,0.1,3.9000000000000004,
2017-06-01,Kerala,kerala,1599.52,2.96,95.36,0.16,6.24,
2017-07-01,Kerala,kerala,3598.92,6.66,214.56,0.36,14.04,
2017-08-01,Kerala,kerala,4398.68,8.14,262.24,0.44,17.16,
2017-09-01,Kerala,kerala,3598.92,6.66,214.56,0.36,14.04,
2017-10-01,Kerala,kerala,1999.4,3.7,119.2,0.2,7.800000000000001,
2017-11-01,Kerala,kerala,999.7,1.85,59.6,0.1,3.9000000000000004,
2017-12-01,Kerala,kerala,599.8199999999999,1.1099999999999999,35.76,0.06,2.34,
2018-01-01,Kerala,kerala,81.66,0.64,18.16,0.0,1.54,
2018-02-01,Kerala,kerala,81.66,0.64,18.16,0.0,1.54,
2018-03-01,Kerala,kerala,122.49,0.96,27.24,0.0,2.31,
2018-04-01,Kerala,kerala,163.32,1.28,36.32,0.0,3.08,
2018-05-01,Kerala,kerala,204.15,1.6,45.400000000000006,0.0,3.85,
2018-06-01,Kerala,kerala,326.64,2.56,72.64,0.0,6.16,
2018-07-01,Kerala,kerala,734.9399999999999,5.76,163.44,0.0,13.86,
2018-08-01,Kerala,kerala,898.26,7.04,199.76,0.0,16.94,
2018-09-01,Kerala,kerala,734.9399999999999,5.76,163.44,0.0,13.86,
2018-10-01,Kerala,kerala,408.3,3.2,90.80000000000001,0.0,7.7,
2018-11-01,Kerala,kerala,204.15,1.6,45.400000000000006,0.0,3.85,
2018-12-01,Kerala,kerala,122.49,0.96,27.24,0.0,2.31,
2019-01-01,Kerala,kerala,93.04,0.32,13.120000000000001,0.0,2.18,
2019-02-01,Kerala,kerala,93.04,0.32,13.120000000000001,0.0,2.18,
2019-03-01,Kerala,kerala,139.56,0.48,19.68,0.0,3.27,
2019-04-01,Kerala,kerala,186.08,0.64,26.240000000000002,0.0,4.36,
2019-05-01,Kerala,kerala,232.60000000000002,0.8,32.800000000000004,0.0,5.45,
2019-06-01,Kerala,kerala,372.16,1.28,52.480000000000004,0.0,8.72,
2019-07-01,Kerala,kerala,837.36,2.88,118.08,0.0,19.62,
2019-08-01,Kerala,kerala,1023.44,3.52,144.32,0.0,23.98,
2019-09-01,Kerala,kerala,837.36,2.88,118.08,0.0,19.62,
2019-10-01,Kerala,kerala,465.20000000000005,1.6,65.60000000000001,0.0,10.9,
2019-11-01,Kerala,kerala,232.60000000000002,0.8,32.800000000000004,0.0,5.45,
2019-12-01,Kerala,kerala,139.56,0.48,19.68,0.0,3.27,
2020-01-01,Kerala,kerala,87.98,0.1,5.36,0.02,46.04,
2020-02-01,Kerala,kerala,87.98,0.1,5.36,0.02,46.04,
2020-03-01,Kerala,kerala,131.97,0.15,8.04,0.03,69.06,
2020-04-01,Kerala,kerala,175.96,0.2,10.72,0.04,92.08,
2020-05-01,Kerala,kerala,219.95000000000002,0.25,13.4,0.05,115.10000000000001,
2020-06-01,Kerala,kerala,351.92,0.4,21.44,0.08,184.16,
2020-07-01,Kerala,kerala,791.8199999999999,0.8999999999999999,48.239999999999995,0.18,414.35999999999996,
2020-08-01,Kerala,kerala,967.78,1.1,58.96,0.22,506.44,
2020-09-01,Kerala,kerala,791.8199999999999,0.8999999999999999,48.239999999999995,0.18,414.35999999999996,
2020-10-01,Kerala,kerala,439.90000000000003,0.5,26.8,0.1,230.20000000000002,
2020-11-01,Kerala,kerala,219.95000000000002,0.25,13.4,0.05,115.10000000000001,
2020-12-01,Kerala,kerala,131.97,0.15,8.04,0.03,69.06,
2021-01-01,Kerala,kerala,65.02,0.54,6.18,0.02,60.6,
2021-02-01,Kerala,kerala,65.02,0.54,6.18,0.02,60.6,
2021-03-01,Kerala,kerala,97.53,0.8099999999999999,9.27,0.03,90.89999999999999,
2021-04-01,Kerala,kerala,130.04,1.08,12.36,0.04,121.2,
2021-05-01,Kerala,kerala,162.55,1.35,15.450000000000001,0.05,151.5,
2021-06-01,Kerala,kerala,260.08,2.16,24.72,0.08,242.4,
2021-07-01,Kerala,kerala,585.18,4.859999999999999,55.62,0.18,545.4,
2021-08-01,Kerala,kerala,715.22,5.94,67.98,0.22,666.6,
2021-09-01,Kerala,kerala,585.18,4.859999999999999,55.62,0.18,545.4,
2021-10-01,Kerala,kerala,325.1,2.7,30.900000000000002,0.1,303.0,
2021-11-01,Kerala,kerala,162.55,1.35,15.450000000000001,0.05,151.5,
2021-12-01,Kerala,kerala,97.53,0.8099999999999999,9.27,0.03,90.89999999999999,
2022-01-01,Kerala,kerala,88.64,0.58,8.78,0.0,30.22,
2022-02-01,Kerala,kerala,88.64,0.58,8.78,0.0,30.22,
2022-03-01,Kerala,kerala,132.96,0.87,13.17,0.0,45.33,
2022-04-01,Kerala,kerala,177.28,1.16,17.56,0.0,60.44,
2022-05-01,Kerala,kerala,221.60000000000002,1.4500000000000002,21.950000000000003,0.0,75.55,
2022-06-01,Kerala,kerala,354.56,2.32,35.12,0.0,120.88,
2022-07-01,Kerala,kerala,797.76,5.22,79.02,0.0,271.98,
2022-08-01,Kerala,kerala,975.04,6.38,96.58,0.0,332.42,
2022-09-01,Kerala,kerala,797.76,5.22,79.02,0.0,271.98,
2022-10-01,Kerala,kerala,443.20000000000005,2.9000000000000004,43.900000000000006,0.0,151.1,
2022-11-01,Kerala,kerala,221.60000000000002,1.4500000000000002,21.950000000000003,0.0,75.55,
2022-12-01,Kerala,kerala,132.96,0.87,13.17,0.0,45.33,
2001-01-01,Ladakh,ladakh,,,0.39896607270562845,0.0,,
2001-02-01,Ladakh,ladakh,,,0.39896607270562845,0.0,,
2001-03-01,Ladakh,ladakh,,,0.5984491090584426,0.0,,
2001-04-01,Ladakh,ladakh,,,0.7979321454112569,0.0,,
2001-05-01,Ladakh,ladakh,,,0.9974151817640712,0.0,,
2001-06-01,Ladakh,ladakh,,,1.5958642908225138,0.0,,
2001-07-01,Ladakh,ladakh,,,3.590694654350656,0.0,,
2001-08-01,Ladakh,ladakh,,,4.388626799761913,0.0,,
2001-09-01,Ladakh,ladakh,,,3.590694654350656,0.0,,
2001-10-01,Ladakh,ladakh,,,1.9948303635281424,0.0,,
2001-11-01,Ladakh,ladakh,,,0.9974151817640712,0.0,,
2001-12-01,Ladakh,ladakh,,,0.5984491090584426,0.0,,
2002-01-01,Ladakh,ladakh,,,0.19904557355379493,0.0,,
2002-02-01,Ladakh,ladakh,,,0.19904557355379493,0.0,,
2002-03-01,Ladakh,ladakh,,,0.29856836033069234,0.0,,
2002-04-01,Ladakh,ladakh,,,0.39809114710758986,0.0,,
2002-05-01,Ladakh,ladakh,,,0.4976139338844873,0.0,,
2002-06-01,Ladakh,ladakh,,,0.7961822942151797,0.0,,
2002-07-01,Ladakh,ladakh,,,1.7914101619841543,0.0,,
2002-08-01,Ladakh,ladakh,,,2.189501309091744,0.0,,
2002-09-01,Ladakh,ladakh,,,1.7914101619841543,0.0,,
2002-10-01,Ladakh,ladakh,,,0.9952278677689746,0.0,,
2002-11-01,Ladakh,ladakh,,,0.4976139338844873,0.0,,
2002-12-01,Ladakh,ladakh,,,0.29856836033069234,0.0,,
2003-01-01,Ladakh,ladakh,,,0.13998809568618545,0.0,,
2003-02-01,Ladakh,ladakh,,,0.13998809568618545,0.0,,
2003-03-01,Ladakh,ladakh,,,0.20998214352927816,0.0,,
2003-04-01,Ladakh,ladakh,,,0.2799761913723709,0.0,,
2003-05-01,Ladakh,ladakh,,,0.3499702392154636,0.0,,
2003-06-01,Ladakh,ladakh,,,0.5599523827447418,0.0,,
2003-07-01,Ladakh,ladakh,,,1.259892861175669,0.0,,
2003-08-01,Ladakh,ladakh,,,1.5398690525480399,0.0,,
2003-09-01,Ladakh,ladakh,,,1.259892861175669,0.0,,
2003-10-01,Ladakh,ladakh,,,0.6999404784309272,0.0,,
2003-11-01,Ladakh,ladakh,,,0.3499702392154636,0.0,,
2003-12-01,Ladakh,ladakh,,,0.20998214352927816,0.0,,
2004-01-01,Ladakh,ladakh,,,0.10936569975483236,0.0,,
2004-02-01,Ladakh,ladakh,,,0.10936569975483236,0.0,,
2004-03-01,Ladakh,ladakh,,,0.16404854963224855,0.0,,
2004-04-01,Ladakh,ladakh,,,0.21873139950966472,0.0,,
2004-05-01,Ladakh,ladakh,,,0.2734142493870809,0.0,,
2004-06-01,Ladakh,ladakh,,,0.43746279901932944,0.0,,
2004-07-01,Ladakh,ladakh,,,0.9842912977934912,0.0,,
2004-08-01,Ladakh,ladakh,,,1.203022697303156,0.0,,
2004-09-01,Ladakh,ladakh,,,0.9842912977934912,0.0,,
2004-10-01,Ladakh,ladakh,,,0.5468284987741618,0.0,,
2004-11-01,Ladakh,ladakh,,,0.2734142493870809,0.0,,
2004-12-01,Ladakh,ladakh,,,0.16404854963224855,0.0,,
2005-01-01,Ladakh,ladakh,0.0,0.0,0.11724003013718033,0.0,,
2005-02-01,Ladakh,ladakh,0.0,0.0,0.11724003013718033,0.0,,
2005-03-01,Ladakh,ladakh,0.0,0.0,0.17586004520577048,0.0,,
2005-04-01,Ladakh,ladakh,0.0,0.0,0.23448006027436066,0.0,,
2005-05-01,Ladakh,ladakh,0.0,0.0,0.29310007534295085,0.0,,
2005-06-01,Ladakh,ladakh,0.0,0.0,0.4689601205487213,0.0,,
2005-07-01,Ladakh,ladakh,0.0,0.0,1.0551602712346229,0.0,,
2005-08-01,Ladakh,ladakh,0.0,0.0,1.2896403315089835,0.0,,
2005-09-01,Ladakh,ladakh,0.0,0.0,1.0551602712346229,0.0,,
2005-10-01,Ladakh,ladakh,0.0,0.0,0.5862001506859017,0.0,,
2005-11-01,Ladakh,ladakh,0.0,0.0,0.29310007534295085,0.0,,
2005-12-01,Ladakh,ladakh,0.0,0.0,0.17586004520577048,0.0,,
2006-01-01,Ladakh,ladakh,0.010499107176463908,0.000437462799019328,0.07174389903917004,0.0,,
2006-02-01,Ladakh,ladakh,0.010499107176463908,0.000437462799019328,0.07174389903917004,0.0,,
2006-03-01,Ladakh,ladakh,0.015748660764695863,0.000656194198528992,0.10761584855875506,0.0,,
2006-04-01,Ladakh,ladakh,0.020998214352927817,0.000874925598038656,0.14348779807834008,0.0,,
2006-05-01,Ladakh,ladakh,0.026247767941159773,0.00109365699754832,0.1793597475979251,0.0,,
2006-06-01,Ladakh,ladakh,0.04199642870585563,0.001749851196077312,0.28697559615668017,0.0,,
2006-07-01,Ladakh,ladakh,0.09449196458817517,0.003937165191173952,0.6456950913525303,0.0,,
2006-08-01,Ladakh,ladakh,0.115490178941103,0.004812090789212608,0.7891828894308704,0.0,,
2006-09-01,Ladakh,ladakh,0.09449196458817517,0.003937165191173952,0.6456950913525303,0.0,,
2006-10-01,Ladakh,ladakh,0.05249553588231955,0.00218731399509664,0.3587194951958502,0.0,,
2006-11-01,Ladakh,ladakh,0.026247767941159773,0.00109365699754832,0.1793597475979251,0.0,,
2006-12-01,Ladakh,ladakh,0.015748660764695863,0.000656194198528992,0.10761584855875506,0.0,,
2007-01-01,Ladakh,ladakh,0.0,0.0,0.10499107176463907,0.000437462799019328,,
2007-02-01,Ladakh,ladakh,0.0,0.0,0.10499107176463907,0.000437462799019328,,
2007-03-01,Ladakh,ladakh,0.0,0.0,0.1574866076469586,0.000656194198528992,,
2007-04-01,Ladakh,ladakh,0.0,0.0,0.20998214352927813,0.000874925598038656,,
2007-05-01,Ladakh,ladakh,0.0,0.0,0.26247767941159766,0.00109365699754832,,
2007-06-01,Ladakh,ladakh,0.0,0.0,0.41996428705855626,0.001749851196077312,,
2007-07-01,Ladakh,ladakh,0.0,0.0,0.9449196458817516,0.003937165191173952,,
2007-08-01,Ladakh,ladakh,0.0,0.0,1.1549017894110298,0.004812090789212608,,
2007-09-01,Ladakh,ladakh,0.0,0.0,0.9449196458817516,0.003937165191173952,,
2007-10-01,Ladakh,ladakh,0.0,0.0,0.5249553588231953,0.00218731399509664,,
2007-11-01,Ladakh,ladakh,0.0,0.0,0.26247767941159766,0.00109365699754832,,
2007-12-01,Ladakh,ladakh,0.0,0.0,0.1574866076469586,0.000656194198528992,,
2008-01-01,Ladakh,ladakh,0.0,0.0,0.0949294273871945,0.000437462799019328,0.0,
2008-02-01,Ladakh,ladakh,0.0,0.0,0.0949294273871945,0.000437462799019328,0.0,
2008-03-01,Ladakh,ladakh,0.0,0.0,0.14239414108079174,0.000656194198528992,0.0,
2008-04-01,Ladakh,ladakh,0.0,0.0,0.189858854774389,0.000874925598038656,0.0,
2008-05-01,Ladakh,ladakh,0.0,0.0,0.23732356846798625,0.00109365699754832,0.0,
2008-06-01,Ladakh,ladakh,0.0,0.0,0.379717709548778,0.001749851196077312,0.0,
2008-07-01,Ladakh,ladakh,0.0,0.0,0.8543648464847504,0.003937165191173952,0.0,
2008-08-01,Ladakh,ladakh,0.0,0.0,1.0442237012591395,0.004812090789212608,0.0,
2008-09-01,Ladakh,ladakh,0.0,0.0,0.8543648464847504,0.003937165191173952,0.0,
2008-10-01,Ladakh,ladakh,0.0,0.0,0.4746471369359725,0.00218731399509664,0.0,
2008-11-01,Ladakh,ladakh,0.0,0.0,0.23732356846798625,0.00109365699754832,0.0,
2008-12-01,Ladakh,ladakh,0.0,0.0,0.14239414108079174,0.000656194198528992,0.0,
2009-01-01,Ladakh,ladakh,0.000874925598038658,0.0,0.151362128460688,0.0,0.0,
2009-02-01,Ladakh,ladakh,0.000874925598038658,0.0,0.151362128460688,0.0,0.0,
2009-03-01,Ladakh,ladakh,0.001312388397057987,0.0,0.227043192691032,0.0,0.0,
2009-04-01,Ladakh,ladakh,0.001749851196077316,0.0,0.302724256921376,0.0,0.0,
2009-05-01,Ladakh,ladakh,0.002187313995096645,0.0,0.37840532115172,0.0,0.0,
2009-06-01,Ladakh,ladakh,0.003499702392154632,0.0,0.605448513842752,0.0,0.0,
2009-07-01,Ladakh,ladakh,0.007874330382347923,0.0,1.3622591561461919,0.0,0.0,
2009-08-01,Ladakh,ladakh,0.009624181578425239,0.0,1.664983413067568,0.0,0.0,
2009-09-01,Ladakh,ladakh,0.007874330382347923,0.0,1.3622591561461919,0.0,0.0,
2009-10-01,Ladakh,ladakh,0.00437462799019329,0.0,0.75681064230344,0.0,0.0,
2009-11-01,Ladakh,ladakh,0.002187313995096645,0.0,0.37840532115172,0.0,0.0,
2009-12-01,Ladakh,ladakh,0.001312388397057987,0.0,0.227043192691032,0.0,0.0,
2010-01-01,Ladakh,ladakh,0.0,0.0,0.3508451648135022,0.0,0.0,
2010-02-01,Ladakh,ladakh,0.0,0.0,0.3508451648135022,0.0,0.0,
2010-03-01,Ladakh,ladakh,0.0,0.0,0.5262677472202533,0.0,0.0,
2010-04-01,Ladakh,ladakh,0.0,0.0,0.7016903296270044,0.0,0.0,
2010-05-01,Ladakh,ladakh,0.0,0.0,0.8771129120337555,0.0,0.0,
2010-06-01,Ladakh,ladakh,0.0,0.0,1.4033806592540088,0.0,0.0,
2010-07-01,Ladakh,ladakh,0.0,0.0,3.1576064833215196,0.0,0.0,
2010-08-01,Ladakh,ladakh,0.0,0.0,3.859296812948524,0.0,0.0,
2010-09-01,Ladakh,ladakh,0.0,0.0,3.1576064833215196,0.0,0.0,
2010-10-01,Ladakh,ladakh,0.0,0.0,1.754225824067511,0.0,0.0,
2010-11-01,Ladakh,ladakh,0.0,0.0,0.8771129120337555,0.0,0.0,
2010-12-01,Ladakh,ladakh,0.0,0.0,0.5262677472202533,0.0,0.0,
2011-01-01,Ladakh,ladakh,0.001312388397057988,0.0,0.4772719137300885,0.0,0.0,
2011-02-01,Ladakh,ladakh,0.001312388397057988,0.0,0.4772719137300885,0.0,0.0,
2011-03-01,Ladakh,ladakh,0.001968582595586982,0.0,0.7159078705951327,0.0,0.0,
2011-04-01,Ladakh,ladakh,0.002624776794115976,0.0,0.954543827460177,0.0,0.0,
2011-05-01,Ladakh,ladakh,0.0032809709926449704,0.0,1.1931797843252212,0.0,0.0,
2011-06-01,Ladakh,ladakh,0.005249553588231952,0.0,1.909087654920354,0.0,0.0,
2011-07-01,Ladakh,ladakh,0.011811495573521891,0.0,4.295447223570797,0.0,0.0,
2011-08-01,Ladakh,ladakh,0.014436272367637868,0.0,5.249991051030974,0.0,0.0,
2011-09-01,Ladakh,ladakh,0.011811495573521891,0.0,4.295447223570797,0.0,0.0,
2011-10-01,Ladakh,ladakh,0.006561941985289941,0.0,2.3863595686504424,0.0,0.0,
2011-11-01,Ladakh,ladakh,0.0032809709926449704,0.0,1.1931797843252212,0.0,0.0,
2011-12-01,Ladakh,ladakh,0.001968582595586982,0.0,0.7159078705951327,0.0,0.0,
2012-01-01,Ladakh,ladakh,0.0074368675833286005,0.000437462799019328,0.37796785835270075,0.0,,
2012-02-01,Ladakh,ladakh,0.0074368675833286005,0.000437462799019328,0.37796785835270075,0.0,,
2012-03-01,Ladakh,ladakh,0.0111553013749929,0.000656194198528992,0.5669517875290511,0.0,,
2012-04-01,Ladakh,ladakh,0.014873735166657201,0.000874925598038656,0.7559357167054015,0.0,,
2012-05-01,Ladakh,ladakh,0.0185921689583215,0.00109365699754832,0.9449196458817518,0.0,,
2012-06-01,Ladakh,ladakh,0.029747470333314402,0.001749851196077312,1.511871433410803,0.0,,
2012-07-01,Ladakh,ladakh,0.0669318082499574,0.003937165191173952,3.4017107251743064,0.0,,
2012-08-01,Ladakh,ladakh,0.0818055434166146,0.004812090789212608,4.157646441879708,0.0,,
2012-09-01,Ladakh,ladakh,0.0669318082499574,0.003937165191173952,3.4017107251743064,0.0,,
2012-10-01,Ladakh,ladakh,0.037184337916643,0.00218731399509664,1.8898392917635036,0.0,,
2012-11-01,Ladakh,ladakh,0.0185921689583215,0.00109365699754832,0.9449196458817518,0.0,,
2012-12-01,Ladakh,ladakh,0.0111553013749929,0.000656194198528992,0.5669517875290511,0.0,,
2013-01-01,Ladakh,ladakh,0.8036191617985083,0.001312388397057988,0.305349033715492,0.0,0.0,
2013-02-01,Ladakh,ladakh,0.8036191617985083,0.001312388397057988,0.305349033715492,0.0,0.0,
2013-03-01,Ladakh,ladakh,1.2054287426977626,0.001968582595586982,0.45802355057323796,0.0,0.0,
2013-04-01,Ladakh,ladakh,1.6072383235970167,0.002624776794115976,0.610698067430984,0.0,0.0,
2013-05-01,Ladakh,ladakh,2.009047904496271,0.0032809709926449704,0.76337258428873,0.0,0.0,
2013-06-01,Ladakh,ladakh,3.2144766471940334,0.005249553588231952,1.221396134861968,0.0,0.0,
2013-07-01,Ladakh,ladakh,7.232572456186575,0.011811495573521891,2.7481413034394278,0.0,0.0,
2013-08-01,Ladakh,ladakh,8.839810779783592,0.014436272367637868,3.358839370870412,0.0,0.0,
2013-09-01,Ladakh,ladakh,7.232572456186575,0.011811495573521891,2.7481413034394278,0.0,0.0,
2013-10-01,Ladakh,ladakh,4.018095808992542,0.006561941985289941,1.52674516857746,0.0,0.0,
2013-11-01,Ladakh,ladakh,2.009047904496271,0.0032809709926449704,0.76337258428873,0.0,0.0,
2013-12-01,Ladakh,ladakh,1.2054287426977626,0.001968582595586982,0.45802355057323796,0.0,0.0,
2014-01-01,Ladakh,ladakh,,,0.1273016745146249,0.0,,
2014-02-01,Ladakh,ladakh,,,0.1273016745146249,0.0,,
2014-03-01,Ladakh,ladakh,,,0.19095251177193734,0.0,,
2014-04-01,Ladakh,ladakh,,,0.2546033490292498,0.0,,
2014-05-01,Ladakh,ladakh,,,0.31825418628656227,0.0,,
2014-06-01,Ladakh,ladakh,,,0.5092066980584996,0.0,,
2014-07-01,Ladakh,ladakh,,,1.1457150706316241,0.0,,
2014-08-01,Ladakh,ladakh,,,1.400318419660874,0.0,,
2014-09-01,Ladakh,ladakh,,,1.1457150706316241,0.0,,
2014-10-01,Ladakh,ladakh,,,0.6365083725731245,0.0,,
2014-11-01,Ladakh,ladakh,,,0.31825418628656227,0.0,,
2014-12-01,Ladakh,ladakh,,,0.19095251177193734,0.0,,
2015-01-01,Ladakh,ladakh,,,0.0,0.0,0.0,
2015-02-01,Ladakh,ladakh,,,0.0,0.0,0.0,
2015-03-01,Ladakh,ladakh,,,0.0,0.0,0.0,
2015-04-01,Ladakh,ladakh,,,0.0,0.0,0.0,
2015-05-01,Ladakh,ladakh,,,0.0,0.0,0.0,
2015-06-01,Ladakh,ladakh,,,0.0,0.0,0.0,
2015-07-01,Ladakh,ladakh,,,0.0,0.0,0.0,
2015-08-01,Ladakh,ladakh,,,0.0,0.0,0.0,
2015-09-01,Ladakh,ladakh,,,0.0,0.0,0.0,
2015-10-01,Ladakh,ladakh,,,0.0,0.0,0.0,
2015-11-01,Ladakh,ladakh,,,0.0,0.0,0.0,
2015-12-01,Ladakh,ladakh,,,0.0,0.0,0.0,
2016-01-01,Ladakh,ladakh,,,0.0,0.0,0.000437462799019328,
2016-02-01,Ladakh,ladakh,,,0.0,0.0,0.000437462799019328,
2016-03-01,Ladakh,ladakh,,,0.0,0.0,0.000656194198528992,
2016-04-01,Ladakh,ladakh,,,0.0,0.0,0.000874925598038656,
2016-05-01,Ladakh,ladakh,,,0.0,0.0,0.00109365699754832,
2016-06-01,Ladakh,ladakh,,,0.0,0.0,0.001749851196077312,
2016-07-01,Ladakh,ladakh,,,0.0,0.0,0.003937165191173952,
2016-08-01,Ladakh,ladakh,,,0.0,0.0,0.004812090789212608,
2016-09-01,Ladakh,ladakh,,,0.0,0.0,0.003937165191173952,
2016-10-01,Ladakh,ladakh,,,0.0,0.0,0.00218731399509664,
2016-11-01,Ladakh,ladakh,,,0.0,0.0,0.00109365699754832,
2016-12-01,Ladakh,ladakh,,,0.0,0.0,0.000656194198528992,
2017-01-01,Ladakh,ladakh,0.0,0.0,0.0,0.0,0.0,
2017-02-01,Ladakh,ladakh,0.0,0.0,0.0,0.0,0.0,
2017-03-01,Ladakh,ladakh,0.0,0.0,0.0,0.0,0.0,
2017-04-01,Ladakh,ladakh,0.0,0.0,0.0,0.0,0.0,
2017-05-01,Ladakh,ladakh,0.0,0.0,0.0,0.0,0.0,
2017-06-01,Ladakh,ladakh,0.0,0.0,0.0,0.0,0.0,
2017-07-01,Ladakh,ladakh,0.0,0.0,0.0,0.0,0.0,
2017-08-01,Ladakh,ladakh,0.0,0.0,0.0,0.0,0.0,
2017-09-01,Ladakh,ladakh,0.0,0.0,0.0,0.0,0.0,
2017-10-01,Ladakh,ladakh,0.0,0.0,0.0,0.0,0.0,
2017-11-01,Ladakh,ladakh,0.0,0.0,0.0,0.0,0.0,
2017-12-01,Ladakh,ladakh,0.0,0.0,0.0,0.0,0.0,
2018-01-01,Ladakh,ladakh,0.0,0.0,0.0,0.0,0.0,
2018-02-01,Ladakh,ladakh,0.0,0.0,0.0,0.0,0.0,
2018-03-01,Ladakh,ladakh,0.0,0.0,0.0,0.0,0.0,
2018-04-01,Ladakh,ladakh,0.0,0.0,0.0,0.0,0.0,
2018-05-01,Ladakh,ladakh,0.0,0.0,0.0,0.0,0.0,
2018-06-01,Ladakh,ladakh,0.0,0.0,0.0,0.0,0.0,
2018-07-01,Ladakh,ladakh,0.0,0.0,0.0,0.0,0.0,
2018-08-01,Ladakh,ladakh,0.0,0.0,0.0,0.0,0.0,
2018-09-01,Ladakh,ladakh,0.0,0.0,0.0,0.0,0.0,
2018-10-01,Ladakh,ladakh,0.0,0.0,0.0,0.0,0.0,
2018-11-01,Ladakh,ladakh,0.0,0.0,0.0,0.0,0.0,
2018-12-01,Ladakh,ladakh,0.0,0.0,0.0,0.0,0.0,
2019-01-01,Ladakh,ladakh,0.0,0.0,0.0,0.0,0.0,
2019-02-01,Ladakh,ladakh,0.0,0.0,0.0,0.0,0.0,
2019-03-01,Ladakh,ladakh,0.0,0.0,0.0,0.0,0.0,
2019-04-01,Ladakh,ladakh,0.0,0.0,0.0,0.0,0.0,
2019-05-01,Ladakh,ladakh,0.0,0.0,0.0,0.0,0.0,
2019-06-01,Ladakh,ladakh,0.0,0.0,0.0,0.0,0.0,
2019-07-01,Ladakh,ladakh,0.0,0.0,0.0,0.0,0.0,
2019-08-01,Ladakh,ladakh,0.0,0.0,0.0,0.0,0.0,
2019-09-01,Ladakh,ladakh,0.0,0.0,0.0,0.0,0.0,
2019-10-01,Ladakh,ladakh,0.0,0.0,0.0,0.0,0.0,
2019-11-01,Ladakh,ladakh,0.0,0.0,0.0,0.0,0.0,
2019-12-01,Ladakh,ladakh,0.0,0.0,0.0,0.0,0.0,
2020-01-01,Ladakh,ladakh,0.0,0.0,0.0,0.0,0.0,
2020-02-01,Ladakh,ladakh,0.0,0.0,0.0,0.0,0.0,
2020-03-01,Ladakh,ladakh,0.0,0.0,0.0,0.0,0.0,
2020-04-01,Ladakh,ladakh,0.0,0.0,0.0,0.0,0.0,
2020-05-01,Ladakh,ladakh,0.0,0.0,0.0,0.0,0.0,
2020-06-01,Ladakh,ladakh,0.0,0.0,0.0,0.0,0.0,
2020-07-01,Ladakh,ladakh,0.0,0.0,0.0,0.0,0.0,
2020-08-01,Ladakh,ladakh,0.0,0.0,0.0,0.0,0.0,
2020-09-01,Ladakh,ladakh,0.0,0.0,0.0,0.0,0.0,
2020-10-01,Ladakh,ladakh,0.0,0.0,0.0,0.0,0.0,
2020-11-01,Ladakh,ladakh,0.0,0.0,0.0,0.0,0.0,
2020-12-01,Ladakh,ladakh,0.0,0.0,0.0,0.0,0.0,
2021-01-01,Ladakh,ladakh,0.0,0.0,0.0,0.0,0.0,
2021-02-01,Ladakh,ladakh,0.0,0.0,0.0,0.0,0.0,
2021-03-01,Ladakh,ladakh,0.0,0.0,0.0,0.0,0.0,
2021-04-01,Ladakh,ladakh,0.0,0.0,0.0,0.0,0.0,
2021-05-01,Ladakh,ladakh,0.0,0.0,0.0,0.0,0.0,
2021-06-01,Ladakh,ladakh,0.0,0.0,0.0,0.0,0.0,
2021-07-01,Ladakh,ladakh,0.0,0.0,0.0,0.0,0.0,
2021-08-01,Ladakh,ladakh,0.0,0.0,0.0,0.0,0.0,
2021-09-01,Ladakh,ladakh,0.0,0.0,0.0,0.0,0.0,
2021-10-01,Ladakh,ladakh,0.0,0.0,0.0,0.0,0.0,
2021-11-01,Ladakh,ladakh,0.0,0.0,0.0,0.0,0.0,
2021-12-01,Ladakh,ladakh,0.0,0.0,0.0,0.0,0.0,
2022-01-01,Ladakh,ladakh,0.0,0.0,0.0,0.0,0.0,
2022-02-01,Ladakh,ladakh,0.0,0.0,0.0,0.0,0.0,
2022-03-01,Ladakh,ladakh,0.0,0.0,0.0,0.0,0.0,
2022-04-01,Ladakh,ladakh,0.0,0.0,0.0,0.0,0.0,
2022-05-01,Ladakh,ladakh,0.0,0.0,0.0,0.0,0.0,
2022-06-01,Ladakh,ladakh,0.0,0.0,0.0,0.0,0.0,
2022-07-01,Ladakh,ladakh,0.0,0.0,0.0,0.0,0.0,
2022-08-01,Ladakh,ladakh,0.0,0.0,0.0,0.0,0.0,
2022-09-01,Ladakh,ladakh,0.0,0.0,0.0,0.0,0.0,
2022-10-01,Ladakh,ladakh,0.0,0.0,0.0,0.0,0.0,
2022-11-01,Ladakh,ladakh,0.0,0.0,0.0,0.0,0.0,
2022-12-01,Ladakh,ladakh,0.0,0.0,0.0,0.0,0.0,
2001-01-01,Lakshadweep,lakshadweep,,,0.0,0.0,,
2001-02-01,Lakshadweep,lakshadweep,,,0.0,0.0,,
2001-03-01,Lakshadweep,lakshadweep,,,0.0,0.0,,
2001-04-01,Lakshadweep,lakshadweep,,,0.0,0.0,,
2001-05-01,Lakshadweep,lakshadweep,,,0.0,0.0,,
2001-06-01,Lakshadweep,lakshadweep,,,0.0,0.0,,
2001-07-01,Lakshadweep,lakshadweep,,,0.0,0.0,,
2001-08-01,Lakshadweep,lakshadweep,,,0.0,0.0,,
2001-09-01,Lakshadweep,lakshadweep,,,0.0,0.0,,
2001-10-01,Lakshadweep,lakshadweep,,,0.0,0.0,,
2001-11-01,Lakshadweep,lakshadweep,,,0.0,0.0,,
2001-12-01,Lakshadweep,lakshadweep,,,0.0,0.0,,
2002-01-01,Lakshadweep,lakshadweep,,,0.16,0.0,,
2002-02-01,Lakshadweep,lakshadweep,,,0.16,0.0,,
2002-03-01,Lakshadweep,lakshadweep,,,0.24,0.0,,
2002-04-01,Lakshadweep,lakshadweep,,,0.32,0.0,,
2002-05-01,Lakshadweep,lakshadweep,,,0.4,0.0,,
2002-06-01,Lakshadweep,lakshadweep,,,0.64,0.0,,
2002-07-01,Lakshadweep,lakshadweep,,,1.44,0.0,,
2002-08-01,Lakshadweep,lakshadweep,,,1.76,0.0,,
2002-09-01,Lakshadweep,lakshadweep,,,1.44,0.0,,
2002-10-01,Lakshadweep,lakshadweep,,,0.8,0.0,,
2002-11-01,Lakshadweep,lakshadweep,,,0.4,0.0,,
2002-12-01,Lakshadweep,lakshadweep,,,0.24,0.0,,
2003-01-01,Lakshadweep,lakshadweep,,,0.12,0.0,,
2003-02-01,Lakshadweep,lakshadweep,,,0.12,0.0,,
2003-03-01,Lakshadweep,lakshadweep,,,0.18,0.0,,
2003-04-01,Lakshadweep,lakshadweep,,,0.24,0.0,,
2003-05-01,Lakshadweep,lakshadweep,,,0.30000000000000004,0.0,,
2003-06-01,Lakshadweep,lakshadweep,,,0.48,0.0,,
2003-07-01,Lakshadweep,lakshadweep,,,1.08,0.0,,
2003-08-01,Lakshadweep,lakshadweep,,,1.32,0.0,,
2003-09-01,Lakshadweep,lakshadweep,,,1.08,0.0,,
2003-10-01,Lakshadweep,lakshadweep,,,0.6000000000000001,0.0,,
2003-11-01,Lakshadweep,lakshadweep,,,0.30000000000000004,0.0,,
2003-12-01,Lakshadweep,lakshadweep,,,0.18,0.0,,
2004-01-01,Lakshadweep,lakshadweep,,,0.04,0.0,,
2004-02-01,Lakshadweep,lakshadweep,,,0.04,0.0,,
2004-03-01,Lakshadweep,lakshadweep,,,0.06,0.0,,
2004-04-01,Lakshadweep,lakshadweep,,,0.08,0.0,,
2004-05-01,Lakshadweep,lakshadweep,,,0.1,0.0,,
2004-06-01,Lakshadweep,lakshadweep,,,0.16,0.0,,
2004-07-01,Lakshadweep,lakshadweep,,,0.36,0.0,,
2004-08-01,Lakshadweep,lakshadweep,,,0.44,0.0,,
2004-09-01,Lakshadweep,lakshadweep,,,0.36,0.0,,
2004-10-01,Lakshadweep,lakshadweep,,,0.2,0.0,,
2004-11-01,Lakshadweep,lakshadweep,,,0.1,0.0,,
2004-12-01,Lakshadweep,lakshadweep,,,0.06,0.0,,
2005-01-01,Lakshadweep,lakshadweep,,,0.0,0.0,,
2005-02-01,Lakshadweep,lakshadweep,,,0.0,0.0,,
2005-03-01,Lakshadweep,lakshadweep,,,0.0,0.0,,
2005-04-01,Lakshadweep,lakshadweep,,,0.0,0.0,,
2005-05-01,Lakshadweep,lakshadweep,,,0.0,0.0,,
2005-06-01,Lakshadweep,lakshadweep,,,0.0,0.0,,
2005-07-01,Lakshadweep,lakshadweep,,,0.0,0.0,,
2005-08-01,Lakshadweep,lakshadweep,,,0.0,0.0,,
2005-09-01,Lakshadweep,lakshadweep,,,0.0,0.0,,
2005-10-01,Lakshadweep,lakshadweep,,,0.0,0.0,,
2005-11-01,Lakshadweep,lakshadweep,,,0.0,0.0,,
2005-12-01,Lakshadweep,lakshadweep,,,0.0,0.0,,
2006-01-01,Lakshadweep,lakshadweep,,,0.0,0.0,0.7000000000000001,
2006-02-01,Lakshadweep,lakshadweep,,,0.0,0.0,0.7000000000000001,
2006-03-01,Lakshadweep,lakshadweep,,,0.0,0.0,1.05,
2006-04-01,Lakshadweep,lakshadweep,,,0.0,0.0,1.4000000000000001,
2006-05-01,Lakshadweep,lakshadweep,,,0.0,0.0,1.75,
2006-06-01,Lakshadweep,lakshadweep,,,0.0,0.0,2.8000000000000003,
2006-07-01,Lakshadweep,lakshadweep,,,0.0,0.0,6.3,
2006-08-01,Lakshadweep,lakshadweep,,,0.0,0.0,7.7,
2006-09-01,Lakshadweep,lakshadweep,,,0.0,0.0,6.3,
2006-10-01,Lakshadweep,lakshadweep,,,0.0,0.0,3.5,
2006-11-01,Lakshadweep,lakshadweep,,,0.0,0.0,1.75,
2006-12-01,Lakshadweep,lakshadweep,,,0.0,0.0,1.05,
2007-01-01,Lakshadweep,lakshadweep,,,0.0,0.0,103.68,
2007-02-01,Lakshadweep,lakshadweep,,,0.0,0.0,103.68,
2007-03-01,Lakshadweep,lakshadweep,,,0.0,0.0,155.51999999999998,
2007-04-01,Lakshadweep,lakshadweep,,,0.0,0.0,207.36,
2007-05-01,Lakshadweep,lakshadweep,,,0.0,0.0,259.2,
2007-06-01,Lakshadweep,lakshadweep,,,0.0,0.0,414.72,
2007-07-01,Lakshadweep,lakshadweep,,,0.0,0.0,933.12,
2007-08-01,Lakshadweep,lakshadweep,,,0.0,0.0,1140.48,
2007-09-01,Lakshadweep,lakshadweep,,,0.0,0.0,933.12,
2007-10-01,Lakshadweep,lakshadweep,,,0.0,0.0,518.4,
2007-11-01,Lakshadweep,lakshadweep,,,0.0,0.0,259.2,
2007-12-01,Lakshadweep,lakshadweep,,,0.0,0.0,155.51999999999998,
2008-01-01,Lakshadweep,lakshadweep,0.0,0.0,0.0,0.0,0.0,
2008-02-01,Lakshadweep,lakshadweep,0.0,0.0,0.0,0.0,0.0,
2008-03-01,Lakshadweep,lakshadweep,0.0,0.0,0.0,0.0,0.0,
2008-04-01,Lakshadweep,lakshadweep,0.0,0.0,0.0,0.0,0.0,
2008-05-01,Lakshadweep,lakshadweep,0.0,0.0,0.0,0.0,0.0,
2008-06-01,Lakshadweep,lakshadweep,0.0,0.0,0.0,0.0,0.0,
2008-07-01,Lakshadweep,lakshadweep,0.0,0.0,0.0,0.0,0.0,
2008-08-01,Lakshadweep,lakshadweep,0.0,0.0,0.0,0.0,0.0,
2008-09-01,Lakshadweep,lakshadweep,0.0,0.0,0.0,0.0,0.0,
2008-10-01,Lakshadweep,lakshadweep,0.0,0.0,0.0,0.0,0.0,
2008-11-01,Lakshadweep,lakshadweep,0.0,0.0,0.0,0.0,0.0,
2008-12-01,Lakshadweep,lakshadweep,0.0,0.0,0.0,0.0,0.0,
2009-01-01,Lakshadweep,lakshadweep,0.0,0.0,0.16,0.0,0.0,
2009-02-01,Lakshadweep,lakshadweep,0.0,0.0,0.16,0.0,0.0,
2009-03-01,Lakshadweep,lakshadweep,0.0,0.0,0.24,0.0,0.0,
2009-04-01,Lakshadweep,lakshadweep,0.0,0.0,0.32,0.0,0.0,
2009-05-01,Lakshadweep,lakshadweep,0.0,0.0,0.4,0.0,0.0,
2009-06-01,Lakshadweep,lakshadweep,0.0,0.0,0.64,0.0,0.0,
2009-07-01,Lakshadweep,lakshadweep,0.0,0.0,1.44,0.0,0.0,
2009-08-01,Lakshadweep,lakshadweep,0.0,0.0,1.76,0.0,0.0,
2009-09-01,Lakshadweep,lakshadweep,0.0,0.0,1.44,0.0,0.0,
2009-10-01,Lakshadweep,lakshadweep,0.0,0.0,0.8,0.0,0.0,
2009-11-01,Lakshadweep,lakshadweep,0.0,0.0,0.4,0.0,0.0,
2009-12-01,Lakshadweep,lakshadweep,0.0,0.0,0.24,0.0,0.0,
2010-01-01,Lakshadweep,lakshadweep,0.0,0.0,0.12,0.0,0.0,
2010-02-01,Lakshadweep,lakshadweep,0.0,0.0,0.12,0.0,0.0,
2010-03-01,Lakshadweep,lakshadweep,0.0,0.0,0.18,0.0,0.0,
2010-04-01,Lakshadweep,lakshadweep,0.0,0.0,0.24,0.0,0.0,
2010-05-01,Lakshadweep,lakshadweep,0.0,0.0,0.30000000000000004,0.0,0.0,
2010-06-01,Lakshadweep,lakshadweep,0.0,0.0,0.48,0.0,0.0,
2010-07-01,Lakshadweep,lakshadweep,0.0,0.0,1.08,0.0,0.0,
2010-08-01,Lakshadweep,lakshadweep,0.0,0.0,1.32,0.0,0.0,
2010-09-01,Lakshadweep,lakshadweep,0.0,0.0,1.08,0.0,0.0,
2010-10-01,Lakshadweep,lakshadweep,0.0,0.0,0.6000000000000001,0.0,0.0,
2010-11-01,Lakshadweep,lakshadweep,0.0,0.0,0.30000000000000004,0.0,0.0,
2010-12-01,Lakshadweep,lakshadweep,0.0,0.0,0.18,0.0,0.0,
2011-01-01,Lakshadweep,lakshadweep,,,0.16,0.0,0.0,
2011-02-01,Lakshadweep,lakshadweep,,,0.16,0.0,0.0,
2011-03-01,Lakshadweep,lakshadweep,,,0.24,0.0,0.0,
2011-04-01,Lakshadweep,lakshadweep,,,0.32,0.0,0.0,
2011-05-01,Lakshadweep,lakshadweep,,,0.4,0.0,0.0,
2011-06-01,Lakshadweep,lakshadweep,,,0.64,0.0,0.0,
2011-07-01,Lakshadweep,lakshadweep,,,1.44,0.0,0.0,
2011-08-01,Lakshadweep,lakshadweep,,,1.76,0.0,0.0,
2011-09-01,Lakshadweep,lakshadweep,,,1.44,0.0,0.0,
2011-10-01,Lakshadweep,lakshadweep,,,0.8,0.0,0.0,
2011-11-01,Lakshadweep,lakshadweep,,,0.4,0.0,0.0,
2011-12-01,Lakshadweep,lakshadweep,,,0.24,0.0,0.0,
2012-01-01,Lakshadweep,lakshadweep,,,0.18,0.0,0.0,
2012-02-01,Lakshadweep,lakshadweep,,,0.18,0.0,0.0,
2012-03-01,Lakshadweep,lakshadweep,,,0.27,0.0,0.0,
2012-04-01,Lakshadweep,lakshadweep,,,0.36,0.0,0.0,
2012-05-01,Lakshadweep,lakshadweep,,,0.45,0.0,0.0,
2012-06-01,Lakshadweep,lakshadweep,,,0.72,0.0,0.0,
2012-07-01,Lakshadweep,lakshadweep,,,1.6199999999999999,0.0,0.0,
2012-08-01,Lakshadweep,lakshadweep,,,1.98,0.0,0.0,
2012-09-01,Lakshadweep,lakshadweep,,,1.6199999999999999,0.0,0.0,
2012-10-01,Lakshadweep,lakshadweep,,,0.9,0.0,0.0,
2012-11-01,Lakshadweep,lakshadweep,,,0.45,0.0,0.0,
2012-12-01,Lakshadweep,lakshadweep,,,0.27,0.0,0.0,
2013-01-01,Lakshadweep,lakshadweep,0.0,0.0,0.16,0.0,0.0,
2013-02-01,Lakshadweep,lakshadweep,0.0,0.0,0.16,0.0,0.0,
2013-03-01,Lakshadweep,lakshadweep,0.0,0.0,0.24,0.0,0.0,
2013-04-01,Lakshadweep,lakshadweep,0.0,0.0,0.32,0.0,0.0,
2013-05-01,Lakshadweep,lakshadweep,0.0,0.0,0.4,0.0,0.0,
2013-06-01,Lakshadweep,lakshadweep,0.0,0.0,0.64,0.0,0.0,
2013-07-01,Lakshadweep,lakshadweep,0.0,0.0,1.44,0.0,0.0,
2013-08-01,Lakshadweep,lakshadweep,0.0,0.0,1.76,0.0,0.0,
2013-09-01,Lakshadweep,lakshadweep,0.0,0.0,1.44,0.0,0.0,
2013-10-01,Lakshadweep,lakshadweep,0.0,0.0,0.8,0.0,0.0,
2013-11-01,Lakshadweep,lakshadweep,0.0,0.0,0.4,0.0,0.0,
2013-12-01,Lakshadweep,lakshadweep,0.0,0.0,0.24,0.0,0.0,
2014-01-01,Lakshadweep,lakshadweep,,,0.0,0.0,0.0,
2014-02-01,Lakshadweep,lakshadweep,,,0.0,0.0,0.0,
2014-03-01,Lakshadweep,lakshadweep,,,0.0,0.0,0.0,
2014-04-01,Lakshadweep,lakshadweep,,,0.0,0.0,0.0,
2014-05-01,Lakshadweep,lakshadweep,,,0.0,0.0,0.0,
2014-06-01,Lakshadweep,lakshadweep,,,0.0,0.0,0.0,
2014-07-01,Lakshadweep,lakshadweep,,,0.0,0.0,0.0,
2014-08-01,Lakshadweep,lakshadweep,,,0.0,0.0,0.0,
2014-09-01,Lakshadweep,lakshadweep,,,0.0,0.0,0.0,
2014-10-01,Lakshadweep,lakshadweep,,,0.0,0.0,0.0,
2014-11-01,Lakshadweep,lakshadweep,,,0.0,0.0,0.0,
2014-12-01,Lakshadweep,lakshadweep,,,0.0,0.0,0.0,
2015-01-01,Lakshadweep,lakshadweep,,,0.08,0.0,0.0,
2015-02-01,Lakshadweep,lakshadweep,,,0.08,0.0,0.0,
2015-03-01,Lakshadweep,lakshadweep,,,0.12,0.0,0.0,
2015-04-01,Lakshadweep,lakshadweep,,,0.16,0.0,0.0,
2015-05-01,Lakshadweep,lakshadweep,,,0.2,0.0,0.0,
2015-06-01,Lakshadweep,lakshadweep,,,0.32,0.0,0.0,
2015-07-01,Lakshadweep,lakshadweep,,,0.72,0.0,0.0,
2015-08-01,Lakshadweep,lakshadweep,,,0.88,0.0,0.0,
2015-09-01,Lakshadweep,lakshadweep,,,0.72,0.0,0.0,
2015-10-01,Lakshadweep,lakshadweep,,,0.4,0.0,0.0,
2015-11-01,Lakshadweep,lakshadweep,,,0.2,0.0,0.0,
2015-12-01,Lakshadweep,lakshadweep,,,0.12,0.0,0.0,
2016-01-01,Lakshadweep,lakshadweep,,,0.04,0.0,0.0,
2016-02-01,Lakshadweep,lakshadweep,,,0.04,0.0,0.0,
2016-03-01,Lakshadweep,lakshadweep,,,0.06,0.0,0.0,
2016-04-01,Lakshadweep,lakshadweep,,,0.08,0.0,0.0,
2016-05-01,Lakshadweep,lakshadweep,,,0.1,0.0,0.0,
2016-06-01,Lakshadweep,lakshadweep,,,0.16,0.0,0.0,
2016-07-01,Lakshadweep,lakshadweep,,,0.36,0.0,0.0,
2016-08-01,Lakshadweep,lakshadweep,,,0.44,0.0,0.0,
2016-09-01,Lakshadweep,lakshadweep,,,0.36,0.0,0.0,
2016-10-01,Lakshadweep,lakshadweep,,,0.2,0.0,0.0,
2016-11-01,Lakshadweep,lakshadweep,,,0.1,0.0,0.0,
2016-12-01,Lakshadweep,lakshadweep,,,0.06,0.0,0.0,
2017-01-01,Lakshadweep,lakshadweep,0.0,0.0,0.02,0.0,0.0,
2017-02-01,Lakshadweep,lakshadweep,0.0,0.0,0.02,0.0,0.0,
2017-03-01,Lakshadweep,lakshadweep,0.0,0.0,0.03,0.0,0.0,
2017-04-01,Lakshadweep,lakshadweep,0.0,0.0,0.04,0.0,0.0,
2017-05-01,Lakshadweep,lakshadweep,0.0,0.0,0.05,0.0,0.0,
2017-06-01,Lakshadweep,lakshadweep,0.0,0.0,0.08,0.0,0.0,
2017-07-01,Lakshadweep,lakshadweep,0.0,0.0,0.18,0.0,0.0,
2017-08-01,Lakshadweep,lakshadweep,0.0,0.0,0.22,0.0,0.0,
2017-09-01,Lakshadweep,lakshadweep,0.0,0.0,0.18,0.0,0.0,
2017-10-01,Lakshadweep,lakshadweep,0.0,0.0,0.1,0.0,0.0,
2017-11-01,Lakshadweep,lakshadweep,0.0,0.0,0.05,0.0,0.0,
2017-12-01,Lakshadweep,lakshadweep,0.0,0.0,0.03,0.0,0.0,
2018-01-01,Lakshadweep,lakshadweep,0.0,0.0,0.1,0.0,0.0,
2018-02-01,Lakshadweep,lakshadweep,0.0,0.0,0.1,0.0,0.0,
2018-03-01,Lakshadweep,lakshadweep,0.0,0.0,0.15,0.0,0.0,
2018-04-01,Lakshadweep,lakshadweep,0.0,0.0,0.2,0.0,0.0,
2018-05-01,Lakshadweep,lakshadweep,0.0,0.0,0.25,0.0,0.0,
2018-06-01,Lakshadweep,lakshadweep,0.0,0.0,0.4,0.0,0.0,
2018-07-01,Lakshadweep,lakshadweep,0.0,0.0,0.8999999999999999,0.0,0.0,
2018-08-01,Lakshadweep,lakshadweep,0.0,0.0,1.1,0.0,0.0,
2018-09-01,Lakshadweep,lakshadweep,0.0,0.0,0.8999999999999999,0.0,0.0,
2018-10-01,Lakshadweep,lakshadweep,0.0,0.0,0.5,0.0,0.0,
2018-11-01,Lakshadweep,lakshadweep,0.0,0.0,0.25,0.0,0.0,
2018-12-01,Lakshadweep,lakshadweep,0.0,0.0,0.15,0.0,0.0,
2019-01-01,Lakshadweep,lakshadweep,0.0,0.0,0.22,0.0,0.0,
2019-02-01,Lakshadweep,lakshadweep,0.0,0.0,0.22,0.0,0.0,
2019-03-01,Lakshadweep,lakshadweep,0.0,0.0,0.32999999999999996,0.0,0.0,
2019-04-01,Lakshadweep,lakshadweep,0.0,0.0,0.44,0.0,0.0,
2019-05-01,Lakshadweep,lakshadweep,0.0,0.0,0.55,0.0,0.0,
2019-06-01,Lakshadweep,lakshadweep,0.0,0.0,0.88,0.0,0.0,
2019-07-01,Lakshadweep,lakshadweep,0.0,0.0,1.98,0.0,0.0,
2019-08-01,Lakshadweep,lakshadweep,0.0,0.0,2.42,0.0,0.0,
2019-09-01,Lakshadweep,lakshadweep,0.0,0.0,1.98,0.0,0.0,
2019-10-01,Lakshadweep,lakshadweep,0.0,0.0,1.1,0.0,0.0,
2019-11-01,Lakshadweep,lakshadweep,0.0,0.0,0.55,0.0,0.0,
2019-12-01,Lakshadweep,lakshadweep,0.0,0.0,0.32999999999999996,0.0,0.0,
2020-01-01,Lakshadweep,lakshadweep,0.0,0.0,0.12,0.0,0.0,
2020-02-01,Lakshadweep,lakshadweep,0.0,0.0,0.12,0.0,0.0,
2020-03-01,Lakshadweep,lakshadweep,0.0,0.0,0.18,0.0,0.0,
2020-04-01,Lakshadweep,lakshadweep,0.0,0.0,0.24,0.0,0.0,
2020-05-01,Lakshadweep,lakshadweep,0.0,0.0,0.30000000000000004,0.0,0.0,
2020-06-01,Lakshadweep,lakshadweep,0.0,0.0,0.48,0.0,0.0,
2020-07-01,Lakshadweep,lakshadweep,0.0,0.0,1.08,0.0,0.0,
2020-08-01,Lakshadweep,lakshadweep,0.0,0.0,1.32,0.0,0.0,
2020-09-01,Lakshadweep,lakshadweep,0.0,0.0,1.08,0.0,0.0,
2020-10-01,Lakshadweep,lakshadweep,0.0,0.0,0.6000000000000001,0.0,0.0,
2020-11-01,Lakshadweep,lakshadweep,0.0,0.0,0.30000000000000004,0.0,0.0,
2020-12-01,Lakshadweep,lakshadweep,0.0,0.0,0.18,0.0,0.0,
2021-01-01,Lakshadweep,lakshadweep,0.02,0.0,0.02,0.0,0.0,
2021-02-01,Lakshadweep,lakshadweep,0.02,0.0,0.02,0.0,0.0,
2021-03-01,Lakshadweep,lakshadweep,0.03,0.0,0.03,0.0,0.0,
2021-04-01,Lakshadweep,lakshadweep,0.04,0.0,0.04,0.0,0.0,
2021-05-01,Lakshadweep,lakshadweep,0.05,0.0,0.05,0.0,0.0,
2021-06-01,Lakshadweep,lakshadweep,0.08,0.0,0.08,0.0,0.0,
2021-07-01,Lakshadweep,lakshadweep,0.18,0.0,0.18,0.0,0.0,
2021-08-01,Lakshadweep,lakshadweep,0.22,0.0,0.22,0.0,0.0,
2021-09-01,Lakshadweep,lakshadweep,0.18,0.0,0.18,0.0,0.0,
2021-10-01,Lakshadweep,lakshadweep,0.1,0.0,0.1,0.0,0.0,
2021-11-01,Lakshadweep,lakshadweep,0.05,0.0,0.05,0.0,0.0,
2021-12-01,Lakshadweep,lakshadweep,0.03,0.0,0.03,0.0,0.0,
2022-01-01,Lakshadweep,lakshadweep,1.4000000000000001,0.0,0.0,0.0,2.14,
2022-02-01,Lakshadweep,lakshadweep,1.4000000000000001,0.0,0.0,0.0,2.14,
2022-03-01,Lakshadweep,lakshadweep,2.1,0.0,0.0,0.0,3.21,
2022-04-01,Lakshadweep,lakshadweep,2.8000000000000003,0.0,0.0,0.0,4.28,
2022-05-01,Lakshadweep,lakshadweep,3.5,0.0,0.0,0.0,5.3500000000000005,
2022-06-01,Lakshadweep,lakshadweep,5.6000000000000005,0.0,0.0,0.0,8.56,
2022-07-01,Lakshadweep,lakshadweep,12.6,0.0,0.0,0.0,19.259999999999998,
2022-08-01,Lakshadweep,lakshadweep,15.4,0.0,0.0,0.0,23.54,
2022-09-01,Lakshadweep,lakshadweep,12.6,0.0,0.0,0.0,19.259999999999998,
2022-10-01,Lakshadweep,lakshadweep,7.0,0.0,0.0,0.0,10.700000000000001,
2022-11-01,Lakshadweep,lakshadweep,3.5,0.0,0.0,0.0,5.3500000000000005,
2022-12-01,Lakshadweep,lakshadweep,2.1,0.0,0.0,0.0,3.21,
2001-01-01,Madhya Pradesh,madhya_pradesh,,,3662.36,1.62,,
2001-02-01,Madhya Pradesh,madhya_pradesh,,,3662.36,1.62,,
2001-03-01,Madhya Pradesh,madhya_pradesh,,,5493.54,2.4299999999999997,,
2001-04-01,Madhya Pradesh,madhya_pradesh,,,7324.72,3.24,,
2001-05-01,Madhya Pradesh,madhya_pradesh,,,9155.9,4.05,,
2001-06-01,Madhya Pradesh,madhya_pradesh,,,14649.44,6.48,,
2001-07-01,Madhya Pradesh,madhya_pradesh,,,32961.24,14.58,,
2001-08-01,Madhya Pradesh,madhya_pradesh,,,40285.96,17.82,,
2001-09-01,Madhya Pradesh,madhya_pradesh,,,32961.24,14.58,,
2001-10-01,Madhya Pradesh,madhya_pradesh,,,18311.8,8.1,,
2001-11-01,Madhya Pradesh,madhya_pradesh,,,9155.9,4.05,,
2001-12-01,Madhya Pradesh,madhya_pradesh,,,5493.54,2.4299999999999997,,
2002-01-01,Madhya Pradesh,madhya_pradesh,,,2176.36,0.6,,
2002-02-01,Madhya Pradesh,madhya_pradesh,,,2176.36,0.6,,
2002-03-01,Madhya Pradesh,madhya_pradesh,,,3264.54,0.8999999999999999,,
2002-04-01,Madhya Pradesh,madhya_pradesh,,,4352.72,1.2,,
2002-05-01,Madhya Pradesh,madhya_pradesh,,,5440.900000000001,1.5,,
2002-06-01,Madhya Pradesh,madhya_pradesh,,,8705.44,2.4,,
2002-07-01,Madhya Pradesh,madhya_pradesh,,,19587.239999999998,5.3999999999999995,,
2002-08-01,Madhya Pradesh,madhya_pradesh,,,23939.96,6.6,,
2002-09-01,Madhya Pradesh,madhya_pradesh,,,19587.239999999998,5.3999999999999995,,
2002-10-01,Madhya Pradesh,madhya_pradesh,,,10881.800000000001,3.0,,
2002-11-01,Madhya Pradesh,madhya_pradesh,,,5440.900000000001,1.5,,
2002-12-01,Madhya Pradesh,madhya_pradesh,,,3264.54,0.8999999999999999,,
2003-01-01,Madhya Pradesh,madhya_pradesh,,,1994.16,0.44,,
2003-02-01,Madhya Pradesh,madhya_pradesh,,,1994.16,0.44,,
2003-03-01,Madhya Pradesh,madhya_pradesh,,,2991.24,0.6599999999999999,,
2003-04-01,Madhya Pradesh,madhya_pradesh,,,3988.32,0.88,,
2003-05-01,Madhya Pradesh,madhya_pradesh,,,4985.400000000001,1.1,,
2003-06-01,Madhya Pradesh,madhya_pradesh,,,7976.64,1.76,,
2003-07-01,Madhya Pradesh,madhya_pradesh,,,17947.44,3.96,,
2003-08-01,Madhya Pradesh,madhya_pradesh,,,21935.76,4.84,,
2003-09-01,Madhya Pradesh,madhya_pradesh,,,17947.44,3.96,,
2003-10-01,Madhya Pradesh,madhya_pradesh,,,9970.800000000001,2.2,,
2003-11-01,Madhya Pradesh,madhya_pradesh,,,4985.400000000001,1.1,,
2003-12-01,Madhya Pradesh,madhya_pradesh,,,2991.24,0.6599999999999999,,
2004-01-01,Madhya Pradesh,madhya_pradesh,,,2641.88,0.72,,
2004-02-01,Madhya Pradesh,madhya_pradesh,,,2641.88,0.72,,
2004-03-01,Madhya Pradesh,madhya_pradesh,,,3962.8199999999997,1.08,,
2004-04-01,Madhya Pradesh,madhya_pradesh,,,5283.76,1.44,,
2004-05-01,Madhya Pradesh,madhya_pradesh,,,6604.700000000001,1.8,,
2004-06-01,Madhya Pradesh,madhya_pradesh,,,10567.52,2.88,,
2004-07-01,Madhya Pradesh,madhya_pradesh,,,23776.92,6.4799999999999995,,
2004-08-01,Madhya Pradesh,madhya_pradesh,,,29060.68,7.92,,
2004-09-01,Madhya Pradesh,madhya_pradesh,,,23776.92,6.4799999999999995,,
2004-10-01,Madhya Pradesh,madhya_pradesh,,,13209.400000000001,3.6,,
2004-11-01,Madhya Pradesh,madhya_pradesh,,,6604.700000000001,1.8,,
2004-12-01,Madhya Pradesh,madhya_pradesh,,,3962.8199999999997,1.08,,
2005-01-01,Madhya Pradesh,madhya_pradesh,0.0,0.0,2086.34,0.88,,
2005-02-01,Madhya Pradesh,madhya_pradesh,0.0,0.0,2086.34,0.88,,
2005-03-01,Madhya Pradesh,madhya_pradesh,0.0,0.0,3129.5099999999998,1.3199999999999998,,
2005-04-01,Madhya Pradesh,madhya_pradesh,0.0,0.0,4172.68,1.76,,
2005-05-01,Madhya Pradesh,madhya_pradesh,0.0,0.0,5215.85,2.2,,
2005-06-01,Madhya Pradesh,madhya_pradesh,0.0,0.0,8345.36,3.52,,
2005-07-01,Madhya Pradesh,madhya_pradesh,0.0,0.0,18777.059999999998,7.92,,
2005-08-01,Madhya Pradesh,madhya_pradesh,0.0,0.0,22949.74,9.68,,
2005-09-01,Madhya Pradesh,madhya_pradesh,0.0,0.0,18777.059999999998,7.92,,
2005-10-01,Madhya Pradesh,madhya_pradesh,0.0,0.0,10431.7,4.4,,
2005-11-01,Madhya Pradesh,madhya_pradesh,0.0,0.0,5215.85,2.2,,
2005-12-01,Madhya Pradesh,madhya_pradesh,0.0,0.0,3129.5099999999998,1.3199999999999998,,
2006-01-01,Madhya Pradesh,madhya_pradesh,0.32,0.0,1923.2,1.12,1202.64,
2006-02-01,Madhya Pradesh,madhya_pradesh,0.32,0.0,1923.2,1.12,1202.64,
2006-03-01,Madhya Pradesh,madhya_pradesh,0.48,0.0,2884.7999999999997,1.68,1803.96,
2006-04-01,Madhya Pradesh,madhya_pradesh,0.64,0.0,3846.4,2.24,2405.28,
2006-05-01,Madhya Pradesh,madhya_pradesh,0.8,0.0,4808.0,2.8000000000000003,3006.6000000000004,
2006-06-01,Madhya Pradesh,madhya_pradesh,1.28,0.0,7692.8,4.48,4810.56,
2006-07-01,Madhya Pradesh,madhya_pradesh,2.88,0.0,17308.8,10.08,10823.76,
2006-08-01,Madhya Pradesh,madhya_pradesh,3.52,0.0,21155.2,12.32,13229.04,
2006-09-01,Madhya Pradesh,madhya_pradesh,2.88,0.0,17308.8,10.08,10823.76,
2006-10-01,Madhya Pradesh,madhya_pradesh,1.6,0.0,9616.0,5.6000000000000005,6013.200000000001,
2006-11-01,Madhya Pradesh,madhya_pradesh,0.8,0.0,4808.0,2.8000000000000003,3006.6000000000004,
2006-12-01,Madhya Pradesh,madhya_pradesh,0.48,0.0,2884.7999999999997,1.68,1803.96,
2007-01-01,Madhya Pradesh,madhya_pradesh,1.02,0.04,1816.58,0.8200000000000001,0.0,
2007-02-01,Madhya Pradesh,madhya_pradesh,1.02,0.04,1816.58,0.8200000000000001,0.0,
2007-03-01,Madhya Pradesh,madhya_pradesh,1.53,0.06,2724.87,1.23,0.0,
2007-04-01,Madhya Pradesh,madhya_pradesh,2.04,0.08,3633.16,1.6400000000000001,0.0,
2007-05-01,Madhya Pradesh,madhya_pradesh,2.5500000000000003,0.1,4541.45,2.0500000000000003,0.0,
2007-06-01,Madhya Pradesh,madhya_pradesh,4.08,0.16,7266.32,3.2800000000000002,0.0,
2007-07-01,Madhya Pradesh,madhya_pradesh,9.18,0.36,16349.22,7.38,0.0,
2007-08-01,Madhya Pradesh,madhya_pradesh,11.22,0.44,19982.38,9.02,0.0,
2007-09-01,Madhya Pradesh,madhya_pradesh,9.18,0.36,16349.22,7.38,0.0,
2007-10-01,Madhya Pradesh,madhya_pradesh,5.1000000000000005,0.2,9082.9,4.1000000000000005,0.0,
2007-11-01,Madhya Pradesh,madhya_pradesh,2.5500000000000003,0.1,4541.45,2.0500000000000003,0.0,
2007-12-01,Madhya Pradesh,madhya_pradesh,1.53,0.06,2724.87,1.23,0.0,
2008-01-01,Madhya Pradesh,madhya_pradesh,0.06,0.0,2106.2400000000002,1.06,0.0,
2008-02-01,Madhya Pradesh,madhya_pradesh,0.06,0.0,2106.2400000000002,1.06,0.0,
2008-03-01,Madhya Pradesh,madhya_pradesh,0.09,0.0,3159.3599999999997,1.5899999999999999,0.0,
2008-04-01,Madhya Pradesh,madhya_pradesh,0.12,0.0,4212.4800000000005,2.12,0.0,
2008-05-01,Madhya Pradesh,madhya_pradesh,0.15000000000000002,0.0,5265.6,2.6500000000000004,0.0,
2008-06-01,Madhya Pradesh,madhya_pradesh,0.24,0.0,8424.960000000001,4.24,0.0,
2008-07-01,Madhya Pradesh,madhya_pradesh,0.54,0.0,18956.16,9.54,0.0,
2008-08-01,Madhya Pradesh,madhya_pradesh,0.66,0.0,23168.64,11.66,0.0,
2008-09-01,Madhya Pradesh,madhya_pradesh,0.54,0.0,18956.16,9.54,0.0,
2008-10-01,Madhya Pradesh,madhya_pradesh,0.30000000000000004,0.0,10531.2,5.300000000000001,0.0,
2008-11-01,Madhya Pradesh,madhya_pradesh,0.15000000000000002,0.0,5265.6,2.6500000000000004,0.0,
2008-12-01,Madhya Pradesh,madhya_pradesh,0.09,0.0,3159.3599999999997,1.5899999999999999,0.0,
2009-01-01,Madhya Pradesh,madhya_pradesh,29.34,0.1,1752.56,0.52,0.6,
2009-02-01,Madhya Pradesh,madhya_pradesh,29.34,0.1,1752.56,0.52,0.6,
2009-03-01,Madhya Pradesh,madhya_pradesh,44.01,0.15,2628.8399999999997,0.78,0.8999999999999999,
2009-04-01,Madhya Pradesh,madhya_pradesh,58.68,0.2,3505.12,1.04,1.2,
2009-05-01,Madhya Pradesh,madhya_pradesh,73.35000000000001,0.25,4381.400000000001,1.3,1.5,
2009-06-01,Madhya Pradesh,madhya_pradesh,117.36,0.4,7010.24,2.08,2.4,
2009-07-01,Madhya Pradesh,madhya_pradesh,264.06,0.8999999999999999,15773.039999999999,4.68,5.3999999999999995,
2009-08-01,Madhya Pradesh,madhya_pradesh,322.74,1.1,19278.16,5.72,6.6,
2009-09-01,Madhya Pradesh,madhya_pradesh,264.06,0.8999999999999999,15773.039999999999,4.68,5.3999999999999995,
2009-10-01,Madhya Pradesh,madhya_pradesh,146.70000000000002,0.5,8762.800000000001,2.6,3.0,
2009-11-01,Madhya Pradesh,madhya_pradesh,73.35000000000001,0.25,4381.400000000001,1.3,1.5,
2009-12-01,Madhya Pradesh,madhya_pradesh,44.01,0.15,2628.8399999999997,0.78,0.8999999999999999,
2010-01-01,Madhya Pradesh,madhya_pradesh,3.5,0.02,1743.3,0.62,2.2600000000000002,
2010-02-01,Madhya Pradesh,madhya_pradesh,3.5,0.02,1743.3,0.62,2.2600000000000002,
2010-03-01,Madhya Pradesh,madhya_pradesh,5.25,0.03,2614.95,0.9299999999999999,3.3899999999999997,
2010-04-01,Madhya Pradesh,madhya_pradesh,7.0,0.04,3486.6,1.24,4.5200000000000005,
2010-05-01,Madhya Pradesh,madhya_pradesh,8.75,0.05,4358.25,1.55,5.65,
2010-06-01,Madhya Pradesh,madhya_pradesh,14.0,0.08,6973.2,2.48,9.040000000000001,
2010-07-01,Madhya Pradesh,madhya_pradesh,31.5,0.18,15689.699999999999,5.58,20.34,
2010-08-01,Madhya Pradesh,madhya_pradesh,38.5,0.22,19176.3,6.82,24.86,
2010-09-01,Madhya Pradesh,madhya_pradesh,31.5,0.18,15689.699999999999,5.58,20.34,
2010-10-01,Madhya Pradesh,madhya_pradesh,17.5,0.1,8716.5,3.1,11.3,
2010-11-01,Madhya Pradesh,madhya_pradesh,8.75,0.05,4358.25,1.55,5.65,
2010-12-01,Madhya Pradesh,madhya_pradesh,5.25,0.03,2614.95,0.9299999999999999,3.3899999999999997,
2011-01-01,Madhya Pradesh,madhya_pradesh,1.0,0.0,1837.02,2.18,5.6000000000000005,
2011-02-01,Madhya Pradesh,madhya_pradesh,1.0,0.0,1837.02,2.18,5.6000000000000005,
2011-03-01,Madhya Pradesh,madhya_pradesh,1.5,0.0,2755.5299999999997,3.27,8.4,
2011-04-01,Madhya Pradesh,madhya_pradesh,2.0,0.0,3674.04,4.36,11.200000000000001,
2011-05-01,Madhya Pradesh,madhya_pradesh,2.5,0.0,4592.55,5.45,14.0,
2011-06-01,Madhya Pradesh,madhya_pradesh,4.0,0.0,7348.08,8.72,22.400000000000002,
2011-07-01,Madhya Pradesh,madhya_pradesh,9.0,0.0,16533.18,19.62,50.4,
2011-08-01,Madhya Pradesh,madhya_pradesh,11.0,0.0,20207.22,23.98,61.6,
2011-09-01,Madhya Pradesh,madhya_pradesh,9.0,0.0,16533.18,19.62,50.4,
2011-10-01,Madhya Pradesh,madhya_pradesh,5.0,0.0,9185.1,10.9,28.0,
2011-11-01,Madhya Pradesh,madhya_pradesh,2.5,0.0,4592.55,5.45,14.0,
2011-12-01,Madhya Pradesh,madhya_pradesh,1.5,0.0,2755.5299999999997,3.27,8.4,
2012-01-01,Madhya Pradesh,madhya_pradesh,4.78,0.12,1530.76,0.86,0.4,
2012-02-01,Madhya Pradesh,madhya_pradesh,4.78,0.12,1530.76,0.86,0.4,
2012-03-01,Madhya Pradesh,madhya_pradesh,7.17,0.18,2296.14,1.29,0.6,
2012-04-01,Madhya Pradesh,madhya_pradesh,9.56,0.24,3061.52,1.72,0.8,
2012-05-01,Madhya Pradesh,madhya_pradesh,11.950000000000001,0.30000000000000004,3826.9,2.15,1.0,
2012-06-01,Madhya Pradesh,madhya_pradesh,19.12,0.48,6123.04,3.44,1.6,
2012-07-01,Madhya Pradesh,madhya_pradesh,43.019999999999996,1.08,13776.84,7.739999999999999,3.5999999999999996,
2012-08-01,Madhya Pradesh,madhya_pradesh,52.58,1.32,16838.36,9.46,4.4,
2012-09-01,Madhya Pradesh,madhya_pradesh,43.019999999999996,1.08,13776.84,7.739999999999999,3.5999999999999996,
2012-10-01,Madhya Pradesh,madhya_pradesh,23.900000000000002,0.6000000000000001,7653.8,4.3,2.0,
2012-11-01,Madhya Pradesh,madhya_pradesh,11.950000000000001,0.30000000000000004,3826.9,2.15,1.0,
2012-12-01,Madhya Pradesh,madhya_pradesh,7.17,0.18,2296.14,1.29,0.6,
2013-01-01,Madhya Pradesh,madhya_pradesh,25.1,0.18,1565.2,0.98,2.7800000000000002,
2013-02-01,Madhya Pradesh,madhya_pradesh,25.1,0.18,1565.2,0.98,2.7800000000000002,
2013-03-01,Madhya Pradesh,madhya_pradesh,37.65,0.27,2347.7999999999997,1.47,4.17,
2013-04-01,Madhya Pradesh,madhya_pradesh,50.2,0.36,3130.4,1.96,5.5600000000000005,
2013-05-01,Madhya Pradesh,madhya_pradesh,62.75,0.45,3913.0,2.45,6.95,
2013-06-01,Madhya Pradesh,madhya_pradesh,100.4,0.72,6260.8,3.92,11.120000000000001,
2013-07-01,Madhya Pradesh,madhya_pradesh,225.9,1.6199999999999999,14086.8,8.82,25.02,
2013-08-01,Madhya Pradesh,madhya_pradesh,276.1,1.98,17217.2,10.78,30.580000000000002,
2013-09-01,Madhya Pradesh,madhya_pradesh,225.9,1.6199999999999999,14086.8,8.82,25.02,
2013-10-01,Madhya Pradesh,madhya_pradesh,125.5,0.9,7826.0,4.9,13.9,
2013-11-01,Madhya Pradesh,madhya_pradesh,62.75,0.45,3913.0,2.45,6.95,
2013-12-01,Madhya Pradesh,madhya_pradesh,37.65,0.27,2347.7999999999997,1.47,4.17,
2014-01-01,Madhya Pradesh,madhya_pradesh,,,1937.58,0.52,3.22,
2014-02-01,Madhya Pradesh,madhya_pradesh,,,1937.58,0.52,3.22,
2014-03-01,Madhya Pradesh,madhya_pradesh,,,2906.37,0.78,4.83,
2014-04-01,Madhya Pradesh,madhya_pradesh,,,3875.16,1.04,6.44,
2014-05-01,Madhya Pradesh,madhya_pradesh,,,4843.95,1.3,8.05,
2014-06-01,Madhya Pradesh,madhya_pradesh,,,7750.32,2.08,12.88,
2014-07-01,Madhya Pradesh,madhya_pradesh,,,17438.22,4.68,28.98,
2014-08-01,Madhya Pradesh,madhya_pradesh,,,21313.38,5.72,35.42,
2014-09-01,Madhya Pradesh,madhya_pradesh,,,17438.22,4.68,28.98,
2014-10-01,Madhya Pradesh,madhya_pradesh,,,9687.9,2.6,16.1,
2014-11-01,Madhya Pradesh,madhya_pradesh,,,4843.95,1.3,8.05,
2014-12-01,Madhya Pradesh,madhya_pradesh,,,2906.37,0.78,4.83,
2015-01-01,Madhya Pradesh,madhya_pradesh,,,2011.94,0.48,1.34,
2015-02-01,Madhya Pradesh,madhya_pradesh,,,2011.94,0.48,1.34,
2015-03-01,Madhya Pradesh,madhya_pradesh,,,3017.91,0.72,2.01,
2015-04-01,Madhya Pradesh,madhya_pradesh,,,4023.88,0.96,2.68,
2015-05-01,Madhya Pradesh,madhya_pradesh,,,5029.85,1.2000000000000002,3.35,
2015-06-01,Madhya Pradesh,madhya_pradesh,,,8047.76,1.92,5.36,
2015-07-01,Madhya Pradesh,madhya_pradesh,,,18107.46,4.32,12.059999999999999,
2015-08-01,Madhya Pradesh,madhya_pradesh,,,22131.34,5.28,14.74,
2015-09-01,Madhya Pradesh,madhya_pradesh,,,18107.46,4.32,12.059999999999999,
2015-10-01,Madhya Pradesh,madhya_pradesh,,,10059.7,2.4000000000000004,6.7,
2015-11-01,Madhya Pradesh,madhya_pradesh,,,5029.85,1.2000000000000002,3.35,
2015-12-01,Madhya Pradesh,madhya_pradesh,,,3017.91,0.72,2.01,
2016-01-01,Madhya Pradesh,madhya_pradesh,,,1382.1200000000001,0.06,45.6,
2016-02-01,Madhya Pradesh,madhya_pradesh,,,1382.1200000000001,0.06,45.6,
2016-03-01,Madhya Pradesh,madhya_pradesh,,,2073.18,0.09,68.39999999999999,
2016-04-01,Madhya Pradesh,madhya_pradesh,,,2764.2400000000002,0.12,91.2,
2016-05-01,Madhya Pradesh,madhya_pradesh,,,3455.3,0.15000000000000002,114.0,
2016-06-01,Madhya Pradesh,madhya_pradesh,,,5528.4800000000005,0.24,182.4,
2016-07-01,Madhya Pradesh,madhya_pradesh,,,12439.08,0.54,410.4,
2016-08-01,Madhya Pradesh,madhya_pradesh,,,15203.32,0.66,501.6,
2016-09-01,Madhya Pradesh,madhya_pradesh,,,12439.08,0.54,410.4,
2016-10-01,Madhya Pradesh,madhya_pradesh,,,6910.6,0.30000000000000004,228.0,
2016-11-01,Madhya Pradesh,madhya_pradesh,,,3455.3,0.15000000000000002,114.0,
2016-12-01,Madhya Pradesh,madhya_pradesh,,,2073.18,0.09,68.39999999999999,
2017-01-01,Madhya Pradesh,madhya_pradesh,53.32,0.12,950.82,0.1,49.54,
2017-02-01,Madhya Pradesh,madhya_pradesh,53.32,0.12,950.82,0.1,49.54,
2017-03-01,Madhya Pradesh,madhya_pradesh,79.98,0.18,1426.23,0.15,74.31,
2017-04-01,Madhya Pradesh,madhya_pradesh,106.64,0.24,1901.64,0.2,99.08,
2017-05-01,Madhya Pradesh,madhya_pradesh,133.3,0.30000000000000004,2377.05,0.25,123.85000000000001,
2017-06-01,Madhya Pradesh,madhya_pradesh,213.28,0.48,3803.28,0.4,198.16,
2017-07-01,Madhya Pradesh,madhya_pradesh,479.88,1.08,8557.38,0.8999999999999999,445.85999999999996,
2017-08-01,Madhya Pradesh,madhya_pradesh,586.52,1.32,10459.02,1.1,544.94,
2017-09-01,Madhya Pradesh,madhya_pradesh,479.88,1.08,8557.38,0.8999999999999999,445.85999999999996,
2017-10-01,Madhya Pradesh,madhya_pradesh,266.6,0.6000000000000001,4754.1,0.5,247.70000000000002,
2017-11-01,Madhya Pradesh,madhya_pradesh,133.3,0.30000000000000004,2377.05,0.25,123.85000000000001,
2017-12-01,Madhya Pradesh,madhya_pradesh,79.98,0.18,1426.23,0.15,74.31,
2018-01-01,Madhya Pradesh,madhya_pradesh,90.12,0.1,445.58,0.02,64.22,
2018-02-01,Madhya Pradesh,madhya_pradesh,90.12,0.1,445.58,0.02,64.22,
2018-03-01,Madhya Pradesh,madhya_pradesh,135.18,0.15,668.37,0.03,96.33,
2018-04-01,Madhya Pradesh,madhya_pradesh,180.24,0.2,891.16,0.04,128.44,
2018-05-01,Madhya Pradesh,madhya_pradesh,225.3,0.25,1113.95,0.05,160.55,
2018-06-01,Madhya Pradesh,madhya_pradesh,360.48,0.4,1782.32,0.08,256.88,
2018-07-01,Madhya Pradesh,madhya_pradesh,811.0799999999999,0.8999999999999999,4010.22,0.18,577.98,
2018-08-01,Madhya Pradesh,madhya_pradesh,991.32,1.1,4901.38,0.22,706.42,
2018-09-01,Madhya Pradesh,madhya_pradesh,811.0799999999999,0.8999999999999999,4010.22,0.18,577.98,
2018-10-01,Madhya Pradesh,madhya_pradesh,450.6,0.5,2227.9,0.1,321.1,
2018-11-01,Madhya Pradesh,madhya_pradesh,225.3,0.25,1113.95,0.05,160.55,
2018-12-01,Madhya Pradesh,madhya_pradesh,135.18,0.15,668.37,0.03,96.33,
2019-01-01,Madhya Pradesh,madhya_pradesh,83.78,0.04,282.94,0.06,54.980000000000004,
2019-02-01,Madhya Pradesh,madhya_pradesh,83.78,0.04,282.94,0.06,54.980000000000004,
2019-03-01,Madhya Pradesh,madhya_pradesh,125.67,0.06,424.40999999999997,0.09,82.47,
2019-04-01,Madhya Pradesh,madhya_pradesh,167.56,0.08,565.88,0.12,109.96000000000001,
2019-05-01,Madhya Pradesh,madhya_pradesh,209.45000000000002,0.1,707.35,0.15000000000000002,137.45000000000002,
2019-06-01,Madhya Pradesh,madhya_pradesh,335.12,0.16,1131.76,0.24,219.92000000000002,
2019-07-01,Madhya Pradesh,madhya_pradesh,754.02,0.36,2546.46,0.54,494.82,
2019-08-01,Madhya Pradesh,madhya_pradesh,921.58,0.44,3112.34,0.66,604.78,
2019-09-01,Madhya Pradesh,madhya_pradesh,754.02,0.36,2546.46,0.54,494.82,
2019-10-01,Madhya Pradesh,madhya_pradesh,418.90000000000003,0.2,1414.7,0.30000000000000004,274.90000000000003,
2019-11-01,Madhya Pradesh,madhya_pradesh,209.45000000000002,0.1,707.35,0.15000000000000002,137.45000000000002,
2019-12-01,Madhya Pradesh,madhya_pradesh,125.67,0.06,424.40999999999997,0.09,82.47,
2020-01-01,Madhya Pradesh,madhya_pradesh,16.12,0.0,135.2,0.02,37.42,
2020-02-01,Madhya Pradesh,madhya_pradesh,16.12,0.0,135.2,0.02,37.42,
2020-03-01,Madhya Pradesh,madhya_pradesh,24.18,0.0,202.79999999999998,0.03,56.129999999999995,
2020-04-01,Madhya Pradesh,madhya_pradesh,32.24,0.0,270.4,0.04,74.84,
2020-05-01,Madhya Pradesh,madhya_pradesh,40.300000000000004,0.0,338.0,0.05,93.55000000000001,
2020-06-01,Madhya Pradesh,madhya_pradesh,64.48,0.0,540.8,0.08,149.68,
2020-07-01,Madhya Pradesh,madhya_pradesh,145.07999999999998,0.0,1216.8,0.18,336.78,
2020-08-01,Madhya Pradesh,madhya_pradesh,177.32,0.0,1487.2,0.22,411.62,
2020-09-01,Madhya Pradesh,madhya_pradesh,145.07999999999998,0.0,1216.8,0.18,336.78,
2020-10-01,Madhya Pradesh,madhya_pradesh,80.60000000000001,0.0,676.0,0.1,187.10000000000002,
2020-11-01,Madhya Pradesh,madhya_pradesh,40.300000000000004,0.0,338.0,0.05,93.55000000000001,
2020-12-01,Madhya Pradesh,madhya_pradesh,24.18,0.0,202.79999999999998,0.03,56.129999999999995,
2021-01-01,Madhya Pradesh,madhya_pradesh,311.84000000000003,0.22,63.620000000000005,0.04,76.44,
2021-02-01,Madhya Pradesh,madhya_pradesh,311.84000000000003,0.22,63.620000000000005,0.04,76.44,
2021-03-01,Madhya Pradesh,madhya_pradesh,467.76,0.32999999999999996,95.42999999999999,0.06,114.66,
2021-04-01,Madhya Pradesh,madhya_pradesh,623.6800000000001,0.44,127.24000000000001,0.08,152.88,
2021-05-01,Madhya Pradesh,madhya_pradesh,779.6,0.55,159.05,0.1,191.10000000000002,
2021-06-01,Madhya Pradesh,madhya_pradesh,1247.3600000000001,0.88,254.48000000000002,0.16,305.76,
2021-07-01,Madhya Pradesh,madhya_pradesh,2806.56,1.98,572.5799999999999,0.36,687.9599999999999,
2021-08-01,Madhya Pradesh,madhya_pradesh,3430.2400000000002,2.42,699.82,0.44,840.84,
2021-09-01,Madhya Pradesh,madhya_pradesh,2806.56,1.98,572.5799999999999,0.36,687.9599999999999,
2021-10-01,Madhya Pradesh,madhya_pradesh,1559.2,1.1,318.1,0.2,382.20000000000005,
2021-11-01,Madhya Pradesh,madhya_pradesh,779.6,0.55,159.05,0.1,191.10000000000002,
2021-12-01,Madhya Pradesh,madhya_pradesh,467.76,0.32999999999999996,95.42999999999999,0.06,114.66,
2022-01-01,Madhya Pradesh,madhya_pradesh,64.1,0.04,74.38,0.0,85.84,
2022-02-01,Madhya Pradesh,madhya_pradesh,64.1,0.04,74.38,0.0,85.84,
2022-03-01,Madhya Pradesh,madhya_pradesh,96.14999999999999,0.06,111.57,0.0,128.76,
2022-04-01,Madhya Pradesh,madhya_pradesh,128.2,0.08,148.76,0.0,171.68,
2022-05-01,Madhya Pradesh,madhya_pradesh,160.25,0.1,185.95000000000002,0.0,214.60000000000002,
2022-06-01,Madhya Pradesh,madhya_pradesh,256.4,0.16,297.52,0.0,343.36,
2022-07-01,Madhya Pradesh,madhya_pradesh,576.9,0.36,669.42,0.0,772.56,
2022-08-01,Madhya Pradesh,madhya_pradesh,705.1,0.44,818.18,0.0,944.24,
2022-09-01,Madhya Pradesh,madhya_pradesh,576.9,0.36,669.42,0.0,772.56,
2022-10-01,Madhya Pradesh,madhya_pradesh,320.5,0.2,371.90000000000003,0.0,429.20000000000005,
2022-11-01,Madhya Pradesh,madhya_pradesh,160.25,0.1,185.95000000000002,0.0,214.60000000000002,
2022-12-01,Madhya Pradesh,madhya_pradesh,96.14999999999999,0.06,111.57,0.0,128.76,
1999-01-01,Maharashtra,maharashtra,1.18,0.24,,,,
1999-02-01,Maharashtra,maharashtra,1.18,0.24,,,,
1999-03-01,Maharashtra,maharashtra,1.77,0.36,,,,
1999-04-01,Maharashtra,maharashtra,2.36,0.48,,,,
1999-05-01,Maharashtra,maharashtra,2.95,0.6000000000000001,,,,
1999-06-01,Maharashtra,maharashtra,4.72,0.96,,,,
1999-07-01,Maharashtra,maharashtra,10.62,2.16,,,,
1999-08-01,Maharashtra,maharashtra,12.98,2.64,,,,
1999-09-01,Maharashtra,maharashtra,10.62,2.16,,,,
1999-10-01,Maharashtra,maharashtra,5.9,1.2000000000000002,,,,
1999-11-01,Maharashtra,maharashtra,2.95,0.6000000000000001,,,,
1999-12-01,Maharashtra,maharashtra,1.77,0.36,,,,
2000-01-01,Maharashtra,maharashtra,1.32,0.06,,,,
2000-02-01,Maharashtra,maharashtra,1.32,0.06,,,,
2000-03-01,Maharashtra,maharashtra,1.98,0.09,,,,
2000-04-01,Maharashtra,maharashtra,2.64,0.12,,,,
2000-05-01,Maharashtra,maharashtra,3.3000000000000003,0.15000000000000002,,,,
2000-06-01,Maharashtra,maharashtra,5.28,0.24,,,,
2000-07-01,Maharashtra,maharashtra,11.879999999999999,0.54,,,,
2000-08-01,Maharashtra,maharashtra,14.52,0.66,,,,
2000-09-01,Maharashtra,maharashtra,11.879999999999999,0.54,,,,
2000-10-01,Maharashtra,maharashtra,6.6000000000000005,0.30000000000000004,,,,
2000-11-01,Maharashtra,maharashtra,3.3000000000000003,0.15000000000000002,,,,
2000-12-01,Maharashtra,maharashtra,1.98,0.09,,,,
2001-01-01,Maharashtra,maharashtra,1.08,0.04,1120.8600000000001,1.0,,
2001-02-01,Maharashtra,maharashtra,1.08,0.04,1120.8600000000001,1.0,,
2001-03-01,Maharashtra,maharashtra,1.6199999999999999,0.06,1681.29,1.5,,
2001-04-01,Maharashtra,maharashtra,2.16,0.08,2241.7200000000003,2.0,,
2001-05-01,Maharashtra,maharashtra,2.7,0.1,2802.15,2.5,,
2001-06-01,Maharashtra,maharashtra,4.32,0.16,4483.4400000000005,4.0,,
2001-07-01,Maharashtra,maharashtra,9.719999999999999,0.36,10087.74,9.0,,
2001-08-01,Maharashtra,maharashtra,11.88,0.44,12329.460000000001,11.0,,
2001-09-01,Maharashtra,maharashtra,9.719999999999999,0.36,10087.74,9.0,,
2001-10-01,Maharashtra,maharashtra,5.4,0.2,5604.3,5.0,,
2001-11-01,Maharashtra,maharashtra,2.7,0.1,2802.15,2.5,,
2001-12-01,Maharashtra,maharashtra,1.6199999999999999,0.06,1681.29,1.5,,
2002-01-01,Maharashtra,maharashtra,7.4,0.36,911.36,0.86,,
2002-02-01,Maharashtra,maharashtra,7.4,0.36,911.36,0.86,,
2002-03-01,Maharashtra,maharashtra,11.1,0.54,1367.04,1.29,,
2002-04-01,Maharashtra,maharashtra,14.8,0.72,1822.72,1.72,,
2002-05-01,Maharashtra,maharashtra,18.5,0.9,2278.4,2.15,,
2002-06-01,Maharashtra,maharashtra,29.6,1.44,3645.44,3.44,,
2002-07-01,Maharashtra,maharashtra,66.6,3.2399999999999998,8202.24,7.739999999999999,,
2002-08-01,Maharashtra,maharashtra,81.4,3.96,10024.960000000001,9.46,,
2002-09-01,Maharashtra,maharashtra,66.6,3.2399999999999998,8202.24,7.739999999999999,,
2002-10-01,Maharashtra,maharashtra,37.0,1.8,4556.8,4.3,,
2002-11-01,Maharashtra,maharashtra,18.5,0.9,2278.4,2.15,,
2002-12-01,Maharashtra,maharashtra,11.1,0.54,1367.04,1.29,,
2003-01-01,Maharashtra,maharashtra,15.44,0.9,1258.94,1.7,,
2003-02-01,Maharashtra,maharashtra,15.44,0.9,1258.94,1.7,,
2003-03-01,Maharashtra,maharashtra,23.16,1.3499999999999999,1888.4099999999999,2.55,,
2003-04-01,Maharashtra,maharashtra,30.88,1.8,2517.88,3.4,,
2003-05-01,Maharashtra,maharashtra,38.6,2.25,3147.3500000000004,4.25,,
2003-06-01,Maharashtra,maharashtra,61.76,3.6,5035.76,6.8,,
2003-07-01,Maharashtra,maharashtra,138.96,8.1,11330.46,15.299999999999999,,
2003-08-01,Maharashtra,maharashtra,169.84,9.9,13848.34,18.7,,
2003-09-01,Maharashtra,maharashtra,138.96,8.1,11330.46,15.299999999999999,,
2003-10-01,Maharashtra,maharashtra,77.2,4.5,6294.700000000001,8.5,,
2003-11-01,Maharashtra,maharashtra,38.6,2.25,3147.3500000000004,4.25,,
2003-12-01,Maharashtra,maharashtra,23.16,1.3499999999999999,1888.4099999999999,2.55,,
2004-01-01,Maharashtra,maharashtra,17.12,0.44,1379.76,1.22,,
2004-02-01,Maharashtra,maharashtra,17.12,0.44,1379.76,1.22,,
2004-03-01,Maharashtra,maharashtra,25.68,0.6599999999999999,2069.64,1.8299999999999998,,
2004-04-01,Maharashtra,maharashtra,34.24,0.88,2759.52,2.44,,
2004-05-01,Maharashtra,maharashtra,42.800000000000004,1.1,3449.4,3.0500000000000003,,
2004-06-01,Maharashtra,maharashtra,68.48,1.76,5519.04,4.88,,
2004-07-01,Maharashtra,maharashtra,154.07999999999998,3.96,12417.84,10.98,,
2004-08-01,Maharashtra,maharashtra,188.32,4.84,15177.36,13.42,,
2004-09-01,Maharashtra,maharashtra,154.07999999999998,3.96,12417.84,10.98,,
2004-10-01,Maharashtra,maharashtra,85.60000000000001,2.2,6898.8,6.1000000000000005,,
2004-11-01,Maharashtra,maharashtra,42.800000000000004,1.1,3449.4,3.0500000000000003,,
2004-12-01,Maharashtra,maharashtra,25.68,0.6599999999999999,2069.64,1.8299999999999998,,
2005-01-01,Maharashtra,maharashtra,6.98,1.12,952.16,2.08,,
2005-02-01,Maharashtra,maharashtra,6.98,1.12,952.16,2.08,,
2005-03-01,Maharashtra,maharashtra,10.469999999999999,1.68,1428.24,3.12,,
2005-04-01,Maharashtra,maharashtra,13.96,2.24,1904.32,4.16,,
2005-05-01,Maharashtra,maharashtra,17.45,2.8000000000000003,2380.4,5.2,,
2005-06-01,Maharashtra,maharashtra,27.92,4.48,3808.64,8.32,,
2005-07-01,Maharashtra,maharashtra,62.82,10.08,8569.44,18.72,,
2005-08-01,Maharashtra,maharashtra,76.78,12.32,10473.76,22.88,,
2005-09-01,Maharashtra,maharashtra,62.82,10.08,8569.44,18.72,,
2005-10-01,Maharashtra,maharashtra,34.9,5.6000000000000005,4760.8,10.4,,
2005-11-01,Maharashtra,maharashtra,17.45,2.8000000000000003,2380.4,5.2,,
2005-12-01,Maharashtra,maharashtra,10.469999999999999,1.68,1428.24,3.12,,
2006-01-01,Maharashtra,maharashtra,14.72,0.5,1088.4,2.66,5402.32,
2006-02-01,Maharashtra,maharashtra,14.72,0.5,1088.4,2.66,5402.32,
2006-03-01,Maharashtra,maharashtra,22.08,0.75,1632.6,3.9899999999999998,8103.48,
2006-04-01,Maharashtra,maharashtra,29.44,1.0,2176.8,5.32,10804.64,
2006-05-01,Maharashtra,maharashtra,36.800000000000004,1.25,2721.0,6.65,13505.800000000001,
2006-06-01,Maharashtra,maharashtra,58.88,2.0,4353.6,10.64,21609.28,
2006-07-01,Maharashtra,maharashtra,132.48,4.5,9795.6,23.939999999999998,48620.88,
2006-08-01,Maharashtra,maharashtra,161.92,5.5,11972.4,29.26,59425.52,
2006-09-01,Maharashtra,maharashtra,132.48,4.5,9795.6,23.939999999999998,48620.88,
2006-10-01,Maharashtra,maharashtra,73.60000000000001,2.5,5442.0,13.3,27011.600000000002,
2006-11-01,Maharashtra,maharashtra,36.800000000000004,1.25,2721.0,6.65,13505.800000000001,
2006-12-01,Maharashtra,maharashtra,22.08,0.75,1632.6,3.9899999999999998,8103.48,
2007-01-01,Maharashtra,maharashtra,12.280000000000001,0.42,1357.0,3.64,35.04,
2007-02-01,Maharashtra,maharashtra,12.280000000000001,0.42,1357.0,3.64,35.04,
2007-03-01,Maharashtra,maharashtra,18.419999999999998,0.63,2035.5,5.46,52.559999999999995,
2007-04-01,Maharashtra,maharashtra,24.560000000000002,0.84,2714.0,7.28,70.08,
2007-05-01,Maharashtra,maharashtra,30.700000000000003,1.05,3392.5,9.1,87.60000000000001,
2007-06-01,Maharashtra,maharashtra,49.120000000000005,1.68,5428.0,14.56,140.16,
2007-07-01,Maharashtra,maharashtra,110.52,3.78,12213.0,32.76,315.36,
2007-08-01,Maharashtra,maharashtra,135.08,4.62,14927.0,40.04,385.44,
2007-09-01,Maharashtra,maharashtra,110.52,3.78,12213.0,32.76,315.36,
2007-10-01,Maharashtra,maharashtra,61.400000000000006,2.1,6785.0,18.2,175.20000000000002,
2007-11-01,Maharashtra,maharashtra,30.700000000000003,1.05,3392.5,9.1,87.60000000000001,
2007-12-01,Maharashtra,maharashtra,18.419999999999998,0.63,2035.5,5.46,52.559999999999995,
2008-01-01,Maharashtra,maharashtra,14.86,0.44,1346.66,2.96,17.06,
2008-02-01,Maharashtra,maharashtra,14.86,0.44,1346.66,2.96,17.06,
2008-03-01,Maharashtra,maharashtra,22.29,0.6599999999999999,2019.99,4.4399999999999995,25.59,
2008-04-01,Maharashtra,maharashtra,29.72,0.88,2693.32,5.92,34.12,
2008-05-01,Maharashtra,maharashtra,37.15,1.1,3366.65,7.4,42.650000000000006,
2008-06-01,Maharashtra,maharashtra,59.44,1.76,5386.64,11.84,68.24,
2008-07-01,Maharashtra,maharashtra,133.74,3.96,12119.939999999999,26.64,153.54,
2008-08-01,Maharashtra,maharashtra,163.46,4.84,14813.26,32.56,187.66,
2008-09-01,Maharashtra,maharashtra,133.74,3.96,12119.939999999999,26.64,153.54,
2008-10-01,Maharashtra,maharashtra,74.3,2.2,6733.3,14.8,85.30000000000001,
2008-11-01,Maharashtra,maharashtra,37.15,1.1,3366.65,7.4,42.650000000000006,
2008-12-01,Maharashtra,maharashtra,22.29,0.6599999999999999,2019.99,4.4399999999999995,25.59,
2009-01-01,Maharashtra,maharashtra,45.1,0.4,1876.3600000000001,4.54,31.88,
2009-02-01,Maharashtra,maharashtra,45.1,0.4,1876.3600000000001,4.54,31.88,
2009-03-01,Maharashtra,maharashtra,67.64999999999999,0.6,2814.54,6.81,47.82,
2009-04-01,Maharashtra,maharashtra,90.2,0.8,3752.7200000000003,9.08,63.76,
2009-05-01,Maharashtra,maharashtra,112.75,1.0,4690.900000000001,11.350000000000001,79.7,
2009-06-01,Maharashtra,maharashtra,180.4,1.6,7505.4400000000005,18.16,127.52,
2009-07-01,Maharashtra,maharashtra,405.9,3.5999999999999996,16887.239999999998,40.86,286.92,
2009-08-01,Maharashtra,maharashtra,496.1,4.4,20639.96,49.94,350.68,
2009-09-01,Maharashtra,maharashtra,405.9,3.5999999999999996,16887.239999999998,40.86,286.92,
2009-10-01,Maharashtra,maharashtra,225.5,2.0,9381.800000000001,22.700000000000003,159.4,
2009-11-01,Maharashtra,maharashtra,112.75,1.0,4690.900000000001,11.350000000000001,79.7,
2009-12-01,Maharashtra,maharashtra,67.64999999999999,0.6,2814.54,6.81,47.82,
2010-01-01,Maharashtra,maharashtra,29.78,0.1,2783.96,4.0,148.62,
2010-02-01,Maharashtra,maharashtra,29.78,0.1,2783.96,4.0,148.62,
2010-03-01,Maharashtra,maharashtra,44.67,0.15,4175.94,6.0,222.92999999999998,
2010-04-01,Maharashtra,maharashtra,59.56,0.2,5567.92,8.0,297.24,
2010-05-01,Maharashtra,maharashtra,74.45,0.25,6959.900000000001,10.0,371.55,
2010-06-01,Maharashtra,maharashtra,119.12,0.4,11135.84,16.0,594.48,
2010-07-01,Maharashtra,maharashtra,268.02,0.8999999999999999,25055.64,36.0,1337.58,
2010-08-01,Maharashtra,maharashtra,327.58,1.1,30623.56,44.0,1634.82,
2010-09-01,Maharashtra,maharashtra,268.02,0.8999999999999999,25055.64,36.0,1337.58,
2010-10-01,Maharashtra,maharashtra,148.9,0.5,13919.800000000001,20.0,743.1,
2010-11-01,Maharashtra,maharashtra,74.45,0.25,6959.900000000001,10.0,371.55,
2010-12-01,Maharashtra,maharashtra,44.67,0.15,4175.94,6.0,222.92999999999998,
2011-01-01,Maharashtra,maharashtra,22.76,0.5,1931.54,2.36,102.26,
2011-02-01,Maharashtra,maharashtra,22.76,0.5,1931.54,2.36,102.26,
2011-03-01,Maharashtra,maharashtra,34.14,0.75,2897.31,3.54,153.39,
2011-04-01,Maharashtra,maharashtra,45.52,1.0,3863.08,4.72,204.52,
2011-05-01,Maharashtra,maharashtra,56.900000000000006,1.25,4828.85,5.9,255.65,
2011-06-01,Maharashtra,maharashtra,91.04,2.0,7726.16,9.44,409.04,
2011-07-01,Maharashtra,maharashtra,204.84,4.5,17383.86,21.24,920.3399999999999,
2011-08-01,Maharashtra,maharashtra,250.36,5.5,21246.94,25.96,1124.86,
2011-09-01,Maharashtra,maharashtra,204.84,4.5,17383.86,21.24,920.3399999999999,
2011-10-01,Maharashtra,maharashtra,113.80000000000001,2.5,9657.7,11.8,511.3,
2011-11-01,Maharashtra,maharashtra,56.900000000000006,1.25,4828.85,5.9,255.65,
2011-12-01,Maharashtra,maharashtra,34.14,0.75,2897.31,3.54,153.39,
2012-01-01,Maharashtra,maharashtra,58.620000000000005,1.18,1170.34,1.92,30.88,
2012-02-01,Maharashtra,maharashtra,58.620000000000005,1.18,1170.34,1.92,30.88,
2012-03-01,Maharashtra,maharashtra,87.92999999999999,1.77,1755.51,2.88,46.32,
2012-04-01,Maharashtra,maharashtra,117.24000000000001,2.36,2340.68,3.84,61.76,
2012-05-01,Maharashtra,maharashtra,146.55,2.95,2925.8500000000004,4.800000000000001,77.2,
2012-06-01,Maharashtra,maharashtra,234.48000000000002,4.72,4681.36,7.68,123.52,
2012-07-01,Maharashtra,maharashtra,527.5799999999999,10.62,10533.06,17.28,277.92,
2012-08-01,Maharashtra,maharashtra,644.82,12.98,12873.74,21.12,339.68,
2012-09-01,Maharashtra,maharashtra,527.5799999999999,10.62,10533.06,17.28,277.92,
2012-10-01,Maharashtra,maharashtra,293.1,5.9,5851.700000000001,9.600000000000001,154.4,
2012-11-01,Maharashtra,maharashtra,146.55,2.95,2925.8500000000004,4.800000000000001,77.2,
2012-12-01,Maharashtra,maharashtra,87.92999999999999,1.77,1755.51,2.88,46.32,
2013-01-01,Maharashtra,maharashtra,112.2,0.96,873.54,1.6,31.560000000000002,
2013-02-01,Maharashtra,maharashtra,112.2,0.96,873.54,1.6,31.560000000000002,
2013-03-01,Maharashtra,maharashtra,168.29999999999998,1.44,1310.31,2.4,47.339999999999996,
2013-04-01,Maharashtra,maharashtra,224.4,1.92,1747.08,3.2,63.120000000000005,
2013-05-01,Maharashtra,maharashtra,280.5,2.4000000000000004,2183.85,4.0,78.9,
2013-06-01,Maharashtra,maharashtra,448.8,3.84,3494.16,6.4,126.24000000000001,
2013-07-01,Maharashtra,maharashtra,1009.8,8.64,7861.86,14.399999999999999,284.03999999999996,
2013-08-01,Maharashtra,maharashtra,1234.2,10.56,9608.94,17.6,347.16,
2013-09-01,Maharashtra,maharashtra,1009.8,8.64,7861.86,14.399999999999999,284.03999999999996,
2013-10-01,Maharashtra,maharashtra,561.0,4.800000000000001,4367.7,8.0,157.8,
2013-11-01,Maharashtra,maharashtra,280.5,2.4000000000000004,2183.85,4.0,78.9,
2013-12-01,Maharashtra,maharashtra,168.29999999999998,1.44,1310.31,2.4,47.339999999999996,
2014-01-01,Maharashtra,maharashtra,,,1067.7,1.36,31.44,
2014-02-01,Maharashtra,maharashtra,,,1067.7,1.36,31.44,
2014-03-01,Maharashtra,maharashtra,,,1601.55,2.04,47.16,
2014-04-01,Maharashtra,maharashtra,,,2135.4,2.72,62.88,
2014-05-01,Maharashtra,maharashtra,,,2669.25,3.4000000000000004,78.60000000000001,
2014-06-01,Maharashtra,maharashtra,,,4270.8,5.44,125.76,
2014-07-01,Maharashtra,maharashtra,,,9609.3,12.24,282.96,
2014-08-01,Maharashtra,maharashtra,,,11744.7,14.96,345.84,
2014-09-01,Maharashtra,maharashtra,,,9609.3,12.24,282.96,
2014-10-01,Maharashtra,maharashtra,,,5338.5,6.800000000000001,157.20000000000002,
2014-11-01,Maharashtra,maharashtra,,,2669.25,3.4000000000000004,78.60000000000001,
2014-12-01,Maharashtra,maharashtra,,,1601.55,2.04,47.16,
2015-01-01,Maharashtra,maharashtra,,,1132.06,1.18,1.56,
2015-02-01,Maharashtra,maharashtra,,,1132.06,1.18,1.56,
2015-03-01,Maharashtra,maharashtra,,,1698.09,1.77,2.34,
2015-04-01,Maharashtra,maharashtra,,,2264.12,2.36,3.12,
2015-05-01,Maharashtra,maharashtra,,,2830.15,2.95,3.9000000000000004,
2015-06-01,Maharashtra,maharashtra,,,4528.24,4.72,6.24,
2015-07-01,Maharashtra,maharashtra,,,10188.539999999999,10.62,14.04,
2015-08-01,Maharashtra,maharashtra,,,12452.66,12.98,17.16,
2015-09-01,Maharashtra,maharashtra,,,10188.539999999999,10.62,14.04,
2015-10-01,Maharashtra,maharashtra,,,5660.3,5.9,7.800000000000001,
2015-11-01,Maharashtra,maharashtra,,,2830.15,2.95,3.9000000000000004,
2015-12-01,Maharashtra,maharashtra,,,1698.09,1.77,2.34,
2016-01-01,Maharashtra,maharashtra,,,479.66,0.52,151.4,
2016-02-01,Maharashtra,maharashtra,,,479.66,0.52,151.4,
2016-03-01,Maharashtra,maharashtra,,,719.49,0.78,227.1,
2016-04-01,Maharashtra,maharashtra,,,959.32,1.04,302.8,
2016-05-01,Maharashtra,maharashtra,,,1199.15,1.3,378.5,
2016-06-01,Maharashtra,maharashtra,,,1918.64,2.08,605.6,
2016-07-01,Maharashtra,maharashtra,,,4316.94,4.68,1362.6,
2016-08-01,Maharashtra,maharashtra,,,5276.26,5.72,1665.4,
2016-09-01,Maharashtra,maharashtra,,,4316.94,4.68,1362.6,
2016-10-01,Maharashtra,maharashtra,,,2398.3,2.6,757.0,
2016-11-01,Maharashtra,maharashtra,,,1199.15,1.3,378.5,
2016-12-01,Maharashtra,maharashtra,,,719.49,0.78,227.1,
2017-01-01,Maharashtra,maharashtra,156.58,1.3,354.2,0.4,162.20000000000002,
2017-02-01,Maharashtra,maharashtra,156.58,1.3,354.2,0.4,162.20000000000002,
2017-03-01,Maharashtra,maharashtra,234.87,1.95,531.3,0.6,243.29999999999998,
2017-04-01,Maharashtra,maharashtra,313.16,2.6,708.4,0.8,324.40000000000003,
2017-05-01,Maharashtra,maharashtra,391.45000000000005,3.25,885.5,1.0,405.5,
2017-06-01,Maharashtra,maharashtra,626.32,5.2,1416.8,1.6,648.8000000000001,
2017-07-01,Maharashtra,maharashtra,1409.22,11.7,3187.7999999999997,3.5999999999999996,1459.8,
2017-08-01,Maharashtra,maharashtra,1722.38,14.3,3896.2,4.4,1784.2,
2017-09-01,Maharashtra,maharashtra,1409.22,11.7,3187.7999999999997,3.5999999999999996,1459.8,
2017-10-01,Maharashtra,maharashtra,782.9000000000001,6.5,1771.0,2.0,811.0,
2017-11-01,Maharashtra,maharashtra,391.45000000000005,3.25,885.5,1.0,405.5,
2017-12-01,Maharashtra,maharashtra,234.87,1.95,531.3,0.6,243.29999999999998,
2018-01-01,Maharashtra,maharashtra,220.22,1.1,215.14000000000001,0.26,197.68,
2018-02-01,Maharashtra,maharashtra,220.22,1.1,215.14000000000001,0.26,197.68,
2018-03-01,Maharashtra,maharashtra,330.33,1.65,322.71,0.39,296.52,
2018-04-01,Maharashtra,maharashtra,440.44,2.2,430.28000000000003,0.52,395.36,
2018-05-01,Maharashtra,maharashtra,550.5500000000001,2.75,537.85,0.65,494.20000000000005,
2018-06-01,Maharashtra,maharashtra,880.88,4.4,860.5600000000001,1.04,790.72,
2018-07-01,Maharashtra,maharashtra,1981.98,9.9,1936.26,2.34,1779.12,
2018-08-01,Maharashtra,maharashtra,2422.42,12.1,2366.54,2.86,2174.48,
2018-09-01,Maharashtra,maharashtra,1981.98,9.9,1936.26,2.34,1779.12,
2018-10-01,Maharashtra,maharashtra,1101.1000000000001,5.5,1075.7,1.3,988.4000000000001,
2018-11-01,Maharashtra,maharashtra,550.5500000000001,2.75,537.85,0.65,494.20000000000005,
2018-12-01,Maharashtra,maharashtra,330.33,1.65,322.71,0.39,296.52,
2019-01-01,Maharashtra,maharashtra,298.14,0.58,177.32,0.14,103.16,
2019-02-01,Maharashtra,maharashtra,298.14,0.58,177.32,0.14,103.16,
2019-03-01,Maharashtra,maharashtra,447.21,0.87,265.98,0.21,154.73999999999998,
2019-04-01,Maharashtra,maharashtra,596.28,1.16,354.64,0.28,206.32,
2019-05-01,Maharashtra,maharashtra,745.35,1.4500000000000002,443.3,0.35000000000000003,257.90000000000003,
2019-06-01,Maharashtra,maharashtra,1192.56,2.32,709.28,0.56,412.64,
2019-07-01,Maharashtra,maharashtra,2683.2599999999998,5.22,1595.8799999999999,1.26,928.4399999999999,
2019-08-01,Maharashtra,maharashtra,3279.54,6.38,1950.52,1.54,1134.76,
2019-09-01,Maharashtra,maharashtra,2683.2599999999998,5.22,1595.8799999999999,1.26,928.4399999999999,
2019-10-01,Maharashtra,maharashtra,1490.7,2.9000000000000004,886.6,0.7000000000000001,515.8000000000001,
2019-11-01,Maharashtra,maharashtra,745.35,1.4500000000000002,443.3,0.35000000000000003,257.90000000000003,
2019-12-01,Maharashtra,maharashtra,447.21,0.87,265.98,0.21,154.73999999999998,
2020-01-01,Maharashtra,maharashtra,67.12,0.2,304.3,0.24,85.16,
2020-02-01,Maharashtra,maharashtra,67.12,0.2,304.3,0.24,85.16,
2020-03-01,Maharashtra,maharashtra,100.67999999999999,0.3,456.45,0.36,127.74,
2020-04-01,Maharashtra,maharashtra,134.24,0.4,608.6,0.48,170.32,
2020-05-01,Maharashtra,maharashtra,167.8,0.5,760.75,0.6000000000000001,212.9,
2020-06-01,Maharashtra,maharashtra,268.48,0.8,1217.2,0.96,340.64,
2020-07-01,Maharashtra,maharashtra,604.0799999999999,1.7999999999999998,2738.7,2.16,766.4399999999999,
2020-08-01,Maharashtra,maharashtra,738.32,2.2,3347.3,2.64,936.76,
2020-09-01,Maharashtra,maharashtra,604.0799999999999,1.7999999999999998,2738.7,2.16,766.4399999999999,
2020-10-01,Maharashtra,maharashtra,335.6,1.0,1521.5,1.2000000000000002,425.8,
2020-11-01,Maharashtra,maharashtra,167.8,0.5,760.75,0.6000000000000001,212.9,
2020-12-01,Maharashtra,maharashtra,100.67999999999999,0.3,456.45,0.36,127.74,
2021-01-01,Maharashtra,maharashtra,4.0600000000000005,0.0,386.06,0.28,0.0,
2021-02-01,Maharashtra,maharashtra,4.0600000000000005,0.0,386.06,0.28,0.0,
2021-03-01,Maharashtra,maharashtra,6.09,0.0,579.09,0.42,0.0,
2021-04-01,Maharashtra,maharashtra,8.120000000000001,0.0,772.12,0.56,0.0,
2021-05-01,Maharashtra,maharashtra,10.15,0.0,965.1500000000001,0.7000000000000001,0.0,
2021-06-01,Maharashtra,maharashtra,16.240000000000002,0.0,1544.24,1.12,0.0,
2021-07-01,Maharashtra,maharashtra,36.54,0.0,3474.54,2.52,0.0,
2021-08-01,Maharashtra,maharashtra,44.660000000000004,0.0,4246.66,3.08,0.0,
2021-09-01,Maharashtra,maharashtra,36.54,0.0,3474.54,2.52,0.0,
2021-10-01,Maharashtra,maharashtra,20.3,0.0,1930.3000000000002,1.4000000000000001,0.0,
2021-11-01,Maharashtra,maharashtra,10.15,0.0,965.1500000000001,0.7000000000000001,0.0,
2021-12-01,Maharashtra,maharashtra,6.09,0.0,579.09,0.42,0.0,
2022-01-01,Maharashtra,maharashtra,171.20000000000002,0.36,308.74,0.5,0.0,
2022-02-01,Maharashtra,maharashtra,171.20000000000002,0.36,308.74,0.5,0.0,
2022-03-01,Maharashtra,maharashtra,256.8,0.54,463.10999999999996,0.75,0.0,
2022-04-01,Maharashtra,maharashtra,342.40000000000003,0.72,617.48,1.0,0.0,
2022-05-01,Maharashtra,maharashtra,428.0,0.9,771.85,1.25,0.0,
2022-06-01,Maharashtra,maharashtra,684.8000000000001,1.44,1234.96,2.0,0.0,
2022-07-01,Maharashtra,maharashtra,1540.8,3.2399999999999998,2778.66,4.5,0.0,
2022-08-01,Maharashtra,maharashtra,1883.2,3.96,3396.14,5.5,0.0,
2022-09-01,Maharashtra,maharashtra,1540.8,3.2399999999999998,2778.66,4.5,0.0,
2022-10-01,Maharashtra,maharashtra,856.0,1.8,1543.7,2.5,0.0,
2022-11-01,Maharashtra,maharashtra,428.0,0.9,771.85,1.25,0.0,
2022-12-01,Maharashtra,maharashtra,256.8,0.54,463.10999999999996,0.75,0.0,
2001-01-01,Manipur,manipur,,,18.86,0.1,,
2001-02-01,Manipur,manipur,,,18.86,0.1,,
2001-03-01,Manipur,manipur,,,28.29,0.15,,
2001-04-01,Manipur,manipur,,,37.72,0.2,,
2001-05-01,Manipur,manipur,,,47.150000000000006,0.25,,
2001-06-01,Manipur,manipur,,,75.44,0.4,,
2001-07-01,Manipur,manipur,,,169.73999999999998,0.8999999999999999,,
2001-08-01,Manipur,manipur,,,207.46,1.1,,
2001-09-01,Manipur,manipur,,,169.73999999999998,0.8999999999999999,,
2001-10-01,Manipur,manipur,,,94.30000000000001,0.5,,
2001-11-01,Manipur,manipur,,,47.150000000000006,0.25,,
2001-12-01,Manipur,manipur,,,28.29,0.15,,
2002-01-01,Manipur,manipur,,,25.36,0.18,,
2002-02-01,Manipur,manipur,,,25.36,0.18,,
2002-03-01,Manipur,manipur,,,38.04,0.27,,
2002-04-01,Manipur,manipur,,,50.72,0.36,,
2002-05-01,Manipur,manipur,,,63.400000000000006,0.45,,
2002-06-01,Manipur,manipur,,,101.44,0.72,,
2002-07-01,Manipur,manipur,,,228.23999999999998,1.6199999999999999,,
2002-08-01,Manipur,manipur,,,278.96,1.98,,
2002-09-01,Manipur,manipur,,,228.23999999999998,1.6199999999999999,,
2002-10-01,Manipur,manipur,,,126.80000000000001,0.9,,
2002-11-01,Manipur,manipur,,,63.400000000000006,0.45,,
2002-12-01,Manipur,manipur,,,38.04,0.27,,
2003-01-01,Manipur,manipur,,,51.78,0.34,,
2003-02-01,Manipur,manipur,,,51.78,0.34,,
2003-03-01,Manipur,manipur,,,77.67,0.51,,
2003-04-01,Manipur,manipur,,,103.56,0.68,,
2003-05-01,Manipur,manipur,,,129.45000000000002,0.8500000000000001,,
2003-06-01,Manipur,manipur,,,207.12,1.36,,
2003-07-01,Manipur,manipur,,,466.02,3.06,,
2003-08-01,Manipur,manipur,,,569.58,3.74,,
2003-09-01,Manipur,manipur,,,466.02,3.06,,
2003-10-01,Manipur,manipur,,,258.90000000000003,1.7000000000000002,,
2003-11-01,Manipur,manipur,,,129.45000000000002,0.8500000000000001,,
2003-12-01,Manipur,manipur,,,77.67,0.51,,
2004-01-01,Manipur,manipur,,,54.72,0.16,,
2004-02-01,Manipur,manipur,,,54.72,0.16,,
2004-03-01,Manipur,manipur,,,82.08,0.24,,
2004-04-01,Manipur,manipur,,,109.44,0.32,,
2004-05-01,Manipur,manipur,,,136.8,0.4,,
2004-06-01,Manipur,manipur,,,218.88,0.64,,
2004-07-01,Manipur,manipur,,,492.47999999999996,1.44,,
2004-08-01,Manipur,manipur,,,601.92,1.76,,
2004-09-01,Manipur,manipur,,,492.47999999999996,1.44,,
2004-10-01,Manipur,manipur,,,273.6,0.8,,
2004-11-01,Manipur,manipur,,,136.8,0.4,,
2004-12-01,Manipur,manipur,,,82.08,0.24,,
2005-01-01,Manipur,manipur,0.0,0.0,41.42,0.06,,
2005-02-01,Manipur,manipur,0.0,0.0,41.42,0.06,,
2005-03-01,Manipur,manipur,0.0,0.0,62.129999999999995,0.09,,
2005-04-01,Manipur,manipur,0.0,0.0,82.84,0.12,,
2005-05-01,Manipur,manipur,0.0,0.0,103.55000000000001,0.15000000000000002,,
2005-06-01,Manipur,manipur,0.0,0.0,165.68,0.24,,
2005-07-01,Manipur,manipur,0.0,0.0,372.78,0.54,,
2005-08-01,Manipur,manipur,0.0,0.0,455.62,0.66,,
2005-09-01,Manipur,manipur,0.0,0.0,372.78,0.54,,
2005-10-01,Manipur,manipur,0.0,0.0,207.10000000000002,0.30000000000000004,,
2005-11-01,Manipur,manipur,0.0,0.0,103.55000000000001,0.15000000000000002,,
2005-12-01,Manipur,manipur,0.0,0.0,62.129999999999995,0.09,,
2006-01-01,Manipur,manipur,0.0,0.0,54.18,0.16,,
2006-02-01,Manipur,manipur,0.0,0.0,54.18,0.16,,
2006-03-01,Manipur,manipur,0.0,0.0,81.27,0.24,,
2006-04-01,Manipur,manipur,0.0,0.0,108.36,0.32,,
2006-05-01,Manipur,manipur,0.0,0.0,135.45000000000002,0.4,,
2006-06-01,Manipur,manipur,0.0,0.0,216.72,0.64,,
2006-07-01,Manipur,manipur,0.0,0.0,487.62,1.44,,
2006-08-01,Manipur,manipur,0.0,0.0,595.98,1.76,,
2006-09-01,Manipur,manipur,0.0,0.0,487.62,1.44,,
2006-10-01,Manipur,manipur,0.0,0.0,270.90000000000003,0.8,,
2006-11-01,Manipur,manipur,0.0,0.0,135.45000000000002,0.4,,
2006-12-01,Manipur,manipur,0.0,0.0,81.27,0.24,,
2007-01-01,Manipur,manipur,1.02,0.02,23.88,0.08,,
2007-02-01,Manipur,manipur,1.02,0.02,23.88,0.08,,
2007-03-01,Manipur,manipur,1.53,0.03,35.82,0.12,,
2007-04-01,Manipur,manipur,2.04,0.04,47.76,0.16,,
2007-05-01,Manipur,manipur,2.5500000000000003,0.05,59.7,0.2,,
2007-06-01,Manipur,manipur,4.08,0.08,95.52,0.32,,
2007-07-01,Manipur,manipur,9.18,0.18,214.92,0.72,,
2007-08-01,Manipur,manipur,11.22,0.22,262.68,0.88,,
2007-09-01,Manipur,manipur,9.18,0.18,214.92,0.72,,
2007-10-01,Manipur,manipur,5.1000000000000005,0.1,119.4,0.4,,
2007-11-01,Manipur,manipur,2.5500000000000003,0.05,59.7,0.2,,
2007-12-01,Manipur,manipur,1.53,0.03,35.82,0.12,,
2008-01-01,Manipur,manipur,0.0,0.0,14.16,0.04,0.0,
2008-02-01,Manipur,manipur,0.0,0.0,14.16,0.04,0.0,
2008-03-01,Manipur,manipur,0.0,0.0,21.24,0.06,0.0,
2008-04-01,Manipur,manipur,0.0,0.0,28.32,0.08,0.0,
2008-05-01,Manipur,manipur,0.0,0.0,35.4,0.1,0.0,
2008-06-01,Manipur,manipur,0.0,0.0,56.64,0.16,0.0,
2008-07-01,Manipur,manipur,0.0,0.0,127.44,0.36,0.0,
2008-08-01,Manipur,manipur,0.0,0.0,155.76,0.44,0.0,
2008-09-01,Manipur,manipur,0.0,0.0,127.44,0.36,0.0,
2008-10-01,Manipur,manipur,0.0,0.0,70.8,0.2,0.0,
2008-11-01,Manipur,manipur,0.0,0.0,35.4,0.1,0.0,
2008-12-01,Manipur,manipur,0.0,0.0,21.24,0.06,0.0,
2009-01-01,Manipur,manipur,0.0,0.0,21.38,0.02,0.0,
2009-02-01,Manipur,manipur,0.0,0.0,21.38,0.02,0.0,
2009-03-01,Manipur,manipur,0.0,0.0,32.07,0.03,0.0,
2009-04-01,Manipur,manipur,0.0,0.0,42.76,0.04,0.0,
2009-05-01,Manipur,manipur,0.0,0.0,53.45,0.05,0.0,
2009-06-01,Manipur,manipur,0.0,0.0,85.52,0.08,0.0,
2009-07-01,Manipur,manipur,0.0,0.0,192.42,0.18,0.0,
2009-08-01,Manipur,manipur,0.0,0.0,235.18,0.22,0.0,
2009-09-01,Manipur,manipur,0.0,0.0,192.42,0.18,0.0,
2009-10-01,Manipur,manipur,0.0,0.0,106.9,0.1,0.0,
2009-11-01,Manipur,manipur,0.0,0.0,53.45,0.05,0.0,
2009-12-01,Manipur,manipur,0.0,0.0,32.07,0.03,0.0,
2010-01-01,Manipur,manipur,0.14,0.0,18.94,0.08,0.0,
2010-02-01,Manipur,manipur,0.14,0.0,18.94,0.08,0.0,
2010-03-01,Manipur,manipur,0.21,0.0,28.41,0.12,0.0,
2010-04-01,Manipur,manipur,0.28,0.0,37.88,0.16,0.0,
2010-05-01,Manipur,manipur,0.35000000000000003,0.0,47.35,0.2,0.0,
2010-06-01,Manipur,manipur,0.56,0.0,75.76,0.32,0.0,
2010-07-01,Manipur,manipur,1.26,0.0,170.45999999999998,0.72,0.0,
2010-08-01,Manipur,manipur,1.54,0.0,208.34,0.88,0.0,
2010-09-01,Manipur,manipur,1.26,0.0,170.45999999999998,0.72,0.0,
2010-10-01,Manipur,manipur,0.7000000000000001,0.0,94.7,0.4,0.0,
2010-11-01,Manipur,manipur,0.35000000000000003,0.0,47.35,0.2,0.0,
2010-12-01,Manipur,manipur,0.21,0.0,28.41,0.12,0.0,
2011-01-01,Manipur,manipur,4.4,0.0,14.280000000000001,0.02,0.0,
2011-02-01,Manipur,manipur,4.4,0.0,14.280000000000001,0.02,0.0,
2011-03-01,Manipur,manipur,6.6,0.0,21.419999999999998,0.03,0.0,
2011-04-01,Manipur,manipur,8.8,0.0,28.560000000000002,0.04,0.0,
2011-05-01,Manipur,manipur,11.0,0.0,35.7,0.05,0.0,
2011-06-01,Manipur,manipur,17.6,0.0,57.120000000000005,0.08,0.0,
2011-07-01,Manipur,manipur,39.6,0.0,128.51999999999998,0.18,0.0,
2011-08-01,Manipur,manipur,48.4,0.0,157.08,0.22,0.0,
2011-09-01,Manipur,manipur,39.6,0.0,128.51999999999998,0.18,0.0,
2011-10-01,Manipur,manipur,22.0,0.0,71.4,0.1,0.0,
2011-11-01,Manipur,manipur,11.0,0.0,35.7,0.05,0.0,
2011-12-01,Manipur,manipur,6.6,0.0,21.419999999999998,0.03,0.0,
2012-01-01,Manipur,manipur,0.12,0.0,5.1000000000000005,0.0,,
2012-02-01,Manipur,manipur,0.12,0.0,5.1000000000000005,0.0,,
2012-03-01,Manipur,manipur,0.18,0.0,7.6499999999999995,0.0,,
2012-04-01,Manipur,manipur,0.24,0.0,10.200000000000001,0.0,,
2012-05-01,Manipur,manipur,0.30000000000000004,0.0,12.75,0.0,,
2012-06-01,Manipur,manipur,0.48,0.0,20.400000000000002,0.0,,
2012-07-01,Manipur,manipur,1.08,0.0,45.9,0.0,,
2012-08-01,Manipur,manipur,1.32,0.0,56.1,0.0,,
2012-09-01,Manipur,manipur,1.08,0.0,45.9,0.0,,
2012-10-01,Manipur,manipur,0.6000000000000001,0.0,25.5,0.0,,
2012-11-01,Manipur,manipur,0.30000000000000004,0.0,12.75,0.0,,
2012-12-01,Manipur,manipur,0.18,0.0,7.6499999999999995,0.0,,
2013-01-01,Manipur,manipur,0.18,0.0,2.4,0.0,0.0,
2013-02-01,Manipur,manipur,0.18,0.0,2.4,0.0,0.0,
2013-03-01,Manipur,manipur,0.27,0.0,3.5999999999999996,0.0,0.0,
2013-04-01,Manipur,manipur,0.36,0.0,4.8,0.0,0.0,
2013-05-01,Manipur,manipur,0.45,0.0,6.0,0.0,0.0,
2013-06-01,Manipur,manipur,0.72,0.0,9.6,0.0,0.0,
2013-07-01,Manipur,manipur,1.6199999999999999,0.0,21.599999999999998,0.0,0.0,
2013-08-01,Manipur,manipur,1.98,0.0,26.4,0.0,0.0,
2013-09-01,Manipur,manipur,1.6199999999999999,0.0,21.599999999999998,0.0,0.0,
2013-10-01,Manipur,manipur,0.9,0.0,12.0,0.0,0.0,
2013-11-01,Manipur,manipur,0.45,0.0,6.0,0.0,0.0,
2013-12-01,Manipur,manipur,0.27,0.0,3.5999999999999996,0.0,0.0,
2014-01-01,Manipur,manipur,,,2.9,0.0,0.0,
2014-02-01,Manipur,manipur,,,2.9,0.0,0.0,
2014-03-01,Manipur,manipur,,,4.35,0.0,0.0,
2014-04-01,Manipur,manipur,,,5.8,0.0,0.0,
2014-05-01,Manipur,manipur,,,7.25,0.0,0.0,
2014-06-01,Manipur,manipur,,,11.6,0.0,0.0,
2014-07-01,Manipur,manipur,,,26.099999999999998,0.0,0.0,
2014-08-01,Manipur,manipur,,,31.9,0.0,0.0,
2014-09-01,Manipur,manipur,,,26.099999999999998,0.0,0.0,
2014-10-01,Manipur,manipur,,,14.5,0.0,0.0,
2014-11-01,Manipur,manipur,,,7.25,0.0,0.0,
2014-12-01,Manipur,manipur,,,4.35,0.0,0.0,
2015-01-01,Manipur,manipur,,,4.32,0.0,7.82,
2015-02-01,Manipur,manipur,,,4.32,0.0,7.82,
2015-03-01,Manipur,manipur,,,6.4799999999999995,0.0,11.73,
2015-04-01,Manipur,manipur,,,8.64,0.0,15.64,
2015-05-01,Manipur,manipur,,,10.8,0.0,19.55,
2015-06-01,Manipur,manipur,,,17.28,0.0,31.28,
2015-07-01,Manipur,manipur,,,38.879999999999995,0.0,70.38,
2015-08-01,Manipur,manipur,,,47.52,0.0,86.02,
2015-09-01,Manipur,manipur,,,38.879999999999995,0.0,70.38,
2015-10-01,Manipur,manipur,,,21.6,0.0,39.1,
2015-11-01,Manipur,manipur,,,10.8,0.0,19.55,
2015-12-01,Manipur,manipur,,,6.4799999999999995,0.0,11.73,
2016-01-01,Manipur,manipur,,,2.44,0.0,0.0,
2016-02-01,Manipur,manipur,,,2.44,0.0,0.0,
2016-03-01,Manipur,manipur,,,3.6599999999999997,0.0,0.0,
2016-04-01,Manipur,manipur,,,4.88,0.0,0.0,
2016-05-01,Manipur,manipur,,,6.1000000000000005,0.0,0.0,
2016-06-01,Manipur,manipur,,,9.76,0.0,0.0,
2016-07-01,Manipur,manipur,,,21.96,0.0,0.0,
2016-08-01,Manipur,manipur,,,26.84,0.0,0.0,
2016-09-01,Manipur,manipur,,,21.96,0.0,0.0,
2016-10-01,Manipur,manipur,,,12.200000000000001,0.0,0.0,
2016-11-01,Manipur,manipur,,,6.1000000000000005,0.0,0.0,
2016-12-01,Manipur,manipur,,,3.6599999999999997,0.0,0.0,
2017-01-01,Manipur,manipur,3.86,0.02,1.6,0.0,0.0,
2017-02-01,Manipur,manipur,3.86,0.02,1.6,0.0,0.0,
2017-03-01,Manipur,manipur,5.79,0.03,2.4,0.0,0.0,
2017-04-01,Manipur,manipur,7.72,0.04,3.2,0.0,0.0,
2017-05-01,Manipur,manipur,9.65,0.05,4.0,0.0,0.0,
2017-06-01,Manipur,manipur,15.44,0.08,6.4,0.0,0.0,
2017-07-01,Manipur,manipur,34.74,0.18,14.399999999999999,0.0,0.0,
2017-08-01,Manipur,manipur,42.46,0.22,17.6,0.0,0.0,
2017-09-01,Manipur,manipur,34.74,0.18,14.399999999999999,0.0,0.0,
2017-10-01,Manipur,manipur,19.3,0.1,8.0,0.0,0.0,
2017-11-01,Manipur,manipur,9.65,0.05,4.0,0.0,0.0,
2017-12-01,Manipur,manipur,5.79,0.03,2.4,0.0,0.0,
2018-01-01,Manipur,manipur,0.28,0.0,0.24,0.0,0.04,
2018-02-01,Manipur,manipur,0.28,0.0,0.24,0.0,0.04,
2018-03-01,Manipur,manipur,0.42,0.0,0.36,0.0,0.06,
2018-04-01,Manipur,manipur,0.56,0.0,0.48,0.0,0.08,
2018-05-01,Manipur,manipur,0.7000000000000001,0.0,0.6000000000000001,0.0,0.1,
2018-06-01,Manipur,manipur,1.12,0.0,0.96,0.0,0.16,
2018-07-01,Manipur,manipur,2.52,0.0,2.16,0.0,0.36,
2018-08-01,Manipur,manipur,3.08,0.0,2.64,0.0,0.44,
2018-09-01,Manipur,manipur,2.52,0.0,2.16,0.0,0.36,
2018-10-01,Manipur,manipur,1.4000000000000001,0.0,1.2000000000000002,0.0,0.2,
2018-11-01,Manipur,manipur,0.7000000000000001,0.0,0.6000000000000001,0.0,0.1,
2018-12-01,Manipur,manipur,0.42,0.0,0.36,0.0,0.06,
2019-01-01,Manipur,manipur,7.18,0.0,0.32,0.0,0.8,
2019-02-01,Manipur,manipur,7.18,0.0,0.32,0.0,0.8,
2019-03-01,Manipur,manipur,10.77,0.0,0.48,0.0,1.2,
2019-04-01,Manipur,manipur,14.36,0.0,0.64,0.0,1.6,
2019-05-01,Manipur,manipur,17.95,0.0,0.8,0.0,2.0,
2019-06-01,Manipur,manipur,28.72,0.0,1.28,0.0,3.2,
2019-07-01,Manipur,manipur,64.62,0.0,2.88,0.0,7.199999999999999,
2019-08-01,Manipur,manipur,78.98,0.0,3.52,0.0,8.8,
2019-09-01,Manipur,manipur,64.62,0.0,2.88,0.0,7.199999999999999,
2019-10-01,Manipur,manipur,35.9,0.0,1.6,0.0,4.0,
2019-11-01,Manipur,manipur,17.95,0.0,0.8,0.0,2.0,
2019-12-01,Manipur,manipur,10.77,0.0,0.48,0.0,1.2,
2020-01-01,Manipur,manipur,0.74,0.0,0.72,0.04,0.0,
2020-02-01,Manipur,manipur,0.74,0.0,0.72,0.04,0.0,
2020-03-01,Manipur,manipur,1.1099999999999999,0.0,1.08,0.06,0.0,
2020-04-01,Manipur,manipur,1.48,0.0,1.44,0.08,0.0,
2020-05-01,Manipur,manipur,1.85,0.0,1.8,0.1,0.0,
2020-06-01,Manipur,manipur,2.96,0.0,2.88,0.16,0.0,
2020-07-01,Manipur,manipur,6.66,0.0,6.4799999999999995,0.36,0.0,
2020-08-01,Manipur,manipur,8.14,0.0,7.92,0.44,0.0,
2020-09-01,Manipur,manipur,6.66,0.0,6.4799999999999995,0.36,0.0,
2020-10-01,Manipur,manipur,3.7,0.0,3.6,0.2,0.0,
2020-11-01,Manipur,manipur,1.85,0.0,1.8,0.1,0.0,
2020-12-01,Manipur,manipur,1.1099999999999999,0.0,1.08,0.06,0.0,
2021-01-01,Manipur,manipur,2.58,0.0,0.38,0.0,0.0,
2021-02-01,Manipur,manipur,2.58,0.0,0.38,0.0,0.0,
2021-03-01,Manipur,manipur,3.8699999999999997,0.0,0.57,0.0,0.0,
2021-04-01,Manipur,manipur,5.16,0.0,0.76,0.0,0.0,
2021-05-01,Manipur,manipur,6.45,0.0,0.9500000000000001,0.0,0.0,
2021-06-01,Manipur,manipur,10.32,0.0,1.52,0.0,0.0,
2021-07-01,Manipur,manipur,23.22,0.0,3.42,0.0,0.0,
2021-08-01,Manipur,manipur,28.38,0.0,4.18,0.0,0.0,
2021-09-01,Manipur,manipur,23.22,0.0,3.42,0.0,0.0,
2021-10-01,Manipur,manipur,12.9,0.0,1.9000000000000001,0.0,0.0,
2021-11-01,Manipur,manipur,6.45,0.0,0.9500000000000001,0.0,0.0,
2021-12-01,Manipur,manipur,3.8699999999999997,0.0,0.57,0.0,0.0,
2022-01-01,Manipur,manipur,10.06,0.08,0.28,0.0,0.0,
2022-02-01,Manipur,manipur,10.06,0.08,0.28,0.0,0.0,
2022-03-01,Manipur,manipur,15.09,0.12,0.42,0.0,0.0,
2022-04-01,Manipur,manipur,20.12,0.16,0.56,0.0,0.0,
2022-05-01,Manipur,manipur,25.150000000000002,0.2,0.7000000000000001,0.0,0.0,
2022-06-01,Manipur,manipur,40.24,0.32,1.12,0.0,0.0,
2022-07-01,Manipur,manipur,90.53999999999999,0.72,2.52,0.0,0.0,
2022-08-01,Manipur,manipur,110.66,0.88,3.08,0.0,0.0,
2022-09-01,Manipur,manipur,90.53999999999999,0.72,2.52,0.0,0.0,
2022-10-01,Manipur,manipur,50.300000000000004,0.4,1.4000000000000001,0.0,0.0,
2022-11-01,Manipur,manipur,25.150000000000002,0.2,0.7000000000000001,0.0,0.0,
2022-12-01,Manipur,manipur,15.09,0.12,0.42,0.0,0.0,
2001-01-01,Meghalaya,meghalaya,,,412.6,0.34,,
2001-02-01,Meghalaya,meghalaya,,,412.6,0.34,,
2001-03-01,Meghalaya,meghalaya,,,618.9,0.51,,
2001-04-01,Meghalaya,meghalaya,,,825.2,0.68,,
2001-05-01,Meghalaya,meghalaya,,,1031.5,0.8500000000000001,,
2001-06-01,Meghalaya,meghalaya,,,1650.4,1.36,,
2001-07-01,Meghalaya,meghalaya,,,3713.3999999999996,3.06,,
2001-08-01,Meghalaya,meghalaya,,,4538.6,3.74,,
2001-09-01,Meghalaya,meghalaya,,,3713.3999999999996,3.06,,
2001-10-01,Meghalaya,meghalaya,,,2063.0,1.7000000000000002,,
2001-11-01,Meghalaya,meghalaya,,,1031.5,0.8500000000000001,,
2001-12-01,Meghalaya,meghalaya,,,618.9,0.51,,
2002-01-01,Meghalaya,meghalaya,,,358.36,0.8200000000000001,,
2002-02-01,Meghalaya,meghalaya,,,358.36,0.8200000000000001,,
2002-03-01,Meghalaya,meghalaya,,,537.54,1.23,,
2002-04-01,Meghalaya,meghalaya,,,716.72,1.6400000000000001,,
2002-05-01,Meghalaya,meghalaya,,,895.9000000000001,2.0500000000000003,,
2002-06-01,Meghalaya,meghalaya,,,1433.44,3.2800000000000002,,
2002-07-01,Meghalaya,meghalaya,,,3225.24,7.38,,
2002-08-01,Meghalaya,meghalaya,,,3941.96,9.02,,
2002-09-01,Meghalaya,meghalaya,,,3225.24,7.38,,
2002-10-01,Meghalaya,meghalaya,,,1791.8000000000002,4.1000000000000005,,
2002-11-01,Meghalaya,meghalaya,,,895.9000000000001,2.0500000000000003,,
2002-12-01,Meghalaya,meghalaya,,,537.54,1.23,,
2003-01-01,Meghalaya,meghalaya,,,367.32,0.76,,
2003-02-01,Meghalaya,meghalaya,,,367.32,0.76,,
2003-03-01,Meghalaya,meghalaya,,,550.98,1.14,,
2003-04-01,Meghalaya,meghalaya,,,734.64,1.52,,
2003-05-01,Meghalaya,meghalaya,,,918.3000000000001,1.9000000000000001,,
2003-06-01,Meghalaya,meghalaya,,,1469.28,3.04,,
2003-07-01,Meghalaya,meghalaya,,,3305.8799999999997,6.84,,
2003-08-01,Meghalaya,meghalaya,,,4040.52,8.36,,
2003-09-01,Meghalaya,meghalaya,,,3305.8799999999997,6.84,,
2003-10-01,Meghalaya,meghalaya,,,1836.6000000000001,3.8000000000000003,,
2003-11-01,Meghalaya,meghalaya,,,918.3000000000001,1.9000000000000001,,
2003-12-01,Meghalaya,meghalaya,,,550.98,1.14,,
2004-01-01,Meghalaya,meghalaya,,,361.6,0.58,,
2004-02-01,Meghalaya,meghalaya,,,361.6,0.58,,
2004-03-01,Meghalaya,meghalaya,,,542.4,0.87,,
2004-04-01,Meghalaya,meghalaya,,,723.2,1.16,,
2004-05-01,Meghalaya,meghalaya,,,904.0,1.4500000000000002,,
2004-06-01,Meghalaya,meghalaya,,,1446.4,2.32,,
2004-07-01,Meghalaya,meghalaya,,,3254.4,5.22,,
2004-08-01,Meghalaya,meghalaya,,,3977.6,6.38,,
2004-09-01,Meghalaya,meghalaya,,,3254.4,5.22,,
2004-10-01,Meghalaya,meghalaya,,,1808.0,2.9000000000000004,,
2004-11-01,Meghalaya,meghalaya,,,904.0,1.4500000000000002,,
2004-12-01,Meghalaya,meghalaya,,,542.4,0.87,,
2005-01-01,Meghalaya,meghalaya,,,336.32,0.8200000000000001,,
2005-02-01,Meghalaya,meghalaya,,,336.32,0.8200000000000001,,
2005-03-01,Meghalaya,meghalaya,,,504.47999999999996,1.23,,
2005-04-01,Meghalaya,meghalaya,,,672.64,1.6400000000000001,,
2005-05-01,Meghalaya,meghalaya,,,840.8000000000001,2.0500000000000003,,
2005-06-01,Meghalaya,meghalaya,,,1345.28,3.2800000000000002,,
2005-07-01,Meghalaya,meghalaya,,,3026.88,7.38,,
2005-08-01,Meghalaya,meghalaya,,,3699.52,9.02,,
2005-09-01,Meghalaya,meghalaya,,,3026.88,7.38,,
2005-10-01,Meghalaya,meghalaya,,,1681.6000000000001,4.1000000000000005,,
2005-11-01,Meghalaya,meghalaya,,,840.8000000000001,2.0500000000000003,,
2005-12-01,Meghalaya,meghalaya,,,504.47999999999996,1.23,,
2006-01-01,Meghalaya,meghalaya,0.0,0.0,598.48,3.34,,
2006-02-01,Meghalaya,meghalaya,0.0,0.0,598.48,3.34,,
2006-03-01,Meghalaya,meghalaya,0.0,0.0,897.7199999999999,5.01,,
2006-04-01,Meghalaya,meghalaya,0.0,0.0,1196.96,6.68,,
2006-05-01,Meghalaya,meghalaya,0.0,0.0,1496.2,8.35,,
2006-06-01,Meghalaya,meghalaya,0.0,0.0,2393.92,13.36,,
2006-07-01,Meghalaya,meghalaya,0.0,0.0,5386.32,30.06,,
2006-08-01,Meghalaya,meghalaya,0.0,0.0,6583.28,36.74,,
2006-09-01,Meghalaya,meghalaya,0.0,0.0,5386.32,30.06,,
2006-10-01,Meghalaya,meghalaya,0.0,0.0,2992.4,16.7,,
2006-11-01,Meghalaya,meghalaya,0.0,0.0,1496.2,8.35,,
2006-12-01,Meghalaya,meghalaya,0.0,0.0,897.7199999999999,5.01,,
2007-01-01,Meghalaya,meghalaya,0.0,0.0,726.74,4.74,,
2007-02-01,Meghalaya,meghalaya,0.0,0.0,726.74,4.74,,
2007-03-01,Meghalaya,meghalaya,0.0,0.0,1090.11,7.109999999999999,,
2007-04-01,Meghalaya,meghalaya,0.0,0.0,1453.48,9.48,,
2007-05-01,Meghalaya,meghalaya,0.0,0.0,1816.8500000000001,11.850000000000001,,
2007-06-01,Meghalaya,meghalaya,0.0,0.0,2906.96,18.96,,
2007-07-01,Meghalaya,meghalaya,0.0,0.0,6540.66,42.66,,
2007-08-01,Meghalaya,meghalaya,0.0,0.0,7994.14,52.14,,
2007-09-01,Meghalaya,meghalaya,0.0,0.0,6540.66,42.66,,
2007-10-01,Meghalaya,meghalaya,0.0,0.0,3633.7000000000003,23.700000000000003,,
2007-11-01,Meghalaya,meghalaya,0.0,0.0,1816.8500000000001,11.850000000000001,,
2007-12-01,Meghalaya,meghalaya,0.0,0.0,1090.11,7.109999999999999,,
2008-01-01,Meghalaya,meghalaya,0.0,0.0,792.32,1.46,0.0,
2008-02-01,Meghalaya,meghalaya,0.0,0.0,792.32,1.46,0.0,
2008-03-01,Meghalaya,meghalaya,0.0,0.0,1188.48,2.19,0.0,
2008-04-01,Meghalaya,meghalaya,0.0,0.0,1584.64,2.92,0.0,
2008-05-01,Meghalaya,meghalaya,0.0,0.0,1980.8000000000002,3.6500000000000004,0.0,
2008-06-01,Meghalaya,meghalaya,0.0,0.0,3169.28,5.84,0.0,
2008-07-01,Meghalaya,meghalaya,0.0,0.0,7130.88,13.139999999999999,0.0,
2008-08-01,Meghalaya,meghalaya,0.0,0.0,8715.52,16.06,0.0,
2008-09-01,Meghalaya,meghalaya,0.0,0.0,7130.88,13.139999999999999,0.0,
2008-10-01,Meghalaya,meghalaya,0.0,0.0,3961.6000000000004,7.300000000000001,0.0,
2008-11-01,Meghalaya,meghalaya,0.0,0.0,1980.8000000000002,3.6500000000000004,0.0,
2008-12-01,Meghalaya,meghalaya,0.0,0.0,1188.48,2.19,0.0,
2009-01-01,Meghalaya,meghalaya,0.0,0.0,1535.18,3.84,0.0,
2009-02-01,Meghalaya,meghalaya,0.0,0.0,1535.18,3.84,0.0,
2009-03-01,Meghalaya,meghalaya,0.0,0.0,2302.77,5.76,0.0,
2009-04-01,Meghalaya,meghalaya,0.0,0.0,3070.36,7.68,0.0,
2009-05-01,Meghalaya,meghalaya,0.0,0.0,3837.9500000000003,9.600000000000001,0.0,
2009-06-01,Meghalaya,meghalaya,0.0,0.0,6140.72,15.36,0.0,
2009-07-01,Meghalaya,meghalaya,0.0,0.0,13816.619999999999,34.56,0.0,
2009-08-01,Meghalaya,meghalaya,0.0,0.0,16886.98,42.24,0.0,
2009-09-01,Meghalaya,meghalaya,0.0,0.0,13816.619999999999,34.56,0.0,
2009-10-01,Meghalaya,meghalaya,0.0,0.0,7675.900000000001,19.200000000000003,0.0,
2009-11-01,Meghalaya,meghalaya,0.0,0.0,3837.9500000000003,9.600000000000001,0.0,
2009-12-01,Meghalaya,meghalaya,0.0,0.0,2302.77,5.76,0.0,
2010-01-01,Meghalaya,meghalaya,0.02,0.0,832.84,1.74,0.32,
2010-02-01,Meghalaya,meghalaya,0.02,0.0,832.84,1.74,0.32,
2010-03-01,Meghalaya,meghalaya,0.03,0.0,1249.26,2.61,0.48,
2010-04-01,Meghalaya,meghalaya,0.04,0.0,1665.68,3.48,0.64,
2010-05-01,Meghalaya,meghalaya,0.05,0.0,2082.1,4.3500000000000005,0.8,
2010-06-01,Meghalaya,meghalaya,0.08,0.0,3331.36,6.96,1.28,
2010-07-01,Meghalaya,meghalaya,0.18,0.0,7495.5599999999995,15.66,2.88,
2010-08-01,Meghalaya,meghalaya,0.22,0.0,9161.24,19.14,3.52,
2010-09-01,Meghalaya,meghalaya,0.18,0.0,7495.5599999999995,15.66,2.88,
2010-10-01,Meghalaya,meghalaya,0.1,0.0,4164.2,8.700000000000001,1.6,
2010-11-01,Meghalaya,meghalaya,0.05,0.0,2082.1,4.3500000000000005,0.8,
2010-12-01,Meghalaya,meghalaya,0.03,0.0,1249.26,2.61,0.48,
2011-01-01,Meghalaya,meghalaya,0.0,0.0,502.86,1.06,3.36,
2011-02-01,Meghalaya,meghalaya,0.0,0.0,502.86,1.06,3.36,
2011-03-01,Meghalaya,meghalaya,0.0,0.0,754.29,1.5899999999999999,5.04,
2011-04-01,Meghalaya,meghalaya,0.0,0.0,1005.72,2.12,6.72,
2011-05-01,Meghalaya,meghalaya,0.0,0.0,1257.15,2.6500000000000004,8.4,
2011-06-01,Meghalaya,meghalaya,0.0,0.0,2011.44,4.24,13.44,
2011-07-01,Meghalaya,meghalaya,0.0,0.0,4525.74,9.54,30.24,
2011-08-01,Meghalaya,meghalaya,0.0,0.0,5531.46,11.66,36.96,
2011-09-01,Meghalaya,meghalaya,0.0,0.0,4525.74,9.54,30.24,
2011-10-01,Meghalaya,meghalaya,0.0,0.0,2514.3,5.300000000000001,16.8,
2011-11-01,Meghalaya,meghalaya,0.0,0.0,1257.15,2.6500000000000004,8.4,
2011-12-01,Meghalaya,meghalaya,0.0,0.0,754.29,1.5899999999999999,5.04,
2012-01-01,Meghalaya,meghalaya,0.54,0.04,416.68,1.04,0.0,
2012-02-01,Meghalaya,meghalaya,0.54,0.04,416.68,1.04,0.0,
2012-03-01,Meghalaya,meghalaya,0.8099999999999999,0.06,625.02,1.56,0.0,
2012-04-01,Meghalaya,meghalaya,1.08,0.08,833.36,2.08,0.0,
2012-05-01,Meghalaya,meghalaya,1.35,0.1,1041.7,2.6,0.0,
2012-06-01,Meghalaya,meghalaya,2.16,0.16,1666.72,4.16,0.0,
2012-07-01,Meghalaya,meghalaya,4.859999999999999,0.36,3750.12,9.36,0.0,
2012-08-01,Meghalaya,meghalaya,5.94,0.44,4583.4800000000005,11.44,0.0,
2012-09-01,Meghalaya,meghalaya,4.859999999999999,0.36,3750.12,9.36,0.0,
2012-10-01,Meghalaya,meghalaya,2.7,0.2,2083.4,5.2,0.0,
2012-11-01,Meghalaya,meghalaya,1.35,0.1,1041.7,2.6,0.0,
2012-12-01,Meghalaya,meghalaya,0.8099999999999999,0.06,625.02,1.56,0.0,
2013-01-01,Meghalaya,meghalaya,0.86,0.0,494.54,1.24,0.0,
2013-02-01,Meghalaya,meghalaya,0.86,0.0,494.54,1.24,0.0,
2013-03-01,Meghalaya,meghalaya,1.29,0.0,741.81,1.8599999999999999,0.0,
2013-04-01,Meghalaya,meghalaya,1.72,0.0,989.08,2.48,0.0,
2013-05-01,Meghalaya,meghalaya,2.15,0.0,1236.3500000000001,3.1,0.0,
2013-06-01,Meghalaya,meghalaya,3.44,0.0,1978.16,4.96,0.0,
2013-07-01,Meghalaya,meghalaya,7.739999999999999,0.0,4450.86,11.16,0.0,
2013-08-01,Meghalaya,meghalaya,9.46,0.0,5439.94,13.64,0.0,
2013-09-01,Meghalaya,meghalaya,7.739999999999999,0.0,4450.86,11.16,0.0,
2013-10-01,Meghalaya,meghalaya,4.3,0.0,2472.7000000000003,6.2,0.0,
2013-11-01,Meghalaya,meghalaya,2.15,0.0,1236.3500000000001,3.1,0.0,
2013-12-01,Meghalaya,meghalaya,1.29,0.0,741.81,1.8599999999999999,0.0,
2014-01-01,Meghalaya,meghalaya,,,783.36,1.46,0.0,
2014-02-01,Meghalaya,meghalaya,,,783.36,1.46,0.0,
2014-03-01,Meghalaya,meghalaya,,,1175.04,2.19,0.0,
2014-04-01,Meghalaya,meghalaya,,,1566.72,2.92,0.0,
2014-05-01,Meghalaya,meghalaya,,,1958.4,3.6500000000000004,0.0,
2014-06-01,Meghalaya,meghalaya,,,3133.44,5.84,0.0,
2014-07-01,Meghalaya,meghalaya,,,7050.24,13.139999999999999,0.0,
2014-08-01,Meghalaya,meghalaya,,,8616.960000000001,16.06,0.0,
2014-09-01,Meghalaya,meghalaya,,,7050.24,13.139999999999999,0.0,
2014-10-01,Meghalaya,meghalaya,,,3916.8,7.300000000000001,0.0,
2014-11-01,Meghalaya,meghalaya,,,1958.4,3.6500000000000004,0.0,
2014-12-01,Meghalaya,meghalaya,,,1175.04,2.19,0.0,
2015-01-01,Meghalaya,meghalaya,,,972.0600000000001,1.58,0.0,
2015-02-01,Meghalaya,meghalaya,,,972.0600000000001,1.58,0.0,
2015-03-01,Meghalaya,meghalaya,,,1458.09,2.37,0.0,
2015-04-01,Meghalaya,meghalaya,,,1944.1200000000001,3.16,0.0,
2015-05-01,Meghalaya,meghalaya,,,2430.15,3.95,0.0,
2015-06-01,Meghalaya,meghalaya,,,3888.2400000000002,6.32,0.0,
2015-07-01,Meghalaya,meghalaya,,,8748.539999999999,14.219999999999999,0.0,
2015-08-01,Meghalaya,meghalaya,,,10692.66,17.38,0.0,
2015-09-01,Meghalaya,meghalaya,,,8748.539999999999,14.219999999999999,0.0,
2015-10-01,Meghalaya,meghalaya,,,4860.3,7.9,0.0,
2015-11-01,Meghalaya,meghalaya,,,2430.15,3.95,0.0,
2015-12-01,Meghalaya,meghalaya,,,1458.09,2.37,0.0,
2016-01-01,Meghalaya,meghalaya,,,702.94,0.9,7.2,
2016-02-01,Meghalaya,meghalaya,,,702.94,0.9,7.2,
2016-03-01,Meghalaya,meghalaya,,,1054.4099999999999,1.3499999999999999,10.799999999999999,
2016-04-01,Meghalaya,meghalaya,,,1405.88,1.8,14.4,
2016-05-01,Meghalaya,meghalaya,,,1757.3500000000001,2.25,18.0,
2016-06-01,Meghalaya,meghalaya,,,2811.76,3.6,28.8,
2016-07-01,Meghalaya,meghalaya,,,6326.46,8.1,64.8,
2016-08-01,Meghalaya,meghalaya,,,7732.34,9.9,79.2,
2016-09-01,Meghalaya,meghalaya,,,6326.46,8.1,64.8,
2016-10-01,Meghalaya,meghalaya,,,3514.7000000000003,4.5,36.0,
2016-11-01,Meghalaya,meghalaya,,,1757.3500000000001,2.25,18.0,
2016-12-01,Meghalaya,meghalaya,,,1054.4099999999999,1.3499999999999999,10.799999999999999,
2017-01-01,Meghalaya,meghalaya,1.04,0.0,329.08,0.24,4.72,
2017-02-01,Meghalaya,meghalaya,1.04,0.0,329.08,0.24,4.72,
2017-03-01,Meghalaya,meghalaya,1.56,0.0,493.62,0.36,7.08,
2017-04-01,Meghalaya,meghalaya,2.08,0.0,658.16,0.48,9.44,
2017-05-01,Meghalaya,meghalaya,2.6,0.0,822.7,0.6000000000000001,11.8,
2017-06-01,Meghalaya,meghalaya,4.16,0.0,1316.32,0.96,18.88,
2017-07-01,Meghalaya,meghalaya,9.36,0.0,2961.72,2.16,42.48,
2017-08-01,Meghalaya,meghalaya,11.44,0.0,3619.88,2.64,51.92,
2017-09-01,Meghalaya,meghalaya,9.36,0.0,2961.72,2.16,42.48,
2017-10-01,Meghalaya,meghalaya,5.2,0.0,1645.4,1.2000000000000002,23.6,
2017-11-01,Meghalaya,meghalaya,2.6,0.0,822.7,0.6000000000000001,11.8,
2017-12-01,Meghalaya,meghalaya,1.56,0.0,493.62,0.36,7.08,
2018-01-01,Meghalaya,meghalaya,0.88,0.0,127.88000000000001,0.12,0.88,
2018-02-01,Meghalaya,meghalaya,0.88,0.0,127.88000000000001,0.12,0.88,
2018-03-01,Meghalaya,meghalaya,1.3199999999999998,0.0,191.82,0.18,1.3199999999999998,
2018-04-01,Meghalaya,meghalaya,1.76,0.0,255.76000000000002,0.24,1.76,
2018-05-01,Meghalaya,meghalaya,2.2,0.0,319.70000000000005,0.30000000000000004,2.2,
2018-06-01,Meghalaya,meghalaya,3.52,0.0,511.52000000000004,0.48,3.52,
2018-07-01,Meghalaya,meghalaya,7.92,0.0,1150.9199999999998,1.08,7.92,
2018-08-01,Meghalaya,meghalaya,9.68,0.0,1406.68,1.32,9.68,
2018-09-01,Meghalaya,meghalaya,7.92,0.0,1150.9199999999998,1.08,7.92,
2018-10-01,Meghalaya,meghalaya,4.4,0.0,639.4000000000001,0.6000000000000001,4.4,
2018-11-01,Meghalaya,meghalaya,2.2,0.0,319.70000000000005,0.30000000000000004,2.2,
2018-12-01,Meghalaya,meghalaya,1.3199999999999998,0.0,191.82,0.18,1.3199999999999998,
2019-01-01,Meghalaya,meghalaya,1.6400000000000001,0.0,52.300000000000004,0.08,2.2800000000000002,
2019-02-01,Meghalaya,meghalaya,1.6400000000000001,0.0,52.300000000000004,0.08,2.2800000000000002,
2019-03-01,Meghalaya,meghalaya,2.46,0.0,78.45,0.12,3.42,
2019-04-01,Meghalaya,meghalaya,3.2800000000000002,0.0,104.60000000000001,0.16,4.5600000000000005,
2019-05-01,Meghalaya,meghalaya,4.1000000000000005,0.0,130.75,0.2,5.7,
2019-06-01,Meghalaya,meghalaya,6.5600000000000005,0.0,209.20000000000002,0.32,9.120000000000001,
2019-07-01,Meghalaya,meghalaya,14.76,0.0,470.7,0.72,20.52,
2019-08-01,Meghalaya,meghalaya,18.04,0.0,575.3,0.88,25.080000000000002,
2019-09-01,Meghalaya,meghalaya,14.76,0.0,470.7,0.72,20.52,
2019-10-01,Meghalaya,meghalaya,8.200000000000001,0.0,261.5,0.4,11.4,
2019-11-01,Meghalaya,meghalaya,4.1000000000000005,0.0,130.75,0.2,5.7,
2019-12-01,Meghalaya,meghalaya,2.46,0.0,78.45,0.12,3.42,
2020-01-01,Meghalaya,meghalaya,0.08,0.0,40.36,0.08,0.06,
2020-02-01,Meghalaya,meghalaya,0.08,0.0,40.36,0.08,0.06,
2020-03-01,Meghalaya,meghalaya,0.12,0.0,60.54,0.12,0.09,
2020-04-01,Meghalaya,meghalaya,0.16,0.0,80.72,0.16,0.12,
2020-05-01,Meghalaya,meghalaya,0.2,0.0,100.9,0.2,0.15000000000000002,
2020-06-01,Meghalaya,meghalaya,0.32,0.0,161.44,0.32,0.24,
2020-07-01,Meghalaya,meghalaya,0.72,0.0,363.24,0.72,0.54,
2020-08-01,Meghalaya,meghalaya,0.88,0.0,443.96,0.88,0.66,
2020-09-01,Meghalaya,meghalaya,0.72,0.0,363.24,0.72,0.54,
2020-10-01,Meghalaya,meghalaya,0.4,0.0,201.8,0.4,0.30000000000000004,
2020-11-01,Meghalaya,meghalaya,0.2,0.0,100.9,0.2,0.15000000000000002,
2020-12-01,Meghalaya,meghalaya,0.12,0.0,60.54,0.12,0.09,
2021-01-01,Meghalaya,meghalaya,254.4,0.84,9.82,0.06,433.6,
2021-02-01,Meghalaya,meghalaya,254.4,0.84,9.82,0.06,433.6,
2021-03-01,Meghalaya,meghalaya,381.59999999999997,1.26,14.729999999999999,0.09,650.4,
2021-04-01,Meghalaya,meghalaya,508.8,1.68,19.64,0.12,867.2,
2021-05-01,Meghalaya,meghalaya,636.0,2.1,24.55,0.15000000000000002,1084.0,
2021-06-01,Meghalaya,meghalaya,1017.6,3.36,39.28,0.24,1734.4,
2021-07-01,Meghalaya,meghalaya,2289.6,7.56,88.38,0.54,3902.3999999999996,
2021-08-01,Meghalaya,meghalaya,2798.4,9.24,108.02,0.66,4769.6,
2021-09-01,Meghalaya,meghalaya,2289.6,7.56,88.38,0.54,3902.3999999999996,
2021-10-01,Meghalaya,meghalaya,1272.0,4.2,49.1,0.30000000000000004,2168.0,
2021-11-01,Meghalaya,meghalaya,636.0,2.1,24.55,0.15000000000000002,1084.0,
2021-12-01,Meghalaya,meghalaya,381.59999999999997,1.26,14.729999999999999,0.09,650.4,
2022-01-01,Meghalaya,meghalaya,0.52,0.0,9.26,0.12,291.38,
2022-02-01,Meghalaya,meghalaya,0.52,0.0,9.26,0.12,291.38,
2022-03-01,Meghalaya,meghalaya,0.78,0.0,13.889999999999999,0.18,437.07,
2022-04-01,Meghalaya,meghalaya,1.04,0.0,18.52,0.24,582.76,
2022-05-01,Meghalaya,meghalaya,1.3,0.0,23.150000000000002,0.30000000000000004,728.45,
2022-06-01,Meghalaya,meghalaya,2.08,0.0,37.04,0.48,1165.52,
2022-07-01,Meghalaya,meghalaya,4.68,0.0,83.34,1.08,2622.42,
2022-08-01,Meghalaya,meghalaya,5.72,0.0,101.86,1.32,3205.18,
2022-09-01,Meghalaya,meghalaya,4.68,0.0,83.34,1.08,2622.42,
2022-10-01,Meghalaya,meghalaya,2.6,0.0,46.300000000000004,0.6000000000000001,1456.9,
2022-11-01,Meghalaya,meghalaya,1.3,0.0,23.150000000000002,0.30000000000000004,728.45,
2022-12-01,Meghalaya,meghalaya,0.78,0.0,13.889999999999999,0.18,437.07,
2001-01-01,Mizoram,mizoram,,,218.58,0.86,,
2001-02-01,Mizoram,mizoram,,,218.58,0.86,,
2001-03-01,Mizoram,mizoram,,,327.87,1.29,,
2001-04-01,Mizoram,mizoram,,,437.16,1.72,,
2001-05-01,Mizoram,mizoram,,,546.45,2.15,,
2001-06-01,Mizoram,mizoram,,,874.32,3.44,,
2001-07-01,Mizoram,mizoram,,,1967.22,7.739999999999999,,
2001-08-01,Mizoram,mizoram,,,2404.38,9.46,,
2001-09-01,Mizoram,mizoram,,,1967.22,7.739999999999999,,
2001-10-01,Mizoram,mizoram,,,1092.9,4.3,,
2001-11-01,Mizoram,mizoram,,,546.45,2.15,,
2001-12-01,Mizoram,mizoram,,,327.87,1.29,,
2002-01-01,Mizoram,mizoram,,,157.18,0.7000000000000001,,
2002-02-01,Mizoram,mizoram,,,157.18,0.7000000000000001,,
2002-03-01,Mizoram,mizoram,,,235.76999999999998,1.05,,
2002-04-01,Mizoram,mizoram,,,314.36,1.4000000000000001,,
2002-05-01,Mizoram,mizoram,,,392.95000000000005,1.75,,
2002-06-01,Mizoram,mizoram,,,628.72,2.8000000000000003,,
2002-07-01,Mizoram,mizoram,,,1414.62,6.3,,
2002-08-01,Mizoram,mizoram,,,1728.98,7.7,,
2002-09-01,Mizoram,mizoram,,,1414.62,6.3,,
2002-10-01,Mizoram,mizoram,,,785.9000000000001,3.5,,
2002-11-01,Mizoram,mizoram,,,392.95000000000005,1.75,,
2002-12-01,Mizoram,mizoram,,,235.76999999999998,1.05,,
2003-01-01,Mizoram,mizoram,,,145.86,0.96,,
2003-02-01,Mizoram,mizoram,,,145.86,0.96,,
2003-03-01,Mizoram,mizoram,,,218.79,1.44,,
2003-04-01,Mizoram,mizoram,,,291.72,1.92,,
2003-05-01,Mizoram,mizoram,,,364.65000000000003,2.4000000000000004,,
2003-06-01,Mizoram,mizoram,,,583.44,3.84,,
2003-07-01,Mizoram,mizoram,,,1312.74,8.64,,
2003-08-01,Mizoram,mizoram,,,1604.46,10.56,,
2003-09-01,Mizoram,mizoram,,,1312.74,8.64,,
2003-10-01,Mizoram,mizoram,,,729.3000000000001,4.800000000000001,,
2003-11-01,Mizoram,mizoram,,,364.65000000000003,2.4000000000000004,,
2003-12-01,Mizoram,mizoram,,,218.79,1.44,,
2004-01-01,Mizoram,mizoram,,,156.6,1.44,,
2004-02-01,Mizoram,mizoram,,,156.6,1.44,,
2004-03-01,Mizoram,mizoram,,,234.89999999999998,2.16,,
2004-04-01,Mizoram,mizoram,,,313.2,2.88,,
2004-05-01,Mizoram,mizoram,,,391.5,3.6,,
2004-06-01,Mizoram,mizoram,,,626.4,5.76,,
2004-07-01,Mizoram,mizoram,,,1409.3999999999999,12.959999999999999,,
2004-08-01,Mizoram,mizoram,,,1722.6,15.84,,
2004-09-01,Mizoram,mizoram,,,1409.3999999999999,12.959999999999999,,
2004-10-01,Mizoram,mizoram,,,783.0,7.2,,
2004-11-01,Mizoram,mizoram,,,391.5,3.6,,
2004-12-01,Mizoram,mizoram,,,234.89999999999998,2.16,,
2005-01-01,Mizoram,mizoram,,,214.82,1.48,,
2005-02-01,Mizoram,mizoram,,,214.82,1.48,,
2005-03-01,Mizoram,mizoram,,,322.22999999999996,2.2199999999999998,,
2005-04-01,Mizoram,mizoram,,,429.64,2.96,,
2005-05-01,Mizoram,mizoram,,,537.0500000000001,3.7,,
2005-06-01,Mizoram,mizoram,,,859.28,5.92,,
2005-07-01,Mizoram,mizoram,,,1933.3799999999999,13.32,,
2005-08-01,Mizoram,mizoram,,,2363.02,16.28,,
2005-09-01,Mizoram,mizoram,,,1933.3799999999999,13.32,,
2005-10-01,Mizoram,mizoram,,,1074.1000000000001,7.4,,
2005-11-01,Mizoram,mizoram,,,537.0500000000001,3.7,,
2005-12-01,Mizoram,mizoram,,,322.22999999999996,2.2199999999999998,,
2006-01-01,Mizoram,mizoram,,,213.36,2.4,,
2006-02-01,Mizoram,mizoram,,,213.36,2.4,,
2006-03-01,Mizoram,mizoram,,,320.03999999999996,3.5999999999999996,,
2006-04-01,Mizoram,mizoram,,,426.72,4.8,,
2006-05-01,Mizoram,mizoram,,,533.4,6.0,,
2006-06-01,Mizoram,mizoram,,,853.44,9.6,,
2006-07-01,Mizoram,mizoram,,,1920.24,21.599999999999998,,
2006-08-01,Mizoram,mizoram,,,2346.96,26.4,,
2006-09-01,Mizoram,mizoram,,,1920.24,21.599999999999998,,
2006-10-01,Mizoram,mizoram,,,1066.8,12.0,,
2006-11-01,Mizoram,mizoram,,,533.4,6.0,,
2006-12-01,Mizoram,mizoram,,,320.03999999999996,3.5999999999999996,,
2007-01-01,Mizoram,mizoram,,,121.62,1.5,,
2007-02-01,Mizoram,mizoram,,,121.62,1.5,,
2007-03-01,Mizoram,mizoram,,,182.43,2.25,,
2007-04-01,Mizoram,mizoram,,,243.24,3.0,,
2007-05-01,Mizoram,mizoram,,,304.05,3.75,,
2007-06-01,Mizoram,mizoram,,,486.48,6.0,,
2007-07-01,Mizoram,mizoram,,,1094.58,13.5,,
2007-08-01,Mizoram,mizoram,,,1337.82,16.5,,
2007-09-01,Mizoram,mizoram,,,1094.58,13.5,,
2007-10-01,Mizoram,mizoram,,,608.1,7.5,,
2007-11-01,Mizoram,mizoram,,,304.05,3.75,,
2007-12-01,Mizoram,mizoram,,,182.43,2.25,,
2008-01-01,Mizoram,mizoram,0.0,0.0,147.22,1.82,0.0,
2008-02-01,Mizoram,mizoram,0.0,0.0,147.22,1.82,0.0,
2008-03-01,Mizoram,mizoram,0.0,0.0,220.82999999999998,2.73,0.0,
2008-04-01,Mizoram,mizoram,0.0,0.0,294.44,3.64,0.0,
2008-05-01,Mizoram,mizoram,0.0,0.0,368.05,4.55,0.0,
2008-06-01,Mizoram,mizoram,0.0,0.0,588.88,7.28,0.0,
2008-07-01,Mizoram,mizoram,0.0,0.0,1324.98,16.38,0.0,
2008-08-01,Mizoram,mizoram,0.0,0.0,1619.42,20.02,0.0,
2008-09-01,Mizoram,mizoram,0.0,0.0,1324.98,16.38,0.0,
2008-10-01,Mizoram,mizoram,0.0,0.0,736.1,9.1,0.0,
2008-11-01,Mizoram,mizoram,0.0,0.0,368.05,4.55,0.0,
2008-12-01,Mizoram,mizoram,0.0,0.0,220.82999999999998,2.73,0.0,
2009-01-01,Mizoram,mizoram,0.0,0.0,187.98,2.38,0.0,
2009-02-01,Mizoram,mizoram,0.0,0.0,187.98,2.38,0.0,
2009-03-01,Mizoram,mizoram,0.0,0.0,281.96999999999997,3.57,0.0,
2009-04-01,Mizoram,mizoram,0.0,0.0,375.96,4.76,0.0,
2009-05-01,Mizoram,mizoram,0.0,0.0,469.95000000000005,5.95,0.0,
2009-06-01,Mizoram,mizoram,0.0,0.0,751.92,9.52,0.0,
2009-07-01,Mizoram,mizoram,0.0,0.0,1691.82,21.419999999999998,0.0,
2009-08-01,Mizoram,mizoram,0.0,0.0,2067.78,26.18,0.0,
2009-09-01,Mizoram,mizoram,0.0,0.0,1691.82,21.419999999999998,0.0,
2009-10-01,Mizoram,mizoram,0.0,0.0,939.9000000000001,11.9,0.0,
2009-11-01,Mizoram,mizoram,0.0,0.0,469.95000000000005,5.95,0.0,
2009-12-01,Mizoram,mizoram,0.0,0.0,281.96999999999997,3.57,0.0,
2010-01-01,Mizoram,mizoram,0.0,0.0,311.88,0.62,0.0,
2010-02-01,Mizoram,mizoram,0.0,0.0,311.88,0.62,0.0,
2010-03-01,Mizoram,mizoram,0.0,0.0,467.82,0.9299999999999999,0.0,
2010-04-01,Mizoram,mizoram,0.0,0.0,623.76,1.24,0.0,
2010-05-01,Mizoram,mizoram,0.0,0.0,779.7,1.55,0.0,
2010-06-01,Mizoram,mizoram,0.0,0.0,1247.52,2.48,0.0,
2010-07-01,Mizoram,mizoram,0.0,0.0,2806.92,5.58,0.0,
2010-08-01,Mizoram,mizoram,0.0,0.0,3430.68,6.82,0.0,
2010-09-01,Mizoram,mizoram,0.0,0.0,2806.92,5.58,0.0,
2010-10-01,Mizoram,mizoram,0.0,0.0,1559.4,3.1,0.0,
2010-11-01,Mizoram,mizoram,0.0,0.0,779.7,1.55,0.0,
2010-12-01,Mizoram,mizoram,0.0,0.0,467.82,0.9299999999999999,0.0,
2011-01-01,Mizoram,mizoram,0.0,0.0,177.22,0.6,0.0,
2011-02-01,Mizoram,mizoram,0.0,0.0,177.22,0.6,0.0,
2011-03-01,Mizoram,mizoram,0.0,0.0,265.83,0.8999999999999999,0.0,
2011-04-01,Mizoram,mizoram,0.0,0.0,354.44,1.2,0.0,
2011-05-01,Mizoram,mizoram,0.0,0.0,443.05,1.5,0.0,
2011-06-01,Mizoram,mizoram,0.0,0.0,708.88,2.4,0.0,
2011-07-01,Mizoram,mizoram,0.0,0.0,1594.98,5.3999999999999995,0.0,
2011-08-01,Mizoram,mizoram,0.0,0.0,1949.42,6.6,0.0,
2011-09-01,Mizoram,mizoram,0.0,0.0,1594.98,5.3999999999999995,0.0,
2011-10-01,Mizoram,mizoram,0.0,0.0,886.1,3.0,0.0,
2011-11-01,Mizoram,mizoram,0.0,0.0,443.05,1.5,0.0,
2011-12-01,Mizoram,mizoram,0.0,0.0,265.83,0.8999999999999999,0.0,
2012-01-01,Mizoram,mizoram,0.12,0.0,197.66,0.5,,
2012-02-01,Mizoram,mizoram,0.12,0.0,197.66,0.5,,
2012-03-01,Mizoram,mizoram,0.18,0.0,296.49,0.75,,
2012-04-01,Mizoram,mizoram,0.24,0.0,395.32,1.0,,
2012-05-01,Mizoram,mizoram,0.30000000000000004,0.0,494.15000000000003,1.25,,
2012-06-01,Mizoram,mizoram,0.48,0.0,790.64,2.0,,
2012-07-01,Mizoram,mizoram,1.08,0.0,1778.9399999999998,4.5,,
2012-08-01,Mizoram,mizoram,1.32,0.0,2174.26,5.5,,
2012-09-01,Mizoram,mizoram,1.08,0.0,1778.9399999999998,4.5,,
2012-10-01,Mizoram,mizoram,0.6000000000000001,0.0,988.3000000000001,2.5,,
2012-11-01,Mizoram,mizoram,0.30000000000000004,0.0,494.15000000000003,1.25,,
2012-12-01,Mizoram,mizoram,0.18,0.0,296.49,0.75,,
2013-01-01,Mizoram,mizoram,0.14,0.0,234.94,0.42,0.0,
2013-02-01,Mizoram,mizoram,0.14,0.0,234.94,0.42,0.0,
2013-03-01,Mizoram,mizoram,0.21,0.0,352.40999999999997,0.63,0.0,
2013-04-01,Mizoram,mizoram,0.28,0.0,469.88,0.84,0.0,
2013-05-01,Mizoram,mizoram,0.35000000000000003,0.0,587.35,1.05,0.0,
2013-06-01,Mizoram,mizoram,0.56,0.0,939.76,1.68,0.0,
2013-07-01,Mizoram,mizoram,1.26,0.0,2114.46,3.78,0.0,
2013-08-01,Mizoram,mizoram,1.54,0.0,2584.34,4.62,0.0,
2013-09-01,Mizoram,mizoram,1.26,0.0,2114.46,3.78,0.0,
2013-10-01,Mizoram,mizoram,0.7000000000000001,0.0,1174.7,2.1,0.0,
2013-11-01,Mizoram,mizoram,0.35000000000000003,0.0,587.35,1.05,0.0,
2013-12-01,Mizoram,mizoram,0.21,0.0,352.40999999999997,0.63,0.0,
2014-01-01,Mizoram,mizoram,,,462.90000000000003,0.62,,
2014-02-01,Mizoram,mizoram,,,462.90000000000003,0.62,,
2014-03-01,Mizoram,mizoram,,,694.35,0.9299999999999999,,
2014-04-01,Mizoram,mizoram,,,925.8000000000001,1.24,,
2014-05-01,Mizoram,mizoram,,,1157.25,1.55,,
2014-06-01,Mizoram,mizoram,,,1851.6000000000001,2.48,,
2014-07-01,Mizoram,mizoram,,,4166.099999999999,5.58,,
2014-08-01,Mizoram,mizoram,,,5091.9,6.82,,
2014-09-01,Mizoram,mizoram,,,4166.099999999999,5.58,,
2014-10-01,Mizoram,mizoram,,,2314.5,3.1,,
2014-11-01,Mizoram,mizoram,,,1157.25,1.55,,
2014-12-01,Mizoram,mizoram,,,694.35,0.9299999999999999,,
2015-01-01,Mizoram,mizoram,,,571.86,0.42,0.0,
2015-02-01,Mizoram,mizoram,,,571.86,0.42,0.0,
2015-03-01,Mizoram,mizoram,,,857.79,0.63,0.0,
2015-04-01,Mizoram,mizoram,,,1143.72,0.84,0.0,
2015-05-01,Mizoram,mizoram,,,1429.65,1.05,0.0,
2015-06-01,Mizoram,mizoram,,,2287.44,1.68,0.0,
2015-07-01,Mizoram,mizoram,,,5146.74,3.78,0.0,
2015-08-01,Mizoram,mizoram,,,6290.46,4.62,0.0,
2015-09-01,Mizoram,mizoram,,,5146.74,3.78,0.0,
2015-10-01,Mizoram,mizoram,,,2859.3,2.1,0.0,
2015-11-01,Mizoram,mizoram,,,1429.65,1.05,0.0,
2015-12-01,Mizoram,mizoram,,,857.79,0.63,0.0,
2016-01-01,Mizoram,mizoram,,,151.66,0.18,0.0,
2016-02-01,Mizoram,mizoram,,,151.66,0.18,0.0,
2016-03-01,Mizoram,mizoram,,,227.48999999999998,0.27,0.0,
2016-04-01,Mizoram,mizoram,,,303.32,0.36,0.0,
2016-05-01,Mizoram,mizoram,,,379.15000000000003,0.45,0.0,
2016-06-01,Mizoram,mizoram,,,606.64,0.72,0.0,
2016-07-01,Mizoram,mizoram,,,1364.94,1.6199999999999999,0.0,
2016-08-01,Mizoram,mizoram,,,1668.26,1.98,0.0,
2016-09-01,Mizoram,mizoram,,,1364.94,1.6199999999999999,0.0,
2016-10-01,Mizoram,mizoram,,,758.3000000000001,0.9,0.0,
2016-11-01,Mizoram,mizoram,,,379.15000000000003,0.45,0.0,
2016-12-01,Mizoram,mizoram,,,227.48999999999998,0.27,0.0,
2017-01-01,Mizoram,mizoram,2.72,0.0,114.3,0.08,0.0,
2017-02-01,Mizoram,mizoram,2.72,0.0,114.3,0.08,0.0,
2017-03-01,Mizoram,mizoram,4.08,0.0,171.45,0.12,0.0,
2017-04-01,Mizoram,mizoram,5.44,0.0,228.6,0.16,0.0,
2017-05-01,Mizoram,mizoram,6.800000000000001,0.0,285.75,0.2,0.0,
2017-06-01,Mizoram,mizoram,10.88,0.0,457.2,0.32,0.0,
2017-07-01,Mizoram,mizoram,24.48,0.0,1028.7,0.72,0.0,
2017-08-01,Mizoram,mizoram,29.92,0.0,1257.3,0.88,0.0,
2017-09-01,Mizoram,mizoram,24.48,0.0,1028.7,0.72,0.0,
2017-10-01,Mizoram,mizoram,13.600000000000001,0.0,571.5,0.4,0.0,
2017-11-01,Mizoram,mizoram,6.800000000000001,0.0,285.75,0.2,0.0,
2017-12-01,Mizoram,mizoram,4.08,0.0,171.45,0.12,0.0,
2018-01-01,Mizoram,mizoram,1.36,0.0,85.92,0.06,1.86,
2018-02-01,Mizoram,mizoram,1.36,0.0,85.92,0.06,1.86,
2018-03-01,Mizoram,mizoram,2.04,0.0,128.88,0.09,2.79,
2018-04-01,Mizoram,mizoram,2.72,0.0,171.84,0.12,3.72,
2018-05-01,Mizoram,mizoram,3.4000000000000004,0.0,214.8,0.15000000000000002,4.65,
2018-06-01,Mizoram,mizoram,5.44,0.0,343.68,0.24,7.44,
2018-07-01,Mizoram,mizoram,12.24,0.0,773.28,0.54,16.74,
2018-08-01,Mizoram,mizoram,14.96,0.0,945.12,0.66,20.46,
2018-09-01,Mizoram,mizoram,12.24,0.0,773.28,0.54,16.74,
2018-10-01,Mizoram,mizoram,6.800000000000001,0.0,429.6,0.30000000000000004,9.3,
2018-11-01,Mizoram,mizoram,3.4000000000000004,0.0,214.8,0.15000000000000002,4.65,
2018-12-01,Mizoram,mizoram,2.04,0.0,128.88,0.09,2.79,
2019-01-01,Mizoram,mizoram,0.84,0.0,170.86,0.16,0.0,
2019-02-01,Mizoram,mizoram,0.84,0.0,170.86,0.16,0.0,
2019-03-01,Mizoram,mizoram,1.26,0.0,256.28999999999996,0.24,0.0,
2019-04-01,Mizoram,mizoram,1.68,0.0,341.72,0.32,0.0,
2019-05-01,Mizoram,mizoram,2.1,0.0,427.15000000000003,0.4,0.0,
2019-06-01,Mizoram,mizoram,3.36,0.0,683.44,0.64,0.0,
2019-07-01,Mizoram,mizoram,7.56,0.0,1537.74,1.44,0.0,
2019-08-01,Mizoram,mizoram,9.24,0.0,1879.46,1.76,0.0,
2019-09-01,Mizoram,mizoram,7.56,0.0,1537.74,1.44,0.0,
2019-10-01,Mizoram,mizoram,4.2,0.0,854.3000000000001,0.8,0.0,
2019-11-01,Mizoram,mizoram,2.1,0.0,427.15000000000003,0.4,0.0,
2019-12-01,Mizoram,mizoram,1.26,0.0,256.28999999999996,0.24,0.0,
2020-01-01,Mizoram,mizoram,1.34,0.0,155.62,0.12,0.68,
2020-02-01,Mizoram,mizoram,1.34,0.0,155.62,0.12,0.68,
2020-03-01,Mizoram,mizoram,2.01,0.0,233.42999999999998,0.18,1.02,
2020-04-01,Mizoram,mizoram,2.68,0.0,311.24,0.24,1.36,
2020-05-01,Mizoram,mizoram,3.35,0.0,389.05,0.30000000000000004,1.7000000000000002,
2020-06-01,Mizoram,mizoram,5.36,0.0,622.48,0.48,2.72,
2020-07-01,Mizoram,mizoram,12.059999999999999,0.0,1400.58,1.08,6.12,
2020-08-01,Mizoram,mizoram,14.74,0.0,1711.82,1.32,7.48,
2020-09-01,Mizoram,mizoram,12.059999999999999,0.0,1400.58,1.08,6.12,
2020-10-01,Mizoram,mizoram,6.7,0.0,778.1,0.6000000000000001,3.4000000000000004,
2020-11-01,Mizoram,mizoram,3.35,0.0,389.05,0.30000000000000004,1.7000000000000002,
2020-12-01,Mizoram,mizoram,2.01,0.0,233.42999999999998,0.18,1.02,
2021-01-01,Mizoram,mizoram,1.6600000000000001,0.0,160.36,0.2,0.0,
2021-02-01,Mizoram,mizoram,1.6600000000000001,0.0,160.36,0.2,0.0,
2021-03-01,Mizoram,mizoram,2.4899999999999998,0.0,240.54,0.3,0.0,
2021-04-01,Mizoram,mizoram,3.3200000000000003,0.0,320.72,0.4,0.0,
2021-05-01,Mizoram,mizoram,4.15,0.0,400.90000000000003,0.5,0.0,
2021-06-01,Mizoram,mizoram,6.640000000000001,0.0,641.44,0.8,0.0,
2021-07-01,Mizoram,mizoram,14.94,0.0,1443.24,1.7999999999999998,0.0,
2021-08-01,Mizoram,mizoram,18.26,0.0,1763.96,2.2,0.0,
2021-09-01,Mizoram,mizoram,14.94,0.0,1443.24,1.7999999999999998,0.0,
2021-10-01,Mizoram,mizoram,8.3,0.0,801.8000000000001,1.0,0.0,
2021-11-01,Mizoram,mizoram,4.15,0.0,400.90000000000003,0.5,0.0,
2021-12-01,Mizoram,mizoram,2.4899999999999998,0.0,240.54,0.3,0.0,
2022-01-01,Mizoram,mizoram,37.36,0.1,204.44,0.16,3.9,
2022-02-01,Mizoram,mizoram,37.36,0.1,204.44,0.16,3.9,
2022-03-01,Mizoram,mizoram,56.04,0.15,306.65999999999997,0.24,5.85,
2022-04-01,Mizoram,mizoram,74.72,0.2,408.88,0.32,7.8,
2022-05-01,Mizoram,mizoram,93.4,0.25,511.1,0.4,9.75,
2022-06-01,Mizoram,mizoram,149.44,0.4,817.76,0.64,15.6,
2022-07-01,Mizoram,mizoram,336.24,0.8999999999999999,1839.96,1.44,35.1,
2022-08-01,Mizoram,mizoram,410.96,1.1,2248.84,1.76,42.9,
2022-09-01,Mizoram,mizoram,336.24,0.8999999999999999,1839.96,1.44,35.1,
2022-10-01,Mizoram,mizoram,186.8,0.5,1022.2,0.8,19.5,
2022-11-01,Mizoram,mizoram,93.4,0.25,511.1,0.4,9.75,
2022-12-01,Mizoram,mizoram,56.04,0.15,306.65999999999997,0.24,5.85,
2001-01-01,Nagaland,nagaland,,,86.36,0.02,,
2001-02-01,Nagaland,nagaland,,,86.36,0.02,,
2001-03-01,Nagaland,nagaland,,,129.54,0.03,,
2001-04-01,Nagaland,nagaland,,,172.72,0.04,,
2001-05-01,Nagaland,nagaland,,,215.9,0.05,,
2001-06-01,Nagaland,nagaland,,,345.44,0.08,,
2001-07-01,Nagaland,nagaland,,,777.24,0.18,,
2001-08-01,Nagaland,nagaland,,,949.96,0.22,,
2001-09-01,Nagaland,nagaland,,,777.24,0.18,,
2001-10-01,Nagaland,nagaland,,,431.8,0.1,,
2001-11-01,Nagaland,nagaland,,,215.9,0.05,,
2001-12-01,Nagaland,nagaland,,,129.54,0.03,,
2002-01-01,Nagaland,nagaland,,,78.9,0.0,,
2002-02-01,Nagaland,nagaland,,,78.9,0.0,,
2002-03-01,Nagaland,nagaland,,,118.35,0.0,,
2002-04-01,Nagaland,nagaland,,,157.8,0.0,,
2002-05-01,Nagaland,nagaland,,,197.25,0.0,,
2002-06-01,Nagaland,nagaland,,,315.6,0.0,,
2002-07-01,Nagaland,nagaland,,,710.1,0.0,,
2002-08-01,Nagaland,nagaland,,,867.9,0.0,,
2002-09-01,Nagaland,nagaland,,,710.1,0.0,,
2002-10-01,Nagaland,nagaland,,,394.5,0.0,,
2002-11-01,Nagaland,nagaland,,,197.25,0.0,,
2002-12-01,Nagaland,nagaland,,,118.35,0.0,,
2003-01-01,Nagaland,nagaland,,,67.4,0.0,,
2003-02-01,Nagaland,nagaland,,,67.4,0.0,,
2003-03-01,Nagaland,nagaland,,,101.1,0.0,,
2003-04-01,Nagaland,nagaland,,,134.8,0.0,,
2003-05-01,Nagaland,nagaland,,,168.5,0.0,,
2003-06-01,Nagaland,nagaland,,,269.6,0.0,,
2003-07-01,Nagaland,nagaland,,,606.6,0.0,,
2003-08-01,Nagaland,nagaland,,,741.4,0.0,,
2003-09-01,Nagaland,nagaland,,,606.6,0.0,,
2003-10-01,Nagaland,nagaland,,,337.0,0.0,,
2003-11-01,Nagaland,nagaland,,,168.5,0.0,,
2003-12-01,Nagaland,nagaland,,,101.1,0.0,,
2004-01-01,Nagaland,nagaland,,,49.72,0.02,,
2004-02-01,Nagaland,nagaland,,,49.72,0.02,,
2004-03-01,Nagaland,nagaland,,,74.58,0.03,,
2004-04-01,Nagaland,nagaland,,,99.44,0.04,,
2004-05-01,Nagaland,nagaland,,,124.30000000000001,0.05,,
2004-06-01,Nagaland,nagaland,,,198.88,0.08,,
2004-07-01,Nagaland,nagaland,,,447.47999999999996,0.18,,
2004-08-01,Nagaland,nagaland,,,546.92,0.22,,
2004-09-01,Nagaland,nagaland,,,447.47999999999996,0.18,,
2004-10-01,Nagaland,nagaland,,,248.60000000000002,0.1,,
2004-11-01,Nagaland,nagaland,,,124.30000000000001,0.05,,
2004-12-01,Nagaland,nagaland,,,74.58,0.03,,
2005-01-01,Nagaland,nagaland,0.0,0.0,59.74,0.0,,
2005-02-01,Nagaland,nagaland,0.0,0.0,59.74,0.0,,
2005-03-01,Nagaland,nagaland,0.0,0.0,89.61,0.0,,
2005-04-01,Nagaland,nagaland,0.0,0.0,119.48,0.0,,
2005-05-01,Nagaland,nagaland,0.0,0.0,149.35,0.0,,
2005-06-01,Nagaland,nagaland,0.0,0.0,238.96,0.0,,
2005-07-01,Nagaland,nagaland,0.0,0.0,537.66,0.0,,
2005-08-01,Nagaland,nagaland,0.0,0.0,657.14,0.0,,
2005-09-01,Nagaland,nagaland,0.0,0.0,537.66,0.0,,
2005-10-01,Nagaland,nagaland,0.0,0.0,298.7,0.0,,
2005-11-01,Nagaland,nagaland,0.0,0.0,149.35,0.0,,
2005-12-01,Nagaland,nagaland,0.0,0.0,89.61,0.0,,
2006-01-01,Nagaland,nagaland,0.0,0.0,67.22,1.5,,
2006-02-01,Nagaland,nagaland,0.0,0.0,67.22,1.5,,
2006-03-01,Nagaland,nagaland,0.0,0.0,100.83,2.25,,
2006-04-01,Nagaland,nagaland,0.0,0.0,134.44,3.0,,
2006-05-01,Nagaland,nagaland,0.0,0.0,168.05,3.75,,
2006-06-01,Nagaland,nagaland,0.0,0.0,268.88,6.0,,
2006-07-01,Nagaland,nagaland,0.0,0.0,604.98,13.5,,
2006-08-01,Nagaland,nagaland,0.0,0.0,739.42,16.5,,
2006-09-01,Nagaland,nagaland,0.0,0.0,604.98,13.5,,
2006-10-01,Nagaland,nagaland,0.0,0.0,336.1,7.5,,
2006-11-01,Nagaland,nagaland,0.0,0.0,168.05,3.75,,
2006-12-01,Nagaland,nagaland,0.0,0.0,100.83,2.25,,
2007-01-01,Nagaland,nagaland,0.0,0.0,99.52,0.52,,
2007-02-01,Nagaland,nagaland,0.0,0.0,99.52,0.52,,
2007-03-01,Nagaland,nagaland,0.0,0.0,149.28,0.78,,
2007-04-01,Nagaland,nagaland,0.0,0.0,199.04,1.04,,
2007-05-01,Nagaland,nagaland,0.0,0.0,248.8,1.3,,
2007-06-01,Nagaland,nagaland,0.0,0.0,398.08,2.08,,
2007-07-01,Nagaland,nagaland,0.0,0.0,895.68,4.68,,
2007-08-01,Nagaland,nagaland,0.0,0.0,1094.72,5.72,,
2007-09-01,Nagaland,nagaland,0.0,0.0,895.68,4.68,,
2007-10-01,Nagaland,nagaland,0.0,0.0,497.6,2.6,,
2007-11-01,Nagaland,nagaland,0.0,0.0,248.8,1.3,,
2007-12-01,Nagaland,nagaland,0.0,0.0,149.28,0.78,,
2008-01-01,Nagaland,nagaland,0.0,0.0,101.56,0.38,0.0,
2008-02-01,Nagaland,nagaland,0.0,0.0,101.56,0.38,0.0,
2008-03-01,Nagaland,nagaland,0.0,0.0,152.34,0.57,0.0,
2008-04-01,Nagaland,nagaland,0.0,0.0,203.12,0.76,0.0,
2008-05-01,Nagaland,nagaland,0.0,0.0,253.9,0.9500000000000001,0.0,
2008-06-01,Nagaland,nagaland,0.0,0.0,406.24,1.52,0.0,
2008-07-01,Nagaland,nagaland,0.0,0.0,914.04,3.42,0.0,
2008-08-01,Nagaland,nagaland,0.0,0.0,1117.16,4.18,0.0,
2008-09-01,Nagaland,nagaland,0.0,0.0,914.04,3.42,0.0,
2008-10-01,Nagaland,nagaland,0.0,0.0,507.8,1.9000000000000001,0.0,
2008-11-01,Nagaland,nagaland,0.0,0.0,253.9,0.9500000000000001,0.0,
2008-12-01,Nagaland,nagaland,0.0,0.0,152.34,0.57,0.0,
2009-01-01,Nagaland,nagaland,0.5,0.0,169.78,0.7000000000000001,0.0,
2009-02-01,Nagaland,nagaland,0.5,0.0,169.78,0.7000000000000001,0.0,
2009-03-01,Nagaland,nagaland,0.75,0.0,254.67,1.05,0.0,
2009-04-01,Nagaland,nagaland,1.0,0.0,339.56,1.4000000000000001,0.0,
2009-05-01,Nagaland,nagaland,1.25,0.0,424.45000000000005,1.75,0.0,
2009-06-01,Nagaland,nagaland,2.0,0.0,679.12,2.8000000000000003,0.0,
2009-07-01,Nagaland,nagaland,4.5,0.0,1528.02,6.3,0.0,
2009-08-01,Nagaland,nagaland,5.5,0.0,1867.58,7.7,0.0,
2009-09-01,Nagaland,nagaland,4.5,0.0,1528.02,6.3,0.0,
2009-10-01,Nagaland,nagaland,2.5,0.0,848.9000000000001,3.5,0.0,
2009-11-01,Nagaland,nagaland,1.25,0.0,424.45000000000005,1.75,0.0,
2009-12-01,Nagaland,nagaland,0.75,0.0,254.67,1.05,0.0,
2010-01-01,Nagaland,nagaland,0.0,0.0,99.18,0.28,0.0,
2010-02-01,Nagaland,nagaland,0.0,0.0,99.18,0.28,0.0,
2010-03-01,Nagaland,nagaland,0.0,0.0,148.76999999999998,0.42,0.0,
2010-04-01,Nagaland,nagaland,0.0,0.0,198.36,0.56,0.0,
2010-05-01,Nagaland,nagaland,0.0,0.0,247.95000000000002,0.7000000000000001,0.0,
2010-06-01,Nagaland,nagaland,0.0,0.0,396.72,1.12,0.0,
2010-07-01,Nagaland,nagaland,0.0,0.0,892.62,2.52,0.0,
2010-08-01,Nagaland,nagaland,0.0,0.0,1090.98,3.08,0.0,
2010-09-01,Nagaland,nagaland,0.0,0.0,892.62,2.52,0.0,
2010-10-01,Nagaland,nagaland,0.0,0.0,495.90000000000003,1.4000000000000001,0.0,
2010-11-01,Nagaland,nagaland,0.0,0.0,247.95000000000002,0.7000000000000001,0.0,
2010-12-01,Nagaland,nagaland,0.0,0.0,148.76999999999998,0.42,0.0,
2011-01-01,Nagaland,nagaland,0.06,0.0,67.26,0.08,0.0,
2011-02-01,Nagaland,nagaland,0.06,0.0,67.26,0.08,0.0,
2011-03-01,Nagaland,nagaland,0.09,0.0,100.89,0.12,0.0,
2011-04-01,Nagaland,nagaland,0.12,0.0,134.52,0.16,0.0,
2011-05-01,Nagaland,nagaland,0.15000000000000002,0.0,168.15,0.2,0.0,
2011-06-01,Nagaland,nagaland,0.24,0.0,269.04,0.32,0.0,
2011-07-01,Nagaland,nagaland,0.54,0.0,605.34,0.72,0.0,
2011-08-01,Nagaland,nagaland,0.66,0.0,739.86,0.88,0.0,
2011-09-01,Nagaland,nagaland,0.54,0.0,605.34,0.72,0.0,
2011-10-01,Nagaland,nagaland,0.30000000000000004,0.0,336.3,0.4,0.0,
2011-11-01,Nagaland,nagaland,0.15000000000000002,0.0,168.15,0.2,0.0,
2011-12-01,Nagaland,nagaland,0.09,0.0,100.89,0.12,0.0,
2012-01-01,Nagaland,nagaland,0.0,0.0,57.82,0.02,,
2012-02-01,Nagaland,nagaland,0.0,0.0,57.82,0.02,,
2012-03-01,Nagaland,nagaland,0.0,0.0,86.72999999999999,0.03,,
2012-04-01,Nagaland,nagaland,0.0,0.0,115.64,0.04,,
2012-05-01,Nagaland,nagaland,0.0,0.0,144.55,0.05,,
2012-06-01,Nagaland,nagaland,0.0,0.0,231.28,0.08,,
2012-07-01,Nagaland,nagaland,0.0,0.0,520.38,0.18,,
2012-08-01,Nagaland,nagaland,0.0,0.0,636.02,0.22,,
2012-09-01,Nagaland,nagaland,0.0,0.0,520.38,0.18,,
2012-10-01,Nagaland,nagaland,0.0,0.0,289.1,0.1,,
2012-11-01,Nagaland,nagaland,0.0,0.0,144.55,0.05,,
2012-12-01,Nagaland,nagaland,0.0,0.0,86.72999999999999,0.03,,
2013-01-01,Nagaland,nagaland,0.0,0.0,45.7,0.02,0.0,
2013-02-01,Nagaland,nagaland,0.0,0.0,45.7,0.02,0.0,
2013-03-01,Nagaland,nagaland,0.0,0.0,68.55,0.03,0.0,
2013-04-01,Nagaland,nagaland,0.0,0.0,91.4,0.04,0.0,
2013-05-01,Nagaland,nagaland,0.0,0.0,114.25,0.05,0.0,
2013-06-01,Nagaland,nagaland,0.0,0.0,182.8,0.08,0.0,
2013-07-01,Nagaland,nagaland,0.0,0.0,411.3,0.18,0.0,
2013-08-01,Nagaland,nagaland,0.0,0.0,502.7,0.22,0.0,
2013-09-01,Nagaland,nagaland,0.0,0.0,411.3,0.18,0.0,
2013-10-01,Nagaland,nagaland,0.0,0.0,228.5,0.1,0.0,
2013-11-01,Nagaland,nagaland,0.0,0.0,114.25,0.05,0.0,
2013-12-01,Nagaland,nagaland,0.0,0.0,68.55,0.03,0.0,
2014-01-01,Nagaland,nagaland,,,38.72,0.04,,
2014-02-01,Nagaland,nagaland,,,38.72,0.04,,
2014-03-01,Nagaland,nagaland,,,58.08,0.06,,
2014-04-01,Nagaland,nagaland,,,77.44,0.08,,
2014-05-01,Nagaland,nagaland,,,96.80000000000001,0.1,,
2014-06-01,Nagaland,nagaland,,,154.88,0.16,,
2014-07-01,Nagaland,nagaland,,,348.47999999999996,0.36,,
2014-08-01,Nagaland,nagaland,,,425.92,0.44,,
2014-09-01,Nagaland,nagaland,,,348.47999999999996,0.36,,
2014-10-01,Nagaland,nagaland,,,193.60000000000002,0.2,,
2014-11-01,Nagaland,nagaland,,,96.80000000000001,0.1,,
2014-12-01,Nagaland,nagaland,,,58.08,0.06,,
2015-01-01,Nagaland,nagaland,,,30.54,0.06,0.0,
2015-02-01,Nagaland,nagaland,,,30.54,0.06,0.0,
2015-03-01,Nagaland,nagaland,,,45.809999999999995,0.09,0.0,
2015-04-01,Nagaland,nagaland,,,61.08,0.12,0.0,
2015-05-01,Nagaland,nagaland,,,76.35000000000001,0.15000000000000002,0.0,
2015-06-01,Nagaland,nagaland,,,122.16,0.24,0.0,
2015-07-01,Nagaland,nagaland,,,274.86,0.54,0.0,
2015-08-01,Nagaland,nagaland,,,335.94,0.66,0.0,
2015-09-01,Nagaland,nagaland,,,274.86,0.54,0.0,
2015-10-01,Nagaland,nagaland,,,152.70000000000002,0.30000000000000004,0.0,
2015-11-01,Nagaland,nagaland,,,76.35000000000001,0.15000000000000002,0.0,
2015-12-01,Nagaland,nagaland,,,45.809999999999995,0.09,0.0,
2016-01-01,Nagaland,nagaland,,,16.56,0.0,0.0,
2016-02-01,Nagaland,nagaland,,,16.56,0.0,0.0,
2016-03-01,Nagaland,nagaland,,,24.84,0.0,0.0,
2016-04-01,Nagaland,nagaland,,,33.12,0.0,0.0,
2016-05-01,Nagaland,nagaland,,,41.400000000000006,0.0,0.0,
2016-06-01,Nagaland,nagaland,,,66.24,0.0,0.0,
2016-07-01,Nagaland,nagaland,,,149.04,0.0,0.0,
2016-08-01,Nagaland,nagaland,,,182.16,0.0,0.0,
2016-09-01,Nagaland,nagaland,,,149.04,0.0,0.0,
2016-10-01,Nagaland,nagaland,,,82.80000000000001,0.0,0.0,
2016-11-01,Nagaland,nagaland,,,41.400000000000006,0.0,0.0,
2016-12-01,Nagaland,nagaland,,,24.84,0.0,0.0,
2017-01-01,Nagaland,nagaland,7.140000000000001,0.0,7.88,0.02,0.0,
2017-02-01,Nagaland,nagaland,7.140000000000001,0.0,7.88,0.02,0.0,
2017-03-01,Nagaland,nagaland,10.709999999999999,0.0,11.82,0.03,0.0,
2017-04-01,Nagaland,nagaland,14.280000000000001,0.0,15.76,0.04,0.0,
2017-05-01,Nagaland,nagaland,17.85,0.0,19.700000000000003,0.05,0.0,
2017-06-01,Nagaland,nagaland,28.560000000000002,0.0,31.52,0.08,0.0,
2017-07-01,Nagaland,nagaland,64.25999999999999,0.0,70.92,0.18,0.0,
2017-08-01,Nagaland,nagaland,78.54,0.0,86.68,0.22,0.0,
2017-09-01,Nagaland,nagaland,64.25999999999999,0.0,70.92,0.18,0.0,
2017-10-01,Nagaland,nagaland,35.7,0.0,39.400000000000006,0.1,0.0,
2017-11-01,Nagaland,nagaland,17.85,0.0,19.700000000000003,0.05,0.0,
2017-12-01,Nagaland,nagaland,10.709999999999999,0.0,11.82,0.03,0.0,
2018-01-01,Nagaland,nagaland,7.38,0.0,2.2600000000000002,0.0,0.0,
2018-02-01,Nagaland,nagaland,7.38,0.0,2.2600000000000002,0.0,0.0,
2018-03-01,Nagaland,nagaland,11.07,0.0,3.3899999999999997,0.0,0.0,
2018-04-01,Nagaland,nagaland,14.76,0.0,4.5200000000000005,0.0,0.0,
2018-05-01,Nagaland,nagaland,18.45,0.0,5.65,0.0,0.0,
2018-06-01,Nagaland,nagaland,29.52,0.0,9.040000000000001,0.0,0.0,
2018-07-01,Nagaland,nagaland,66.42,0.0,20.34,0.0,0.0,
2018-08-01,Nagaland,nagaland,81.18,0.0,24.86,0.0,0.0,
2018-09-01,Nagaland,nagaland,66.42,0.0,20.34,0.0,0.0,
2018-10-01,Nagaland,nagaland,36.9,0.0,11.3,0.0,0.0,
2018-11-01,Nagaland,nagaland,18.45,0.0,5.65,0.0,0.0,
2018-12-01,Nagaland,nagaland,11.07,0.0,3.3899999999999997,0.0,0.0,
2019-01-01,Nagaland,nagaland,0.16,0.0,0.4,0.0,0.0,
2019-02-01,Nagaland,nagaland,0.16,0.0,0.4,0.0,0.0,
2019-03-01,Nagaland,nagaland,0.24,0.0,0.6,0.0,0.0,
2019-04-01,Nagaland,nagaland,0.32,0.0,0.8,0.0,0.0,
2019-05-01,Nagaland,nagaland,0.4,0.0,1.0,0.0,0.0,
2019-06-01,Nagaland,nagaland,0.64,0.0,1.6,0.0,0.0,
2019-07-01,Nagaland,nagaland,1.44,0.0,3.5999999999999996,0.0,0.0,
2019-08-01,Nagaland,nagaland,1.76,0.0,4.4,0.0,0.0,
2019-09-01,Nagaland,nagaland,1.44,0.0,3.5999999999999996,0.0,0.0,
2019-10-01,Nagaland,nagaland,0.8,0.0,2.0,0.0,0.0,
2019-11-01,Nagaland,nagaland,0.4,0.0,1.0,0.0,0.0,
2019-12-01,Nagaland,nagaland,0.24,0.0,0.6,0.0,0.0,
2020-01-01,Nagaland,nagaland,0.02,0.0,0.24,0.0,0.0,
2020-02-01,Nagaland,nagaland,0.02,0.0,0.24,0.0,0.0,
2020-03-01,Nagaland,nagaland,0.03,0.0,0.36,0.0,0.0,
2020-04-01,Nagaland,nagaland,0.04,0.0,0.48,0.0,0.0,
2020-05-01,Nagaland,nagaland,0.05,0.0,0.6000000000000001,0.0,0.0,
2020-06-01,Nagaland,nagaland,0.08,0.0,0.96,0.0,0.0,
2020-07-01,Nagaland,nagaland,0.18,0.0,2.16,0.0,0.0,
2020-08-01,Nagaland,nagaland,0.22,0.0,2.64,0.0,0.0,
2020-09-01,Nagaland,nagaland,0.18,0.0,2.16,0.0,0.0,
2020-10-01,Nagaland,nagaland,0.1,0.0,1.2000000000000002,0.0,0.0,
2020-11-01,Nagaland,nagaland,0.05,0.0,0.6000000000000001,0.0,0.0,
2020-12-01,Nagaland,nagaland,0.03,0.0,0.36,0.0,0.0,
2021-01-01,Nagaland,nagaland,0.48,0.0,0.16,0.0,0.0,
2021-02-01,Nagaland,nagaland,0.48,0.0,0.16,0.0,0.0,
2021-03-01,Nagaland,nagaland,0.72,0.0,0.24,0.0,0.0,
2021-04-01,Nagaland,nagaland,0.96,0.0,0.32,0.0,0.0,
2021-05-01,Nagaland,nagaland,1.2000000000000002,0.0,0.4,0.0,0.0,
2021-06-01,Nagaland,nagaland,1.92,0.0,0.64,0.0,0.0,
2021-07-01,Nagaland,nagaland,4.32,0.0,1.44,0.0,0.0,
2021-08-01,Nagaland,nagaland,5.28,0.0,1.76,0.0,0.0,
2021-09-01,Nagaland,nagaland,4.32,0.0,1.44,0.0,0.0,
2021-10-01,Nagaland,nagaland,2.4000000000000004,0.0,0.8,0.0,0.0,
2021-11-01,Nagaland,nagaland,1.2000000000000002,0.0,0.4,0.0,0.0,
2021-12-01,Nagaland,nagaland,0.72,0.0,0.24,0.0,0.0,
2022-01-01,Nagaland,nagaland,3.08,0.0,0.16,0.0,0.0,
2022-02-01,Nagaland,nagaland,3.08,0.0,0.16,0.0,0.0,
2022-03-01,Nagaland,nagaland,4.62,0.0,0.24,0.0,0.0,
2022-04-01,Nagaland,nagaland,6.16,0.0,0.32,0.0,0.0,
2022-05-01,Nagaland,nagaland,7.7,0.0,0.4,0.0,0.0,
2022-06-01,Nagaland,nagaland,12.32,0.0,0.64,0.0,0.0,
2022-07-01,Nagaland,nagaland,27.72,0.0,1.44,0.0,0.0,
2022-08-01,Nagaland,nagaland,33.88,0.0,1.76,0.0,0.0,
2022-09-01,Nagaland,nagaland,27.72,0.0,1.44,0.0,0.0,
2022-10-01,Nagaland,nagaland,15.4,0.0,0.8,0.0,0.0,
2022-11-01,Nagaland,nagaland,7.7,0.0,0.4,0.0,0.0,
2022-12-01,Nagaland,nagaland,4.62,0.0,0.24,0.0,0.0,
1999-01-01,Odisha,odisha,0.0,0.0,,,,
1999-02-01,Odisha,odisha,0.0,0.0,,,,
1999-03-01,Odisha,odisha,0.0,0.0,,,,
1999-04-01,Odisha,odisha,0.0,0.0,,,,
1999-05-01,Odisha,odisha,0.0,0.0,,,,
1999-06-01,Odisha,odisha,0.0,0.0,,,,
1999-07-01,Odisha,odisha,0.0,0.0,,,,
1999-08-01,Odisha,odisha,0.0,0.0,,,,
1999-09-01,Odisha,odisha,0.0,0.0,,,,
1999-10-01,Odisha,odisha,0.0,0.0,,,,
1999-11-01,Odisha,odisha,0.0,0.0,,,,
1999-12-01,Odisha,odisha,0.0,0.0,,,,
2000-01-01,Odisha,odisha,0.0,0.0,,,,
2000-02-01,Odisha,odisha,0.0,0.0,,,,
2000-03-01,Odisha,odisha,0.0,0.0,,,,
2000-04-01,Odisha,odisha,0.0,0.0,,,,
2000-05-01,Odisha,odisha,0.0,0.0,,,,
2000-06-01,Odisha,odisha,0.0,0.0,,,,
2000-07-01,Odisha,odisha,0.0,0.0,,,,
2000-08-01,Odisha,odisha,0.0,0.0,,,,
2000-09-01,Odisha,odisha,0.0,0.0,,,,
2000-10-01,Odisha,odisha,0.0,0.0,,,,
2000-11-01,Odisha,odisha,0.0,0.0,,,,
2000-12-01,Odisha,odisha,0.0,0.0,,,,
2001-01-01,Odisha,odisha,0.0,0.0,9090.82,6.1000000000000005,,
2001-02-01,Odisha,odisha,0.0,0.0,9090.82,6.1000000000000005,,
2001-03-01,Odisha,odisha,0.0,0.0,13636.23,9.15,,
2001-04-01,Odisha,odisha,0.0,0.0,18181.64,12.200000000000001,,
2001-05-01,Odisha,odisha,0.0,0.0,22727.050000000003,15.25,,
2001-06-01,Odisha,odisha,0.0,0.0,36363.28,24.400000000000002,,
2001-07-01,Odisha,odisha,0.0,0.0,81817.37999999999,54.9,,
2001-08-01,Odisha,odisha,0.0,0.0,99999.02,67.1,,
2001-09-01,Odisha,odisha,0.0,0.0,81817.37999999999,54.9,,
2001-10-01,Odisha,odisha,0.0,0.0,45454.100000000006,30.5,,
2001-11-01,Odisha,odisha,0.0,0.0,22727.050000000003,15.25,,
2001-12-01,Odisha,odisha,0.0,0.0,13636.23,9.15,,
2002-01-01,Odisha,odisha,0.0,0.0,9464.460000000001,9.3,,
2002-02-01,Odisha,odisha,0.0,0.0,9464.460000000001,9.3,,
2002-03-01,Odisha,odisha,0.0,0.0,14196.689999999999,13.95,,
2002-04-01,Odisha,odisha,0.0,0.0,18928.920000000002,18.6,,
2002-05-01,Odisha,odisha,0.0,0.0,23661.15,23.25,,
2002-06-01,Odisha,odisha,0.0,0.0,37857.840000000004,37.2,,
2002-07-01,Odisha,odisha,0.0,0.0,85180.14,83.7,,
2002-08-01,Odisha,odisha,0.0,0.0,104109.06,102.3,,
2002-09-01,Odisha,odisha,0.0,0.0,85180.14,83.7,,
2002-10-01,Odisha,odisha,0.0,0.0,47322.3,46.5,,
2002-11-01,Odisha,odisha,0.0,0.0,23661.15,23.25,,
2002-12-01,Odisha,odisha,0.0,0.0,14196.689999999999,13.95,,
2003-01-01,Odisha,odisha,0.0,0.0,8426.460000000001,6.66,,
2003-02-01,Odisha,odisha,0.0,0.0,8426.460000000001,6.66,,
2003-03-01,Odisha,odisha,0.0,0.0,12639.689999999999,9.99,,
2003-04-01,Odisha,odisha,0.0,0.0,16852.920000000002,13.32,,
2003-05-01,Odisha,odisha,0.0,0.0,21066.15,16.650000000000002,,
2003-06-01,Odisha,odisha,0.0,0.0,33705.840000000004,26.64,,
2003-07-01,Odisha,odisha,0.0,0.0,75838.14,59.94,,
2003-08-01,Odisha,odisha,0.0,0.0,92691.06,73.26,,
2003-09-01,Odisha,odisha,0.0,0.0,75838.14,59.94,,
2003-10-01,Odisha,odisha,0.0,0.0,42132.3,33.300000000000004,,
2003-11-01,Odisha,odisha,0.0,0.0,21066.15,16.650000000000002,,
2003-12-01,Odisha,odisha,0.0,0.0,12639.689999999999,9.99,,
2004-01-01,Odisha,odisha,0.0,0.0,8334.64,5.66,,
2004-02-01,Odisha,odisha,0.0,0.0,8334.64,5.66,,
2004-03-01,Odisha,odisha,0.0,0.0,12501.96,8.49,,
2004-04-01,Odisha,odisha,0.0,0.0,16669.28,11.32,,
2004-05-01,Odisha,odisha,0.0,0.0,20836.600000000002,14.15,,
2004-06-01,Odisha,odisha,0.0,0.0,33338.56,22.64,,
2004-07-01,Odisha,odisha,0.0,0.0,75011.76,50.94,,
2004-08-01,Odisha,odisha,0.0,0.0,91681.04,62.26,,
2004-09-01,Odisha,odisha,0.0,0.0,75011.76,50.94,,
2004-10-01,Odisha,odisha,0.0,0.0,41673.200000000004,28.3,,
2004-11-01,Odisha,odisha,0.0,0.0,20836.600000000002,14.15,,
2004-12-01,Odisha,odisha,0.0,0.0,12501.96,8.49,,
2005-01-01,Odisha,odisha,0.0,0.0,7931.46,5.1000000000000005,,
2005-02-01,Odisha,odisha,0.0,0.0,7931.46,5.1000000000000005,,
2005-03-01,Odisha,odisha,0.0,0.0,11897.189999999999,7.6499999999999995,,
2005-04-01,Odisha,odisha,0.0,0.0,15862.92,10.200000000000001,,
2005-05-01,Odisha,odisha,0.0,0.0,19828.65,12.75,,
2005-06-01,Odisha,odisha,0.0,0.0,31725.84,20.400000000000002,,
2005-07-01,Odisha,odisha,0.0,0.0,71383.14,45.9,,
2005-08-01,Odisha,odisha,0.0,0.0,87246.06,56.1,,
2005-09-01,Odisha,odisha,0.0,0.0,71383.14,45.9,,
2005-10-01,Odisha,odisha,0.0,0.0,39657.3,25.5,,
2005-11-01,Odisha,odisha,0.0,0.0,19828.65,12.75,,
2005-12-01,Odisha,odisha,0.0,0.0,11897.189999999999,7.6499999999999995,,
2006-01-01,Odisha,odisha,0.02,0.0,7604.32,5.14,129.22,
2006-02-01,Odisha,odisha,0.02,0.0,7604.32,5.14,129.22,
2006-03-01,Odisha,odisha,0.03,0.0,11406.48,7.71,193.82999999999998,
2006-04-01,Odisha,odisha,0.04,0.0,15208.64,10.28,258.44,
2006-05-01,Odisha,odisha,0.05,0.0,19010.8,12.850000000000001,323.05,
2006-06-01,Odisha,odisha,0.08,0.0,30417.28,20.56,516.88,
2006-07-01,Odisha,odisha,0.18,0.0,68438.88,46.26,1162.98,
2006-08-01,Odisha,odisha,0.22,0.0,83647.52,56.54,1421.42,
2006-09-01,Odisha,odisha,0.18,0.0,68438.88,46.26,1162.98,
2006-10-01,Odisha,odisha,0.1,0.0,38021.6,25.700000000000003,646.1,
2006-11-01,Odisha,odisha,0.05,0.0,19010.8,12.850000000000001,323.05,
2006-12-01,Odisha,odisha,0.03,0.0,11406.48,7.71,193.82999999999998,
2007-01-01,Odisha,odisha,0.08,0.0,7437.58,4.42,13.4,
2007-02-01,Odisha,odisha,0.08,0.0,7437.58,4.42,13.4,
2007-03-01,Odisha,odisha,0.12,0.0,11156.369999999999,6.63,20.099999999999998,
2007-04-01,Odisha,odisha,0.16,0.0,14875.16,8.84,26.8,
2007-05-01,Odisha,odisha,0.2,0.0,18593.95,11.05,33.5,
2007-06-01,Odisha,odisha,0.32,0.0,29750.32,17.68,53.6,
2007-07-01,Odisha,odisha,0.72,0.0,66938.22,39.78,120.6,
2007-08-01,Odisha,odisha,0.88,0.0,81813.38,48.62,147.4,
2007-09-01,Odisha,odisha,0.72,0.0,66938.22,39.78,120.6,
2007-10-01,Odisha,odisha,0.4,0.0,37187.9,22.1,67.0,
2007-11-01,Odisha,odisha,0.2,0.0,18593.95,11.05,33.5,
2007-12-01,Odisha,odisha,0.12,0.0,11156.369999999999,6.63,20.099999999999998,
2008-01-01,Odisha,odisha,0.0,0.0,7508.6,4.78,93.52,
2008-02-01,Odisha,odisha,0.0,0.0,7508.6,4.78,93.52,
2008-03-01,Odisha,odisha,0.0,0.0,11262.9,7.17,140.28,
2008-04-01,Odisha,odisha,0.0,0.0,15017.2,9.56,187.04,
2008-05-01,Odisha,odisha,0.0,0.0,18771.5,11.950000000000001,233.8,
2008-06-01,Odisha,odisha,0.0,0.0,30034.4,19.12,374.08,
2008-07-01,Odisha,odisha,0.0,0.0,67577.4,43.019999999999996,841.68,
2008-08-01,Odisha,odisha,0.0,0.0,82594.6,52.58,1028.72,
2008-09-01,Odisha,odisha,0.0,0.0,67577.4,43.019999999999996,841.68,
2008-10-01,Odisha,odisha,0.0,0.0,37543.0,23.900000000000002,467.6,
2008-11-01,Odisha,odisha,0.0,0.0,18771.5,11.950000000000001,233.8,
2008-12-01,Odisha,odisha,0.0,0.0,11262.9,7.17,140.28,
2009-01-01,Odisha,odisha,0.0,0.0,7618.08,3.96,46.12,
2009-02-01,Odisha,odisha,0.0,0.0,7618.08,3.96,46.12,
2009-03-01,Odisha,odisha,0.0,0.0,11427.119999999999,5.9399999999999995,69.17999999999999,
2009-04-01,Odisha,odisha,0.0,0.0,15236.16,7.92,92.24,
2009-05-01,Odisha,odisha,0.0,0.0,19045.2,9.9,115.30000000000001,
2009-06-01,Odisha,odisha,0.0,0.0,30472.32,15.84,184.48,
2009-07-01,Odisha,odisha,0.0,0.0,68562.72,35.64,415.08,
2009-08-01,Odisha,odisha,0.0,0.0,83798.88,43.56,507.32,
2009-09-01,Odisha,odisha,0.0,0.0,68562.72,35.64,415.08,
2009-10-01,Odisha,odisha,0.0,0.0,38090.4,19.8,230.60000000000002,
2009-11-01,Odisha,odisha,0.0,0.0,19045.2,9.9,115.30000000000001,
2009-12-01,Odisha,odisha,0.0,0.0,11427.119999999999,5.9399999999999995,69.17999999999999,
2010-01-01,Odisha,odisha,0.58,0.1,7913.02,4.94,10.88,
2010-02-01,Odisha,odisha,0.58,0.1,7913.02,4.94,10.88,
2010-03-01,Odisha,odisha,0.87,0.15,11869.529999999999,7.41,16.32,
2010-04-01,Odisha,odisha,1.16,0.2,15826.04,9.88,21.76,
2010-05-01,Odisha,odisha,1.4500000000000002,0.25,19782.550000000003,12.350000000000001,27.200000000000003,
2010-06-01,Odisha,odisha,2.32,0.4,31652.08,19.76,43.52,
2010-07-01,Odisha,odisha,5.22,0.8999999999999999,71217.18,44.46,97.92,
2010-08-01,Odisha,odisha,6.38,1.1,87043.22,54.34,119.68,
2010-09-01,Odisha,odisha,5.22,0.8999999999999999,71217.18,44.46,97.92,
2010-10-01,Odisha,odisha,2.9000000000000004,0.5,39565.100000000006,24.700000000000003,54.400000000000006,
2010-11-01,Odisha,odisha,1.4500000000000002,0.25,19782.550000000003,12.350000000000001,27.200000000000003,
2010-12-01,Odisha,odisha,0.87,0.15,11869.529999999999,7.41,16.32,
2011-01-01,Odisha,odisha,36.32,0.66,6179.360000000001,1.98,4.72,
2011-02-01,Odisha,odisha,36.32,0.66,6179.360000000001,1.98,4.72,
2011-03-01,Odisha,odisha,54.48,0.99,9269.039999999999,2.9699999999999998,7.08,
2011-04-01,Odisha,odisha,72.64,1.32,12358.720000000001,3.96,9.44,
2011-05-01,Odisha,odisha,90.80000000000001,1.6500000000000001,15448.400000000001,4.95,11.8,
2011-06-01,Odisha,odisha,145.28,2.64,24717.440000000002,7.92,18.88,
2011-07-01,Odisha,odisha,326.88,5.9399999999999995,55614.24,17.82,42.48,
2011-08-01,Odisha,odisha,399.52,7.26,67972.96,21.78,51.92,
2011-09-01,Odisha,odisha,326.88,5.9399999999999995,55614.24,17.82,42.48,
2011-10-01,Odisha,odisha,181.60000000000002,3.3000000000000003,30896.800000000003,9.9,23.6,
2011-11-01,Odisha,odisha,90.80000000000001,1.6500000000000001,15448.400000000001,4.95,11.8,
2011-12-01,Odisha,odisha,54.48,0.99,9269.039999999999,2.9699999999999998,7.08,
2012-01-01,Odisha,odisha,45.1,0.12,5256.84,1.58,2.58,
2012-02-01,Odisha,odisha,45.1,0.12,5256.84,1.58,2.58,
2012-03-01,Odisha,odisha,67.64999999999999,0.18,7885.259999999999,2.37,3.8699999999999997,
2012-04-01,Odisha,odisha,90.2,0.24,10513.68,3.16,5.16,
2012-05-01,Odisha,odisha,112.75,0.30000000000000004,13142.1,3.95,6.45,
2012-06-01,Odisha,odisha,180.4,0.48,21027.36,6.32,10.32,
2012-07-01,Odisha,odisha,405.9,1.08,47311.56,14.219999999999999,23.22,
2012-08-01,Odisha,odisha,496.1,1.32,57825.24,17.38,28.38,
2012-09-01,Odisha,odisha,405.9,1.08,47311.56,14.219999999999999,23.22,
2012-10-01,Odisha,odisha,225.5,0.6000000000000001,26284.2,7.9,12.9,
2012-11-01,Odisha,odisha,112.75,0.30000000000000004,13142.1,3.95,6.45,
2012-12-01,Odisha,odisha,67.64999999999999,0.18,7885.259999999999,2.37,3.8699999999999997,
2013-01-01,Odisha,odisha,142.64000000000001,0.12,4577.16,1.34,0.7000000000000001,
2013-02-01,Odisha,odisha,142.64000000000001,0.12,4577.16,1.34,0.7000000000000001,
2013-03-01,Odisha,odisha,213.95999999999998,0.18,6865.74,2.01,1.05,
2013-04-01,Odisha,odisha,285.28000000000003,0.24,9154.32,2.68,1.4000000000000001,
2013-05-01,Odisha,odisha,356.6,0.30000000000000004,11442.900000000001,3.35,1.75,
2013-06-01,Odisha,odisha,570.5600000000001,0.48,18308.64,5.36,2.8000000000000003,
2013-07-01,Odisha,odisha,1283.76,1.08,41194.439999999995,12.059999999999999,6.3,
2013-08-01,Odisha,odisha,1569.04,1.32,50348.76,14.74,7.7,
2013-09-01,Odisha,odisha,1283.76,1.08,41194.439999999995,12.059999999999999,6.3,
2013-10-01,Odisha,odisha,713.2,0.6000000000000001,22885.800000000003,6.7,3.5,
2013-11-01,Odisha,odisha,356.6,0.30000000000000004,11442.900000000001,3.35,1.75,
2013-12-01,Odisha,odisha,213.95999999999998,0.18,6865.74,2.01,1.05,
2014-01-01,Odisha,odisha,,,7900.7,1.78,0.2,
2014-02-01,Odisha,odisha,,,7900.7,1.78,0.2,
2014-03-01,Odisha,odisha,,,11851.05,2.67,0.3,
2014-04-01,Odisha,odisha,,,15801.4,3.56,0.4,
2014-05-01,Odisha,odisha,,,19751.75,4.45,0.5,
2014-06-01,Odisha,odisha,,,31602.8,7.12,0.8,
2014-07-01,Odisha,odisha,,,71106.3,16.02,1.7999999999999998,
2014-08-01,Odisha,odisha,,,86907.7,19.580000000000002,2.2,
2014-09-01,Odisha,odisha,,,71106.3,16.02,1.7999999999999998,
2014-10-01,Odisha,odisha,,,39503.5,8.9,1.0,
2014-11-01,Odisha,odisha,,,19751.75,4.45,0.5,
2014-12-01,Odisha,odisha,,,11851.05,2.67,0.3,
2015-01-01,Odisha,odisha,,,8737.0,1.6,1.62,
2015-02-01,Odisha,odisha,,,8737.0,1.6,1.62,
2015-03-01,Odisha,odisha,,,13105.5,2.4,2.4299999999999997,
2015-04-01,Odisha,odisha,,,17474.0,3.2,3.24,
2015-05-01,Odisha,odisha,,,21842.5,4.0,4.05,
2015-06-01,Odisha,odisha,,,34948.0,6.4,6.48,
2015-07-01,Odisha,odisha,,,78633.0,14.399999999999999,14.58,
2015-08-01,Odisha,odisha,,,96107.0,17.6,17.82,
2015-09-01,Odisha,odisha,,,78633.0,14.399999999999999,14.58,
2015-10-01,Odisha,odisha,,,43685.0,8.0,8.1,
2015-11-01,Odisha,odisha,,,21842.5,4.0,4.05,
2015-12-01,Odisha,odisha,,,13105.5,2.4,2.4299999999999997,
2016-01-01,Odisha,odisha,,,8896.86,1.54,1.02,
2016-02-01,Odisha,odisha,,,8896.86,1.54,1.02,
2016-03-01,Odisha,odisha,,,13345.289999999999,2.31,1.53,
2016-04-01,Odisha,odisha,,,17793.72,3.08,2.04,
2016-05-01,Odisha,odisha,,,22242.15,3.85,2.5500000000000003,
2016-06-01,Odisha,odisha,,,35587.44,6.16,4.08,
2016-07-01,Odisha,odisha,,,80071.73999999999,13.86,9.18,
2016-08-01,Odisha,odisha,,,97865.46,16.94,11.22,
2016-09-01,Odisha,odisha,,,80071.73999999999,13.86,9.18,
2016-10-01,Odisha,odisha,,,44484.3,7.7,5.1000000000000005,
2016-11-01,Odisha,odisha,,,22242.15,3.85,2.5500000000000003,
2016-12-01,Odisha,odisha,,,13345.289999999999,2.31,1.53,
2017-01-01,Odisha,odisha,83.16,0.12,6957.2,0.48,0.0,
2017-02-01,Odisha,odisha,83.16,0.12,6957.2,0.48,0.0,
2017-03-01,Odisha,odisha,124.74,0.18,10435.8,0.72,0.0,
2017-04-01,Odisha,odisha,166.32,0.24,13914.4,0.96,0.0,
2017-05-01,Odisha,odisha,207.9,0.30000000000000004,17393.0,1.2000000000000002,0.0,
2017-06-01,Odisha,odisha,332.64,0.48,27828.8,1.92,0.0,
2017-07-01,Odisha,odisha,748.4399999999999,1.08,62614.799999999996,4.32,0.0,
2017-08-01,Odisha,odisha,914.76,1.32,76529.2,5.28,0.0,
2017-09-01,Odisha,odisha,748.4399999999999,1.08,62614.799999999996,4.32,0.0,
2017-10-01,Odisha,odisha,415.8,0.6000000000000001,34786.0,2.4000000000000004,0.0,
2017-11-01,Odisha,odisha,207.9,0.30000000000000004,17393.0,1.2000000000000002,0.0,
2017-12-01,Odisha,odisha,124.74,0.18,10435.8,0.72,0.0,
2018-01-01,Odisha,odisha,103.96000000000001,0.1,1326.22,0.06,0.0,
2018-02-01,Odisha,odisha,103.96000000000001,0.1,1326.22,0.06,0.0,
2018-03-01,Odisha,odisha,155.94,0.15,1989.33,0.09,0.0,
2018-04-01,Odisha,odisha,207.92000000000002,0.2,2652.44,0.12,0.0,
2018-05-01,Odisha,odisha,259.90000000000003,0.25,3315.55,0.15000000000000002,0.0,
2018-06-01,Odisha,odisha,415.84000000000003,0.4,5304.88,0.24,0.0,
2018-07-01,Odisha,odisha,935.64,0.8999999999999999,11935.98,0.54,0.0,
2018-08-01,Odisha,odisha,1143.56,1.1,14588.42,0.66,0.0,
2018-09-01,Odisha,odisha,935.64,0.8999999999999999,11935.98,0.54,0.0,
2018-10-01,Odisha,odisha,519.8000000000001,0.5,6631.1,0.30000000000000004,0.0,
2018-11-01,Odisha,odisha,259.90000000000003,0.25,3315.55,0.15000000000000002,0.0,
2018-12-01,Odisha,odisha,155.94,0.15,1989.33,0.09,0.0,
2019-01-01,Odisha,odisha,75.16,0.08,791.12,0.18,4.84,
2019-02-01,Odisha,odisha,75.16,0.08,791.12,0.18,4.84,
2019-03-01,Odisha,odisha,112.74,0.12,1186.68,0.27,7.26,
2019-04-01,Odisha,odisha,150.32,0.16,1582.24,0.36,9.68,
2019-05-01,Odisha,odisha,187.9,0.2,1977.8000000000002,0.45,12.100000000000001,
2019-06-01,Odisha,odisha,300.64,0.32,3164.48,0.72,19.36,
2019-07-01,Odisha,odisha,676.4399999999999,0.72,7120.08,1.6199999999999999,43.559999999999995,
2019-08-01,Odisha,odisha,826.76,0.88,8702.32,1.98,53.24,
2019-09-01,Odisha,odisha,676.4399999999999,0.72,7120.08,1.6199999999999999,43.559999999999995,
2019-10-01,Odisha,odisha,375.8,0.4,3955.6000000000004,0.9,24.200000000000003,
2019-11-01,Odisha,odisha,187.9,0.2,1977.8000000000002,0.45,12.100000000000001,
2019-12-01,Odisha,odisha,112.74,0.12,1186.68,0.27,7.26,
2020-01-01,Odisha,odisha,9.92,0.0,834.78,0.18,0.3,
2020-02-01,Odisha,odisha,9.92,0.0,834.78,0.18,0.3,
2020-03-01,Odisha,odisha,14.879999999999999,0.0,1252.1699999999998,0.27,0.44999999999999996,
2020-04-01,Odisha,odisha,19.84,0.0,1669.56,0.36,0.6,
2020-05-01,Odisha,odisha,24.8,0.0,2086.9500000000003,0.45,0.75,
2020-06-01,Odisha,odisha,39.68,0.0,3339.12,0.72,1.2,
2020-07-01,Odisha,odisha,89.28,0.0,7513.0199999999995,1.6199999999999999,2.6999999999999997,
2020-08-01,Odisha,odisha,109.12,0.0,9182.58,1.98,3.3,
2020-09-01,Odisha,odisha,89.28,0.0,7513.0199999999995,1.6199999999999999,2.6999999999999997,
2020-10-01,Odisha,odisha,49.6,0.0,4173.900000000001,0.9,1.5,
2020-11-01,Odisha,odisha,24.8,0.0,2086.9500000000003,0.45,0.75,
2020-12-01,Odisha,odisha,14.879999999999999,0.0,1252.1699999999998,0.27,0.44999999999999996,
2021-01-01,Odisha,odisha,150.96,0.0,510.06,0.26,0.0,
2021-02-01,Odisha,odisha,150.96,0.0,510.06,0.26,0.0,
2021-03-01,Odisha,odisha,226.44,0.0,765.0899999999999,0.39,0.0,
2021-04-01,Odisha,odisha,301.92,0.0,1020.12,0.52,0.0,
2021-05-01,Odisha,odisha,377.40000000000003,0.0,1275.15,0.65,0.0,
2021-06-01,Odisha,odisha,603.84,0.0,2040.24,1.04,0.0,
2021-07-01,Odisha,odisha,1358.6399999999999,0.0,4590.54,2.34,0.0,
2021-08-01,Odisha,odisha,1660.56,0.0,5610.66,2.86,0.0,
2021-09-01,Odisha,odisha,1358.6399999999999,0.0,4590.54,2.34,0.0,
2021-10-01,Odisha,odisha,754.8000000000001,0.0,2550.3,1.3,0.0,
2021-11-01,Odisha,odisha,377.40000000000003,0.0,1275.15,0.65,0.0,
2021-12-01,Odisha,odisha,226.44,0.0,765.0899999999999,0.39,0.0,
2022-01-01,Odisha,odisha,141.26,0.0,475.40000000000003,0.1,0.0,
2022-02-01,Odisha,odisha,141.26,0.0,475.40000000000003,0.1,0.0,
2022-03-01,Odisha,odisha,211.89,0.0,713.1,0.15,0.0,
2022-04-01,Odisha,odisha,282.52,0.0,950.8000000000001,0.2,0.0,
2022-05-01,Odisha,odisha,353.15000000000003,0.0,1188.5,0.25,0.0,
2022-06-01,Odisha,odisha,565.04,0.0,1901.6000000000001,0.4,0.0,
2022-07-01,Odisha,odisha,1271.34,0.0,4278.599999999999,0.8999999999999999,0.0,
2022-08-01,Odisha,odisha,1553.86,0.0,5229.4,1.1,0.0,
2022-09-01,Odisha,odisha,1271.34,0.0,4278.599999999999,0.8999999999999999,0.0,
2022-10-01,Odisha,odisha,706.3000000000001,0.0,2377.0,0.5,0.0,
2022-11-01,Odisha,odisha,353.15000000000003,0.0,1188.5,0.25,0.0,
2022-12-01,Odisha,odisha,211.89,0.0,713.1,0.15,0.0,
1999-01-01,Puducherry,puducherry,0.0,0.0,,,,
1999-02-01,Puducherry,puducherry,0.0,0.0,,,,
1999-03-01,Puducherry,puducherry,0.0,0.0,,,,
1999-04-01,Puducherry,puducherry,0.0,0.0,,,,
1999-05-01,Puducherry,puducherry,0.0,0.0,,,,
1999-06-01,Puducherry,puducherry,0.0,0.0,,,,
1999-07-01,Puducherry,puducherry,0.0,0.0,,,,
1999-08-01,Puducherry,puducherry,0.0,0.0,,,,
1999-09-01,Puducherry,puducherry,0.0,0.0,,,,
1999-10-01,Puducherry,puducherry,0.0,0.0,,,,
1999-11-01,Puducherry,puducherry,0.0,0.0,,,,
1999-12-01,Puducherry,puducherry,0.0,0.0,,,,
2000-01-01,Puducherry,puducherry,0.0,0.0,,,,
2000-02-01,Puducherry,puducherry,0.0,0.0,,,,
2000-03-01,Puducherry,puducherry,0.0,0.0,,,,
2000-04-01,Puducherry,puducherry,0.0,0.0,,,,
2000-05-01,Puducherry,puducherry,0.0,0.0,,,,
2000-06-01,Puducherry,puducherry,0.0,0.0,,,,
2000-07-01,Puducherry,puducherry,0.0,0.0,,,,
2000-08-01,Puducherry,puducherry,0.0,0.0,,,,
2000-09-01,Puducherry,puducherry,0.0,0.0,,,,
2000-10-01,Puducherry,puducherry,0.0,0.0,,,,
2000-11-01,Puducherry,puducherry,0.0,0.0,,,,
2000-12-01,Puducherry,puducherry,0.0,0.0,,,,
2001-01-01,Puducherry,puducherry,0.0,0.0,2.12,0.0,,
2001-02-01,Puducherry,puducherry,0.0,0.0,2.12,0.0,,
2001-03-01,Puducherry,puducherry,0.0,0.0,3.1799999999999997,0.0,,
2001-04-01,Puducherry,puducherry,0.0,0.0,4.24,0.0,,
2001-05-01,Puducherry,puducherry,0.0,0.0,5.300000000000001,0.0,,
2001-06-01,Puducherry,puducherry,0.0,0.0,8.48,0.0,,
2001-07-01,Puducherry,puducherry,0.0,0.0,19.08,0.0,,
2001-08-01,Puducherry,puducherry,0.0,0.0,23.32,0.0,,
2001-09-01,Puducherry,puducherry,0.0,0.0,19.08,0.0,,
2001-10-01,Puducherry,puducherry,0.0,0.0,10.600000000000001,0.0,,
2001-11-01,Puducherry,puducherry,0.0,0.0,5.300000000000001,0.0,,
2001-12-01,Puducherry,puducherry,0.0,0.0,3.1799999999999997,0.0,,
2002-01-01,Puducherry,puducherry,0.0,0.0,2.06,0.0,,
2002-02-01,Puducherry,puducherry,0.0,0.0,2.06,0.0,,
2002-03-01,Puducherry,puducherry,0.0,0.0,3.09,0.0,,
2002-04-01,Puducherry,puducherry,0.0,0.0,4.12,0.0,,
2002-05-01,Puducherry,puducherry,0.0,0.0,5.15,0.0,,
2002-06-01,Puducherry,puducherry,0.0,0.0,8.24,0.0,,
2002-07-01,Puducherry,puducherry,0.0,0.0,18.54,0.0,,
2002-08-01,Puducherry,puducherry,0.0,0.0,22.66,0.0,,
2002-09-01,Puducherry,puducherry,0.0,0.0,18.54,0.0,,
2002-10-01,Puducherry,puducherry,0.0,0.0,10.3,0.0,,
2002-11-01,Puducherry,puducherry,0.0,0.0,5.15,0.0,,
2002-12-01,Puducherry,puducherry,0.0,0.0,3.09,0.0,,
2003-01-01,Puducherry,puducherry,0.12,0.0,1.26,0.0,,
2003-02-01,Puducherry,puducherry,0.12,0.0,1.26,0.0,,
2003-03-01,Puducherry,puducherry,0.18,0.0,1.89,0.0,,
2003-04-01,Puducherry,puducherry,0.24,0.0,2.52,0.0,,
2003-05-01,Puducherry,puducherry,0.30000000000000004,0.0,3.1500000000000004,0.0,,
2003-06-01,Puducherry,puducherry,0.48,0.0,5.04,0.0,,
2003-07-01,Puducherry,puducherry,1.08,0.0,11.34,0.0,,
2003-08-01,Puducherry,puducherry,1.32,0.0,13.86,0.0,,
2003-09-01,Puducherry,puducherry,1.08,0.0,11.34,0.0,,
2003-10-01,Puducherry,puducherry,0.6000000000000001,0.0,6.300000000000001,0.0,,
2003-11-01,Puducherry,puducherry,0.30000000000000004,0.0,3.1500000000000004,0.0,,
2003-12-01,Puducherry,puducherry,0.18,0.0,1.89,0.0,,
2004-01-01,Puducherry,puducherry,0.0,0.0,0.86,0.0,,
2004-02-01,Puducherry,puducherry,0.0,0.0,0.86,0.0,,
2004-03-01,Puducherry,puducherry,0.0,0.0,1.29,0.0,,
2004-04-01,Puducherry,puducherry,0.0,0.0,1.72,0.0,,
2004-05-01,Puducherry,puducherry,0.0,0.0,2.15,0.0,,
2004-06-01,Puducherry,puducherry,0.0,0.0,3.44,0.0,,
2004-07-01,Puducherry,puducherry,0.0,0.0,7.739999999999999,0.0,,
2004-08-01,Puducherry,puducherry,0.0,0.0,9.46,0.0,,
2004-09-01,Puducherry,puducherry,0.0,0.0,7.739999999999999,0.0,,
2004-10-01,Puducherry,puducherry,0.0,0.0,4.3,0.0,,
2004-11-01,Puducherry,puducherry,0.0,0.0,2.15,0.0,,
2004-12-01,Puducherry,puducherry,0.0,0.0,1.29,0.0,,
2005-01-01,Puducherry,puducherry,0.0,0.0,0.88,0.0,,
2005-02-01,Puducherry,puducherry,0.0,0.0,0.88,0.0,,
2005-03-01,Puducherry,puducherry,0.0,0.0,1.3199999999999998,0.0,,
2005-04-01,Puducherry,puducherry,0.0,0.0,1.76,0.0,,
2005-05-01,Puducherry,puducherry,0.0,0.0,2.2,0.0,,
2005-06-01,Puducherry,puducherry,0.0,0.0,3.52,0.0,,
2005-07-01,Puducherry,puducherry,0.0,0.0,7.92,0.0,,
2005-08-01,Puducherry,puducherry,0.0,0.0,9.68,0.0,,
2005-09-01,Puducherry,puducherry,0.0,0.0,7.92,0.0,,
2005-10-01,Puducherry,puducherry,0.0,0.0,4.4,0.0,,
2005-11-01,Puducherry,puducherry,0.0,0.0,2.2,0.0,,
2005-12-01,Puducherry,puducherry,0.0,0.0,1.3199999999999998,0.0,,
2006-01-01,Puducherry,puducherry,0.0,0.0,1.0,0.0,10.84,
2006-02-01,Puducherry,puducherry,0.0,0.0,1.0,0.0,10.84,
2006-03-01,Puducherry,puducherry,0.0,0.0,1.5,0.0,16.259999999999998,
2006-04-01,Puducherry,puducherry,0.0,0.0,2.0,0.0,21.68,
2006-05-01,Puducherry,puducherry,0.0,0.0,2.5,0.0,27.1,
2006-06-01,Puducherry,puducherry,0.0,0.0,4.0,0.0,43.36,
2006-07-01,Puducherry,puducherry,0.0,0.0,9.0,0.0,97.56,
2006-08-01,Puducherry,puducherry,0.0,0.0,11.0,0.0,119.24,
2006-09-01,Puducherry,puducherry,0.0,0.0,9.0,0.0,97.56,
2006-10-01,Puducherry,puducherry,0.0,0.0,5.0,0.0,54.2,
2006-11-01,Puducherry,puducherry,0.0,0.0,2.5,0.0,27.1,
2006-12-01,Puducherry,puducherry,0.0,0.0,1.5,0.0,16.259999999999998,
2007-01-01,Puducherry,puducherry,5.48,0.0,1.36,0.0,0.0,
2007-02-01,Puducherry,puducherry,5.48,0.0,1.36,0.0,0.0,
2007-03-01,Puducherry,puducherry,8.219999999999999,0.0,2.04,0.0,0.0,
2007-04-01,Puducherry,puducherry,10.96,0.0,2.72,0.0,0.0,
2007-05-01,Puducherry,puducherry,13.700000000000001,0.0,3.4000000000000004,0.0,0.0,
2007-06-01,Puducherry,puducherry,21.92,0.0,5.44,0.0,0.0,
2007-07-01,Puducherry,puducherry,49.32,0.0,12.24,0.0,0.0,
2007-08-01,Puducherry,puducherry,60.28,0.0,14.96,0.0,0.0,
2007-09-01,Puducherry,puducherry,49.32,0.0,12.24,0.0,0.0,
2007-10-01,Puducherry,puducherry,27.400000000000002,0.0,6.800000000000001,0.0,0.0,
2007-11-01,Puducherry,puducherry,13.700000000000001,0.0,3.4000000000000004,0.0,0.0,
2007-12-01,Puducherry,puducherry,8.219999999999999,0.0,2.04,0.0,0.0,
2008-01-01,Puducherry,puducherry,0.7000000000000001,0.0,1.44,0.0,0.0,
2008-02-01,Puducherry,puducherry,0.7000000000000001,0.0,1.44,0.0,0.0,
2008-03-01,Puducherry,puducherry,1.05,0.0,2.16,0.0,0.0,
2008-04-01,Puducherry,puducherry,1.4000000000000001,0.0,2.88,0.0,0.0,
2008-05-01,Puducherry,puducherry,1.75,0.0,3.6,0.0,0.0,
2008-06-01,Puducherry,puducherry,2.8000000000000003,0.0,5.76,0.0,0.0,
2008-07-01,Puducherry,puducherry,6.3,0.0,12.959999999999999,0.0,0.0,
2008-08-01,Puducherry,puducherry,7.7,0.0,15.84,0.0,0.0,
2008-09-01,Puducherry,puducherry,6.3,0.0,12.959999999999999,0.0,0.0,
2008-10-01,Puducherry,puducherry,3.5,0.0,7.2,0.0,0.0,
2008-11-01,Puducherry,puducherry,1.75,0.0,3.6,0.0,0.0,
2008-12-01,Puducherry,puducherry,1.05,0.0,2.16,0.0,0.0,
2009-01-01,Puducherry,puducherry,1.32,0.0,1.3,0.0,0.0,
2009-02-01,Puducherry,puducherry,1.32,0.0,1.3,0.0,0.0,
2009-03-01,Puducherry,puducherry,1.98,0.0,1.95,0.0,0.0,
2009-04-01,Puducherry,puducherry,2.64,0.0,2.6,0.0,0.0,
2009-05-01,Puducherry,puducherry,3.3000000000000003,0.0,3.25,0.0,0.0,
2009-06-01,Puducherry,puducherry,5.28,0.0,5.2,0.0,0.0,
2009-07-01,Puducherry,puducherry,11.879999999999999,0.0,11.7,0.0,0.0,
2009-08-01,Puducherry,puducherry,14.52,0.0,14.3,0.0,0.0,
2009-09-01,Puducherry,puducherry,11.879999999999999,0.0,11.7,0.0,0.0,
2009-10-01,Puducherry,puducherry,6.6000000000000005,0.0,6.5,0.0,0.0,
2009-11-01,Puducherry,puducherry,3.3000000000000003,0.0,3.25,0.0,0.0,
2009-12-01,Puducherry,puducherry,1.98,0.0,1.95,0.0,0.0,
2010-01-01,Puducherry,puducherry,1.92,0.0,3.5,0.0,0.22,
2010-02-01,Puducherry,puducherry,1.92,0.0,3.5,0.0,0.22,
2010-03-01,Puducherry,puducherry,2.88,0.0,5.25,0.0,0.32999999999999996,
2010-04-01,Puducherry,puducherry,3.84,0.0,7.0,0.0,0.44,
2010-05-01,Puducherry,puducherry,4.800000000000001,0.0,8.75,0.0,0.55,
2010-06-01,Puducherry,puducherry,7.68,0.0,14.0,0.0,0.88,
2010-07-01,Puducherry,puducherry,17.28,0.0,31.5,0.0,1.98,
2010-08-01,Puducherry,puducherry,21.12,0.0,38.5,0.0,2.42,
2010-09-01,Puducherry,puducherry,17.28,0.0,31.5,0.0,1.98,
2010-10-01,Puducherry,puducherry,9.600000000000001,0.0,17.5,0.0,1.1,
2010-11-01,Puducherry,puducherry,4.800000000000001,0.0,8.75,0.0,0.55,
2010-12-01,Puducherry,puducherry,2.88,0.0,5.25,0.0,0.32999999999999996,
2011-01-01,Puducherry,puducherry,9.26,0.06,3.92,0.02,0.84,
2011-02-01,Puducherry,puducherry,9.26,0.06,3.92,0.02,0.84,
2011-03-01,Puducherry,puducherry,13.889999999999999,0.09,5.88,0.03,1.26,
2011-04-01,Puducherry,puducherry,18.52,0.12,7.84,0.04,1.68,
2011-05-01,Puducherry,puducherry,23.150000000000002,0.15000000000000002,9.8,0.05,2.1,
2011-06-01,Puducherry,puducherry,37.04,0.24,15.68,0.08,3.36,
2011-07-01,Puducherry,puducherry,83.34,0.54,35.28,0.18,7.56,
2011-08-01,Puducherry,puducherry,101.86,0.66,43.12,0.22,9.24,
2011-09-01,Puducherry,puducherry,83.34,0.54,35.28,0.18,7.56,
2011-10-01,Puducherry,puducherry,46.300000000000004,0.30000000000000004,19.6,0.1,4.2,
2011-11-01,Puducherry,puducherry,23.150000000000002,0.15000000000000002,9.8,0.05,2.1,
2011-12-01,Puducherry,puducherry,13.889999999999999,0.09,5.88,0.03,1.26,
2012-01-01,Puducherry,puducherry,70.12,0.1,2.86,0.0,0.9,
2012-02-01,Puducherry,puducherry,70.12,0.1,2.86,0.0,0.9,
2012-03-01,Puducherry,puducherry,105.17999999999999,0.15,4.29,0.0,1.3499999999999999,
2012-04-01,Puducherry,puducherry,140.24,0.2,5.72,0.0,1.8,
2012-05-01,Puducherry,puducherry,175.3,0.25,7.15,0.0,2.25,
2012-06-01,Puducherry,puducherry,280.48,0.4,11.44,0.0,3.6,
2012-07-01,Puducherry,puducherry,631.0799999999999,0.8999999999999999,25.74,0.0,8.1,
2012-08-01,Puducherry,puducherry,771.32,1.1,31.46,0.0,9.9,
2012-09-01,Puducherry,puducherry,631.0799999999999,0.8999999999999999,25.74,0.0,8.1,
2012-10-01,Puducherry,puducherry,350.6,0.5,14.3,0.0,4.5,
2012-11-01,Puducherry,puducherry,175.3,0.25,7.15,0.0,2.25,
2012-12-01,Puducherry,puducherry,105.17999999999999,0.15,4.29,0.0,1.3499999999999999,
2013-01-01,Puducherry,puducherry,44.300000000000004,0.0,2.54,0.0,2.92,
2013-02-01,Puducherry,puducherry,44.300000000000004,0.0,2.54,0.0,2.92,
2013-03-01,Puducherry,puducherry,66.45,0.0,3.81,0.0,4.38,
2013-04-01,Puducherry,puducherry,88.60000000000001,0.0,5.08,0.0,5.84,
2013-05-01,Puducherry,puducherry,110.75,0.0,6.3500000000000005,0.0,7.300000000000001,
2013-06-01,Puducherry,puducherry,177.20000000000002,0.0,10.16,0.0,11.68,
2013-07-01,Puducherry,puducherry,398.7,0.0,22.86,0.0,26.279999999999998,
2013-08-01,Puducherry,puducherry,487.3,0.0,27.94,0.0,32.12,
2013-09-01,Puducherry,puducherry,398.7,0.0,22.86,0.0,26.279999999999998,
2013-10-01,Puducherry,puducherry,221.5,0.0,12.700000000000001,0.0,14.600000000000001,
2013-11-01,Puducherry,puducherry,110.75,0.0,6.3500000000000005,0.0,7.300000000000001,
2013-12-01,Puducherry,puducherry,66.45,0.0,3.81,0.0,4.38,
2014-01-01,Puducherry,puducherry,,,1.58,0.0,7.98,
2014-02-01,Puducherry,puducherry,,,1.58,0.0,7.98,
2014-03-01,Puducherry,puducherry,,,2.37,0.0,11.969999999999999,
2014-04-01,Puducherry,puducherry,,,3.16,0.0,15.96,
2014-05-01,Puducherry,puducherry,,,3.95,0.0,19.950000000000003,
2014-06-01,Puducherry,puducherry,,,6.32,0.0,31.92,
2014-07-01,Puducherry,puducherry,,,14.219999999999999,0.0,71.82,
2014-08-01,Puducherry,puducherry,,,17.38,0.0,87.78,
2014-09-01,Puducherry,puducherry,,,14.219999999999999,0.0,71.82,
2014-10-01,Puducherry,puducherry,,,7.9,0.0,39.900000000000006,
2014-11-01,Puducherry,puducherry,,,3.95,0.0,19.950000000000003,
2014-12-01,Puducherry,puducherry,,,2.37,0.0,11.969999999999999,
2015-01-01,Puducherry,puducherry,,,1.08,0.02,4.9,
2015-02-01,Puducherry,puducherry,,,1.08,0.02,4.9,
2015-03-01,Puducherry,puducherry,,,1.6199999999999999,0.03,7.35,
2015-04-01,Puducherry,puducherry,,,2.16,0.04,9.8,
2015-05-01,Puducherry,puducherry,,,2.7,0.05,12.25,
2015-06-01,Puducherry,puducherry,,,4.32,0.08,19.6,
2015-07-01,Puducherry,puducherry,,,9.719999999999999,0.18,44.1,
2015-08-01,Puducherry,puducherry,,,11.88,0.22,53.9,
2015-09-01,Puducherry,puducherry,,,9.719999999999999,0.18,44.1,
2015-10-01,Puducherry,puducherry,,,5.4,0.1,24.5,
2015-11-01,Puducherry,puducherry,,,2.7,0.05,12.25,
2015-12-01,Puducherry,puducherry,,,1.6199999999999999,0.03,7.35,
2016-01-01,Puducherry,puducherry,,,1.52,0.0,9.26,
2016-02-01,Puducherry,puducherry,,,1.52,0.0,9.26,
2016-03-01,Puducherry,puducherry,,,2.28,0.0,13.889999999999999,
2016-04-01,Puducherry,puducherry,,,3.04,0.0,18.52,
2016-05-01,Puducherry,puducherry,,,3.8000000000000003,0.0,23.150000000000002,
2016-06-01,Puducherry,puducherry,,,6.08,0.0,37.04,
2016-07-01,Puducherry,puducherry,,,13.68,0.0,83.34,
2016-08-01,Puducherry,puducherry,,,16.72,0.0,101.86,
2016-09-01,Puducherry,puducherry,,,13.68,0.0,83.34,
2016-10-01,Puducherry,puducherry,,,7.6000000000000005,0.0,46.300000000000004,
2016-11-01,Puducherry,puducherry,,,3.8000000000000003,0.0,23.150000000000002,
2016-12-01,Puducherry,puducherry,,,2.28,0.0,13.889999999999999,
2017-01-01,Puducherry,puducherry,91.36,0.14,1.2,0.0,9.5,
2017-02-01,Puducherry,puducherry,91.36,0.14,1.2,0.0,9.5,
2017-03-01,Puducherry,puducherry,137.04,0.21,1.7999999999999998,0.0,14.25,
2017-04-01,Puducherry,puducherry,182.72,0.28,2.4,0.0,19.0,
2017-05-01,Puducherry,puducherry,228.4,0.35000000000000003,3.0,0.0,23.75,
2017-06-01,Puducherry,puducherry,365.44,0.56,4.8,0.0,38.0,
2017-07-01,Puducherry,puducherry,822.24,1.26,10.799999999999999,0.0,85.5,
2017-08-01,Puducherry,puducherry,1004.96,1.54,13.2,0.0,104.5,
2017-09-01,Puducherry,puducherry,822.24,1.26,10.799999999999999,0.0,85.5,
2017-10-01,Puducherry,puducherry,456.8,0.7000000000000001,6.0,0.0,47.5,
2017-11-01,Puducherry,puducherry,228.4,0.35000000000000003,3.0,0.0,23.75,
2017-12-01,Puducherry,puducherry,137.04,0.21,1.7999999999999998,0.0,14.25,
2018-01-01,Puducherry,puducherry,11.84,0.04,1.08,0.02,57.52,
2018-02-01,Puducherry,puducherry,11.84,0.04,1.08,0.02,57.52,
2018-03-01,Puducherry,puducherry,17.759999999999998,0.06,1.6199999999999999,0.03,86.28,
2018-04-01,Puducherry,puducherry,23.68,0.08,2.16,0.04,115.04,
2018-05-01,Puducherry,puducherry,29.6,0.1,2.7,0.05,143.8,
2018-06-01,Puducherry,puducherry,47.36,0.16,4.32,0.08,230.08,
2018-07-01,Puducherry,puducherry,106.56,0.36,9.719999999999999,0.18,517.68,
2018-08-01,Puducherry,puducherry,130.24,0.44,11.88,0.22,632.72,
2018-09-01,Puducherry,puducherry,106.56,0.36,9.719999999999999,0.18,517.68,
2018-10-01,Puducherry,puducherry,59.2,0.2,5.4,0.1,287.6,
2018-11-01,Puducherry,puducherry,29.6,0.1,2.7,0.05,143.8,
2018-12-01,Puducherry,puducherry,17.759999999999998,0.06,1.6199999999999999,0.03,86.28,
2019-01-01,Puducherry,puducherry,40.6,0.04,0.42,0.0,141.68,
2019-02-01,Puducherry,puducherry,40.6,0.04,0.42,0.0,141.68,
2019-03-01,Puducherry,puducherry,60.9,0.06,0.63,0.0,212.51999999999998,
2019-04-01,Puducherry,puducherry,81.2,0.08,0.84,0.0,283.36,
2019-05-01,Puducherry,puducherry,101.5,0.1,1.05,0.0,354.20000000000005,
2019-06-01,Puducherry,puducherry,162.4,0.16,1.68,0.0,566.72,
2019-07-01,Puducherry,puducherry,365.4,0.36,3.78,0.0,1275.12,
2019-08-01,Puducherry,puducherry,446.6,0.44,4.62,0.0,1558.48,
2019-09-01,Puducherry,puducherry,365.4,0.36,3.78,0.0,1275.12,
2019-10-01,Puducherry,puducherry,203.0,0.2,2.1,0.0,708.4000000000001,
2019-11-01,Puducherry,puducherry,101.5,0.1,1.05,0.0,354.20000000000005,
2019-12-01,Puducherry,puducherry,60.9,0.06,0.63,0.0,212.51999999999998,
2020-01-01,Puducherry,puducherry,12.66,0.02,0.3,0.0,79.60000000000001,
2020-02-01,Puducherry,puducherry,12.66,0.02,0.3,0.0,79.60000000000001,
2020-03-01,Puducherry,puducherry,18.99,0.03,0.44999999999999996,0.0,119.39999999999999,
2020-04-01,Puducherry,puducherry,25.32,0.04,0.6,0.0,159.20000000000002,
2020-05-01,Puducherry,puducherry,31.650000000000002,0.05,0.75,0.0,199.0,
2020-06-01,Puducherry,puducherry,50.64,0.08,1.2,0.0,318.40000000000003,
2020-07-01,Puducherry,puducherry,113.94,0.18,2.6999999999999997,0.0,716.4,
2020-08-01,Puducherry,puducherry,139.26,0.22,3.3,0.0,875.6,
2020-09-01,Puducherry,puducherry,113.94,0.18,2.6999999999999997,0.0,716.4,
2020-10-01,Puducherry,puducherry,63.300000000000004,0.1,1.5,0.0,398.0,
2020-11-01,Puducherry,puducherry,31.650000000000002,0.05,0.75,0.0,199.0,
2020-12-01,Puducherry,puducherry,18.99,0.03,0.44999999999999996,0.0,119.39999999999999,
2021-01-01,Puducherry,puducherry,32.5,0.02,0.1,0.0,145.68,
2021-02-01,Puducherry,puducherry,32.5,0.02,0.1,0.0,145.68,
2021-03-01,Puducherry,puducherry,48.75,0.03,0.15,0.0,218.51999999999998,
2021-04-01,Puducherry,puducherry,65.0,0.04,0.2,0.0,291.36,
2021-05-01,Puducherry,puducherry,81.25,0.05,0.25,0.0,364.20000000000005,
2021-06-01,Puducherry,puducherry,130.0,0.08,0.4,0.0,582.72,
2021-07-01,Puducherry,puducherry,292.5,0.18,0.8999999999999999,0.0,1311.12,
2021-08-01,Puducherry,puducherry,357.5,0.22,1.1,0.0,1602.48,
2021-09-01,Puducherry,puducherry,292.5,0.18,0.8999999999999999,0.0,1311.12,
2021-10-01,Puducherry,puducherry,162.5,0.1,0.5,0.0,728.4000000000001,
2021-11-01,Puducherry,puducherry,81.25,0.05,0.25,0.0,364.20000000000005,
2021-12-01,Puducherry,puducherry,48.75,0.03,0.15,0.0,218.51999999999998,
2022-01-01,Puducherry,puducherry,33.46,0.06,0.0,0.0,228.8,
2022-02-01,Puducherry,puducherry,33.46,0.06,0.0,0.0,228.8,
2022-03-01,Puducherry,puducherry,50.19,0.09,0.0,0.0,343.2,
2022-04-01,Puducherry,puducherry,66.92,0.12,0.0,0.0,457.6,
2022-05-01,Puducherry,puducherry,83.65,0.15000000000000002,0.0,0.0,572.0,
2022-06-01,Puducherry,puducherry,133.84,0.24,0.0,0.0,915.2,
2022-07-01,Puducherry,puducherry,301.14,0.54,0.0,0.0,2059.2,
2022-08-01,Puducherry,puducherry,368.06,0.66,0.0,0.0,2516.8,
2022-09-01,Puducherry,puducherry,301.14,0.54,0.0,0.0,2059.2,
2022-10-01,Puducherry,puducherry,167.3,0.30000000000000004,0.0,0.0,1144.0,
2022-11-01,Puducherry,puducherry,83.65,0.15000000000000002,0.0,0.0,572.0,
2022-12-01,Puducherry,puducherry,50.19,0.09,0.0,0.0,343.2,
1999-01-01,Punjab,punjab,8.38,0.02,,,,
1999-02-01,Punjab,punjab,8.38,0.02,,,,
1999-03-01,Punjab,punjab,12.57,0.03,,,,
1999-04-01,Punjab,punjab,16.76,0.04,,,,
1999-05-01,Punjab,punjab,20.950000000000003,0.05,,,,
1999-06-01,Punjab,punjab,33.52,0.08,,,,
1999-07-01,Punjab,punjab,75.42,0.18,,,,
1999-08-01,Punjab,punjab,92.18,0.22,,,,
1999-09-01,Punjab,punjab,75.42,0.18,,,,
1999-10-01,Punjab,punjab,41.900000000000006,0.1,,,,
1999-11-01,Punjab,punjab,20.950000000000003,0.05,,,,
1999-12-01,Punjab,punjab,12.57,0.03,,,,
2000-01-01,Punjab,punjab,1.82,0.02,,,,
2000-02-01,Punjab,punjab,1.82,0.02,,,,
2000-03-01,Punjab,punjab,2.73,0.03,,,,
2000-04-01,Punjab,punjab,3.64,0.04,,,,
2000-05-01,Punjab,punjab,4.55,0.05,,,,
2000-06-01,Punjab,punjab,7.28,0.08,,,,
2000-07-01,Punjab,punjab,16.38,0.18,,,,
2000-08-01,Punjab,punjab,20.02,0.22,,,,
2000-09-01,Punjab,punjab,16.38,0.18,,,,
2000-10-01,Punjab,punjab,9.1,0.1,,,,
2000-11-01,Punjab,punjab,4.55,0.05,,,,
2000-12-01,Punjab,punjab,2.73,0.03,,,,
2001-01-01,Punjab,punjab,0.98,0.0,12.08,0.0,,
2001-02-01,Punjab,punjab,0.98,0.0,12.08,0.0,,
2001-03-01,Punjab,punjab,1.47,0.0,18.12,0.0,,
2001-04-01,Punjab,punjab,1.96,0.0,24.16,0.0,,
2001-05-01,Punjab,punjab,2.45,0.0,30.200000000000003,0.0,,
2001-06-01,Punjab,punjab,3.92,0.0,48.32,0.0,,
2001-07-01,Punjab,punjab,8.82,0.0,108.72,0.0,,
2001-08-01,Punjab,punjab,10.78,0.0,132.88,0.0,,
2001-09-01,Punjab,punjab,8.82,0.0,108.72,0.0,,
2001-10-01,Punjab,punjab,4.9,0.0,60.400000000000006,0.0,,
2001-11-01,Punjab,punjab,2.45,0.0,30.200000000000003,0.0,,
2001-12-01,Punjab,punjab,1.47,0.0,18.12,0.0,,
2002-01-01,Punjab,punjab,0.54,0.04,5.0,0.0,,
2002-02-01,Punjab,punjab,0.54,0.04,5.0,0.0,,
2002-03-01,Punjab,punjab,0.8099999999999999,0.06,7.5,0.0,,
2002-04-01,Punjab,punjab,1.08,0.08,10.0,0.0,,
2002-05-01,Punjab,punjab,1.35,0.1,12.5,0.0,,
2002-06-01,Punjab,punjab,2.16,0.16,20.0,0.0,,
2002-07-01,Punjab,punjab,4.859999999999999,0.36,45.0,0.0,,
2002-08-01,Punjab,punjab,5.94,0.44,55.0,0.0,,
2002-09-01,Punjab,punjab,4.859999999999999,0.36,45.0,0.0,,
2002-10-01,Punjab,punjab,2.7,0.2,25.0,0.0,,
2002-11-01,Punjab,punjab,1.35,0.1,12.5,0.0,,
2002-12-01,Punjab,punjab,0.8099999999999999,0.06,7.5,0.0,,
2003-01-01,Punjab,punjab,16.96,0.26,7.58,0.02,,
2003-02-01,Punjab,punjab,16.96,0.26,7.58,0.02,,
2003-03-01,Punjab,punjab,25.439999999999998,0.39,11.37,0.03,,
2003-04-01,Punjab,punjab,33.92,0.52,15.16,0.04,,
2003-05-01,Punjab,punjab,42.400000000000006,0.65,18.95,0.05,,
2003-06-01,Punjab,punjab,67.84,1.04,30.32,0.08,,
2003-07-01,Punjab,punjab,152.64,2.34,68.22,0.18,,
2003-08-01,Punjab,punjab,186.56,2.86,83.38,0.22,,
2003-09-01,Punjab,punjab,152.64,2.34,68.22,0.18,,
2003-10-01,Punjab,punjab,84.80000000000001,1.3,37.9,0.1,,
2003-11-01,Punjab,punjab,42.400000000000006,0.65,18.95,0.05,,
2003-12-01,Punjab,punjab,25.439999999999998,0.39,11.37,0.03,,
2004-01-01,Punjab,punjab,1.04,0.0,32.86,0.0,,
2004-02-01,Punjab,punjab,1.04,0.0,32.86,0.0,,
2004-03-01,Punjab,punjab,1.56,0.0,49.29,0.0,,
2004-04-01,Punjab,punjab,2.08,0.0,65.72,0.0,,
2004-05-01,Punjab,punjab,2.6,0.0,82.15,0.0,,
2004-06-01,Punjab,punjab,4.16,0.0,131.44,0.0,,
2004-07-01,Punjab,punjab,9.36,0.0,295.74,0.0,,
2004-08-01,Punjab,punjab,11.44,0.0,361.46,0.0,,
2004-09-01,Punjab,punjab,9.36,0.0,295.74,0.0,,
2004-10-01,Punjab,punjab,5.2,0.0,164.3,0.0,,
2004-11-01,Punjab,punjab,2.6,0.0,82.15,0.0,,
2004-12-01,Punjab,punjab,1.56,0.0,49.29,0.0,,
2005-01-01,Punjab,punjab,5.0200000000000005,0.04,37.660000000000004,0.0,,
2005-02-01,Punjab,punjab,5.0200000000000005,0.04,37.660000000000004,0.0,,
2005-03-01,Punjab,punjab,7.529999999999999,0.06,56.489999999999995,0.0,,
2005-04-01,Punjab,punjab,10.040000000000001,0.08,75.32000000000001,0.0,,
2005-05-01,Punjab,punjab,12.55,0.1,94.15,0.0,,
2005-06-01,Punjab,punjab,20.080000000000002,0.16,150.64000000000001,0.0,,
2005-07-01,Punjab,punjab,45.18,0.36,338.94,0.0,,
2005-08-01,Punjab,punjab,55.22,0.44,414.26,0.0,,
2005-09-01,Punjab,punjab,45.18,0.36,338.94,0.0,,
2005-10-01,Punjab,punjab,25.1,0.2,188.3,0.0,,
2005-11-01,Punjab,punjab,12.55,0.1,94.15,0.0,,
2005-12-01,Punjab,punjab,7.529999999999999,0.06,56.489999999999995,0.0,,
2006-01-01,Punjab,punjab,23.32,0.12,37.76,0.0,,
2006-02-01,Punjab,punjab,23.32,0.12,37.76,0.0,,
2006-03-01,Punjab,punjab,34.98,0.18,56.64,0.0,,
2006-04-01,Punjab,punjab,46.64,0.24,75.52,0.0,,
2006-05-01,Punjab,punjab,58.300000000000004,0.30000000000000004,94.4,0.0,,
2006-06-01,Punjab,punjab,93.28,0.48,151.04,0.0,,
2006-07-01,Punjab,punjab,209.88,1.08,339.84,0.0,,
2006-08-01,Punjab,punjab,256.52,1.32,415.36,0.0,,
2006-09-01,Punjab,punjab,209.88,1.08,339.84,0.0,,
2006-10-01,Punjab,punjab,116.60000000000001,0.6000000000000001,188.8,0.0,,
2006-11-01,Punjab,punjab,58.300000000000004,0.30000000000000004,94.4,0.0,,
2006-12-01,Punjab,punjab,34.98,0.18,56.64,0.0,,
2007-01-01,Punjab,punjab,0.56,0.0,40.34,0.0,,
2007-02-01,Punjab,punjab,0.56,0.0,40.34,0.0,,
2007-03-01,Punjab,punjab,0.84,0.0,60.51,0.0,,
2007-04-01,Punjab,punjab,1.12,0.0,80.68,0.0,,
2007-05-01,Punjab,punjab,1.4000000000000001,0.0,100.85000000000001,0.0,,
2007-06-01,Punjab,punjab,2.24,0.0,161.36,0.0,,
2007-07-01,Punjab,punjab,5.04,0.0,363.06,0.0,,
2007-08-01,Punjab,punjab,6.16,0.0,443.74,0.0,,
2007-09-01,Punjab,punjab,5.04,0.0,363.06,0.0,,
2007-10-01,Punjab,punjab,2.8000000000000003,0.0,201.70000000000002,0.0,,
2007-11-01,Punjab,punjab,1.4000000000000001,0.0,100.85000000000001,0.0,,
2007-12-01,Punjab,punjab,0.84,0.0,60.51,0.0,,
2008-01-01,Punjab,punjab,86.98,0.42,49.88,0.0,0.0,
2008-02-01,Punjab,punjab,86.98,0.42,49.88,0.0,0.0,
2008-03-01,Punjab,punjab,130.47,0.63,74.82,0.0,0.0,
2008-04-01,Punjab,punjab,173.96,0.84,99.76,0.0,0.0,
2008-05-01,Punjab,punjab,217.45000000000002,1.05,124.7,0.0,0.0,
2008-06-01,Punjab,punjab,347.92,1.68,199.52,0.0,0.0,
2008-07-01,Punjab,punjab,782.8199999999999,3.78,448.91999999999996,0.0,0.0,
2008-08-01,Punjab,punjab,956.78,4.62,548.68,0.0,0.0,
2008-09-01,Punjab,punjab,782.8199999999999,3.78,448.91999999999996,0.0,0.0,
2008-10-01,Punjab,punjab,434.90000000000003,2.1,249.4,0.0,0.0,
2008-11-01,Punjab,punjab,217.45000000000002,1.05,124.7,0.0,0.0,
2008-12-01,Punjab,punjab,130.47,0.63,74.82,0.0,0.0,
2009-01-01,Punjab,punjab,4.9,0.02,59.1,0.0,0.0,
2009-02-01,Punjab,punjab,4.9,0.02,59.1,0.0,0.0,
2009-03-01,Punjab,punjab,7.35,0.03,88.64999999999999,0.0,0.0,
2009-04-01,Punjab,punjab,9.8,0.04,118.2,0.0,0.0,
2009-05-01,Punjab,punjab,12.25,0.05,147.75,0.0,0.0,
2009-06-01,Punjab,punjab,19.6,0.08,236.4,0.0,0.0,
2009-07-01,Punjab,punjab,44.1,0.18,531.9,0.0,0.0,
2009-08-01,Punjab,punjab,53.9,0.22,650.1,0.0,0.0,
2009-09-01,Punjab,punjab,44.1,0.18,531.9,0.0,0.0,
2009-10-01,Punjab,punjab,24.5,0.1,295.5,0.0,0.0,
2009-11-01,Punjab,punjab,12.25,0.05,147.75,0.0,0.0,
2009-12-01,Punjab,punjab,7.35,0.03,88.64999999999999,0.0,0.0,
2010-01-01,Punjab,punjab,80.24,0.3,69.54,0.0,0.02,
2010-02-01,Punjab,punjab,80.24,0.3,69.54,0.0,0.02,
2010-03-01,Punjab,punjab,120.36,0.44999999999999996,104.31,0.0,0.03,
2010-04-01,Punjab,punjab,160.48,0.6,139.08,0.0,0.04,
2010-05-01,Punjab,punjab,200.60000000000002,0.75,173.85000000000002,0.0,0.05,
2010-06-01,Punjab,punjab,320.96,1.2,278.16,0.0,0.08,
2010-07-01,Punjab,punjab,722.16,2.6999999999999997,625.86,0.0,0.18,
2010-08-01,Punjab,punjab,882.64,3.3,764.94,0.0,0.22,
2010-09-01,Punjab,punjab,722.16,2.6999999999999997,625.86,0.0,0.18,
2010-10-01,Punjab,punjab,401.20000000000005,1.5,347.70000000000005,0.0,0.1,
2010-11-01,Punjab,punjab,200.60000000000002,0.75,173.85000000000002,0.0,0.05,
2010-12-01,Punjab,punjab,120.36,0.44999999999999996,104.31,0.0,0.03,
2011-01-01,Punjab,punjab,78.42,0.66,53.86,0.06,0.0,
2011-02-01,Punjab,punjab,78.42,0.66,53.86,0.06,0.0,
2011-03-01,Punjab,punjab,117.63,0.99,80.78999999999999,0.09,0.0,
2011-04-01,Punjab,punjab,156.84,1.32,107.72,0.12,0.0,
2011-05-01,Punjab,punjab,196.05,1.6500000000000001,134.65,0.15000000000000002,0.0,
2011-06-01,Punjab,punjab,313.68,2.64,215.44,0.24,0.0,
2011-07-01,Punjab,punjab,705.78,5.9399999999999995,484.74,0.54,0.0,
2011-08-01,Punjab,punjab,862.62,7.26,592.46,0.66,0.0,
2011-09-01,Punjab,punjab,705.78,5.9399999999999995,484.74,0.54,0.0,
2011-10-01,Punjab,punjab,392.1,3.3000000000000003,269.3,0.30000000000000004,0.0,
2011-11-01,Punjab,punjab,196.05,1.6500000000000001,134.65,0.15000000000000002,0.0,
2011-12-01,Punjab,punjab,117.63,0.99,80.78999999999999,0.09,0.0,
2012-01-01,Punjab,punjab,15.4,0.18,33.78,0.0,0.02,
2012-02-01,Punjab,punjab,15.4,0.18,33.78,0.0,0.02,
2012-03-01,Punjab,punjab,23.099999999999998,0.27,50.669999999999995,0.0,0.03,
2012-04-01,Punjab,punjab,30.8,0.36,67.56,0.0,0.04,
2012-05-01,Punjab,punjab,38.5,0.45,84.45,0.0,0.05,
2012-06-01,Punjab,punjab,61.6,0.72,135.12,0.0,0.08,
2012-07-01,Punjab,punjab,138.6,1.6199999999999999,304.02,0.0,0.18,
2012-08-01,Punjab,punjab,169.4,1.98,371.58,0.0,0.22,
2012-09-01,Punjab,punjab,138.6,1.6199999999999999,304.02,0.0,0.18,
2012-10-01,Punjab,punjab,77.0,0.9,168.9,0.0,0.1,
2012-11-01,Punjab,punjab,38.5,0.45,84.45,0.0,0.05,
2012-12-01,Punjab,punjab,23.099999999999998,0.27,50.669999999999995,0.0,0.03,
2013-01-01,Punjab,punjab,82.34,0.5,35.2,0.0,0.0,
2013-02-01,Punjab,punjab,82.34,0.5,35.2,0.0,0.0,
2013-03-01,Punjab,punjab,123.50999999999999,0.75,52.8,0.0,0.0,
2013-04-01,Punjab,punjab,164.68,1.0,70.4,0.0,0.0,
2013-05-01,Punjab,punjab,205.85000000000002,1.25,88.0,0.0,0.0,
2013-06-01,Punjab,punjab,329.36,2.0,140.8,0.0,0.0,
2013-07-01,Punjab,punjab,741.06,4.5,316.8,0.0,0.0,
2013-08-01,Punjab,punjab,905.74,5.5,387.2,0.0,0.0,
2013-09-01,Punjab,punjab,741.06,4.5,316.8,0.0,0.0,
2013-10-01,Punjab,punjab,411.70000000000005,2.5,176.0,0.0,0.0,
2013-11-01,Punjab,punjab,205.85000000000002,1.25,88.0,0.0,0.0,
2013-12-01,Punjab,punjab,123.50999999999999,0.75,52.8,0.0,0.0,
2014-01-01,Punjab,punjab,,,20.72,0.0,0.04,
2014-02-01,Punjab,punjab,,,20.72,0.0,0.04,
2014-03-01,Punjab,punjab,,,31.08,0.0,0.06,
2014-04-01,Punjab,punjab,,,41.44,0.0,0.08,
2014-05-01,Punjab,punjab,,,51.800000000000004,0.0,0.1,
2014-06-01,Punjab,punjab,,,82.88,0.0,0.16,
2014-07-01,Punjab,punjab,,,186.48,0.0,0.36,
2014-08-01,Punjab,punjab,,,227.92,0.0,0.44,
2014-09-01,Punjab,punjab,,,186.48,0.0,0.36,
2014-10-01,Punjab,punjab,,,103.60000000000001,0.0,0.2,
2014-11-01,Punjab,punjab,,,51.800000000000004,0.0,0.1,
2014-12-01,Punjab,punjab,,,31.08,0.0,0.06,
2015-01-01,Punjab,punjab,,,11.92,0.0,3.6,
2015-02-01,Punjab,punjab,,,11.92,0.0,3.6,
2015-03-01,Punjab,punjab,,,17.88,0.0,5.3999999999999995,
2015-04-01,Punjab,punjab,,,23.84,0.0,7.2,
2015-05-01,Punjab,punjab,,,29.8,0.0,9.0,
2015-06-01,Punjab,punjab,,,47.68,0.0,14.4,
2015-07-01,Punjab,punjab,,,107.28,0.0,32.4,
2015-08-01,Punjab,punjab,,,131.12,0.0,39.6,
2015-09-01,Punjab,punjab,,,107.28,0.0,32.4,
2015-10-01,Punjab,punjab,,,59.6,0.0,18.0,
2015-11-01,Punjab,punjab,,,29.8,0.0,9.0,
2015-12-01,Punjab,punjab,,,17.88,0.0,5.3999999999999995,
2016-01-01,Punjab,punjab,,,13.86,0.0,88.14,
2016-02-01,Punjab,punjab,,,13.86,0.0,88.14,
2016-03-01,Punjab,punjab,,,20.79,0.0,132.21,
2016-04-01,Punjab,punjab,,,27.72,0.0,176.28,
2016-05-01,Punjab,punjab,,,34.65,0.0,220.35000000000002,
2016-06-01,Punjab,punjab,,,55.44,0.0,352.56,
2016-07-01,Punjab,punjab,,,124.74,0.0,793.26,
2016-08-01,Punjab,punjab,,,152.46,0.0,969.54,
2016-09-01,Punjab,punjab,,,124.74,0.0,793.26,
2016-10-01,Punjab,punjab,,,69.3,0.0,440.70000000000005,
2016-11-01,Punjab,punjab,,,34.65,0.0,220.35000000000002,
2016-12-01,Punjab,punjab,,,20.79,0.0,132.21,
2017-01-01,Punjab,punjab,307.96,0.36,16.1,0.0,65.02,
2017-02-01,Punjab,punjab,307.96,0.36,16.1,0.0,65.02,
2017-03-01,Punjab,punjab,461.94,0.54,24.15,0.0,97.53,
2017-04-01,Punjab,punjab,615.92,0.72,32.2,0.0,130.04,
2017-05-01,Punjab,punjab,769.9000000000001,0.9,40.25,0.0,162.55,
2017-06-01,Punjab,punjab,1231.84,1.44,64.4,0.0,260.08,
2017-07-01,Punjab,punjab,2771.64,3.2399999999999998,144.9,0.0,585.18,
2017-08-01,Punjab,punjab,3387.56,3.96,177.1,0.0,715.22,
2017-09-01,Punjab,punjab,2771.64,3.2399999999999998,144.9,0.0,585.18,
2017-10-01,Punjab,punjab,1539.8000000000002,1.8,80.5,0.0,325.1,
2017-11-01,Punjab,punjab,769.9000000000001,0.9,40.25,0.0,162.55,
2017-12-01,Punjab,punjab,461.94,0.54,24.15,0.0,97.53,
2018-01-01,Punjab,punjab,299.6,0.18,12.48,0.0,14.72,
2018-02-01,Punjab,punjab,299.6,0.18,12.48,0.0,14.72,
2018-03-01,Punjab,punjab,449.4,0.27,18.72,0.0,22.08,
2018-04-01,Punjab,punjab,599.2,0.36,24.96,0.0,29.44,
2018-05-01,Punjab,punjab,749.0,0.45,31.200000000000003,0.0,36.800000000000004,
2018-06-01,Punjab,punjab,1198.4,0.72,49.92,0.0,58.88,
2018-07-01,Punjab,punjab,2696.4,1.6199999999999999,112.32,0.0,132.48,
2018-08-01,Punjab,punjab,3295.6,1.98,137.28,0.0,161.92,
2018-09-01,Punjab,punjab,2696.4,1.6199999999999999,112.32,0.0,132.48,
2018-10-01,Punjab,punjab,1498.0,0.9,62.400000000000006,0.0,73.60000000000001,
2018-11-01,Punjab,punjab,749.0,0.45,31.200000000000003,0.0,36.800000000000004,
2018-12-01,Punjab,punjab,449.4,0.27,18.72,0.0,22.08,
2019-01-01,Punjab,punjab,205.78,0.28,22.78,0.0,7.44,
2019-02-01,Punjab,punjab,205.78,0.28,22.78,0.0,7.44,
2019-03-01,Punjab,punjab,308.67,0.42,34.17,0.0,11.16,
2019-04-01,Punjab,punjab,411.56,0.56,45.56,0.0,14.88,
2019-05-01,Punjab,punjab,514.45,0.7000000000000001,56.95,0.0,18.6,
2019-06-01,Punjab,punjab,823.12,1.12,91.12,0.0,29.76,
2019-07-01,Punjab,punjab,1852.02,2.52,205.01999999999998,0.0,66.96,
2019-08-01,Punjab,punjab,2263.58,3.08,250.58,0.0,81.84,
2019-09-01,Punjab,punjab,1852.02,2.52,205.01999999999998,0.0,66.96,
2019-10-01,Punjab,punjab,1028.9,1.4000000000000001,113.9,0.0,37.2,
2019-11-01,Punjab,punjab,514.45,0.7000000000000001,56.95,0.0,18.6,
2019-12-01,Punjab,punjab,308.67,0.42,34.17,0.0,11.16,
2020-01-01,Punjab,punjab,168.70000000000002,0.44,2.18,0.0,0.5,
2020-02-01,Punjab,punjab,168.70000000000002,0.44,2.18,0.0,0.5,
2020-03-01,Punjab,punjab,253.04999999999998,0.6599999999999999,3.27,0.0,0.75,
2020-04-01,Punjab,punjab,337.40000000000003,0.88,4.36,0.0,1.0,
2020-05-01,Punjab,punjab,421.75,1.1,5.45,0.0,1.25,
2020-06-01,Punjab,punjab,674.8000000000001,1.76,8.72,0.0,2.0,
2020-07-01,Punjab,punjab,1518.3,3.96,19.62,0.0,4.5,
2020-08-01,Punjab,punjab,1855.7,4.84,23.98,0.0,5.5,
2020-09-01,Punjab,punjab,1518.3,3.96,19.62,0.0,4.5,
2020-10-01,Punjab,punjab,843.5,2.2,10.9,0.0,2.5,
2020-11-01,Punjab,punjab,421.75,1.1,5.45,0.0,1.25,
2020-12-01,Punjab,punjab,253.04999999999998,0.6599999999999999,3.27,0.0,0.75,
2021-01-01,Punjab,punjab,467.78000000000003,1.1,1.42,0.0,12.88,
2021-02-01,Punjab,punjab,467.78000000000003,1.1,1.42,0.0,12.88,
2021-03-01,Punjab,punjab,701.67,1.65,2.13,0.0,19.32,
2021-04-01,Punjab,punjab,935.5600000000001,2.2,2.84,0.0,25.76,
2021-05-01,Punjab,punjab,1169.45,2.75,3.5500000000000003,0.0,32.2,
2021-06-01,Punjab,punjab,1871.1200000000001,4.4,5.68,0.0,51.52,
2021-07-01,Punjab,punjab,4210.0199999999995,9.9,12.78,0.0,115.92,
2021-08-01,Punjab,punjab,5145.58,12.1,15.62,0.0,141.68,
2021-09-01,Punjab,punjab,4210.0199999999995,9.9,12.78,0.0,115.92,
2021-10-01,Punjab,punjab,2338.9,5.5,7.1000000000000005,0.0,64.4,
2021-11-01,Punjab,punjab,1169.45,2.75,3.5500000000000003,0.0,32.2,
2021-12-01,Punjab,punjab,701.67,1.65,2.13,0.0,19.32,
2022-01-01,Punjab,punjab,220.76,0.62,2.18,0.0,20.86,
2022-02-01,Punjab,punjab,220.76,0.62,2.18,0.0,20.86,
2022-03-01,Punjab,punjab,331.14,0.9299999999999999,3.27,0.0,31.29,
2022-04-01,Punjab,punjab,441.52,1.24,4.36,0.0,41.72,
2022-05-01,Punjab,punjab,551.9,1.55,5.45,0.0,52.150000000000006,
2022-06-01,Punjab,punjab,883.04,2.48,8.72,0.0,83.44,
2022-07-01,Punjab,punjab,1986.84,5.58,19.62,0.0,187.73999999999998,
2022-08-01,Punjab,punjab,2428.36,6.82,23.98,0.0,229.46,
2022-09-01,Punjab,punjab,1986.84,5.58,19.62,0.0,187.73999999999998,
2022-10-01,Punjab,punjab,1103.8,3.1,10.9,0.0,104.30000000000001,
2022-11-01,Punjab,punjab,551.9,1.55,5.45,0.0,52.150000000000006,
2022-12-01,Punjab,punjab,331.14,0.9299999999999999,3.27,0.0,31.29,
1999-01-01,Rajasthan,rajasthan,0.02,0.0,,,,
1999-02-01,Rajasthan,rajasthan,0.02,0.0,,,,
1999-03-01,Rajasthan,rajasthan,0.03,0.0,,,,
1999-04-01,Rajasthan,rajasthan,0.04,0.0,,,,
1999-05-01,Rajasthan,rajasthan,0.05,0.0,,,,
1999-06-01,Rajasthan,rajasthan,0.08,0.0,,,,
1999-07-01,Rajasthan,rajasthan,0.18,0.0,,,,
1999-08-01,Rajasthan,rajasthan,0.22,0.0,,,,
1999-09-01,Rajasthan,rajasthan,0.18,0.0,,,,
1999-10-01,Rajasthan,rajasthan,0.1,0.0,,,,
1999-11-01,Rajasthan,rajasthan,0.05,0.0,,,,
1999-12-01,Rajasthan,rajasthan,0.03,0.0,,,,
2000-01-01,Rajasthan,rajasthan,0.0,0.0,,,,
2000-02-01,Rajasthan,rajasthan,0.0,0.0,,,,
2000-03-01,Rajasthan,rajasthan,0.0,0.0,,,,
2000-04-01,Rajasthan,rajasthan,0.0,0.0,,,,
2000-05-01,Rajasthan,rajasthan,0.0,0.0,,,,
2000-06-01,Rajasthan,rajasthan,0.0,0.0,,,,
2000-07-01,Rajasthan,rajasthan,0.0,0.0,,,,
2000-08-01,Rajasthan,rajasthan,0.0,0.0,,,,
2000-09-01,Rajasthan,rajasthan,0.0,0.0,,,,
2000-10-01,Rajasthan,rajasthan,0.0,0.0,,,,
2000-11-01,Rajasthan,rajasthan,0.0,0.0,,,,
2000-12-01,Rajasthan,rajasthan,0.0,0.0,,,,
2001-01-01,Rajasthan,rajasthan,29.04,0.7000000000000001,2584.66,0.72,,
2001-02-01,Rajasthan,rajasthan,29.04,0.7000000000000001,2584.66,0.72,,
2001-03-01,Rajasthan,rajasthan,43.559999999999995,1.05,3876.99,1.08,,
2001-04-01,Rajasthan,rajasthan,58.08,1.4000000000000001,5169.32,1.44,,
2001-05-01,Rajasthan,rajasthan,72.60000000000001,1.75,6461.650000000001,1.8,,
2001-06-01,Rajasthan,rajasthan,116.16,2.8000000000000003,10338.64,2.88,,
2001-07-01,Rajasthan,rajasthan,261.36,6.3,23261.94,6.4799999999999995,,
2001-08-01,Rajasthan,rajasthan,319.44,7.7,28431.26,7.92,,
2001-09-01,Rajasthan,rajasthan,261.36,6.3,23261.94,6.4799999999999995,,
2001-10-01,Rajasthan,rajasthan,145.20000000000002,3.5,12923.300000000001,3.6,,
2001-11-01,Rajasthan,rajasthan,72.60000000000001,1.75,6461.650000000001,1.8,,
2001-12-01,Rajasthan,rajasthan,43.559999999999995,1.05,3876.99,1.08,,
2002-01-01,Rajasthan,rajasthan,6.5,0.1,1372.54,0.22,,
2002-02-01,Rajasthan,rajasthan,6.5,0.1,1372.54,0.22,,
2002-03-01,Rajasthan,rajasthan,9.75,0.15,2058.81,0.32999999999999996,,
2002-04-01,Rajasthan,rajasthan,13.0,0.2,2745.08,0.44,,
2002-05-01,Rajasthan,rajasthan,16.25,0.25,3431.3500000000004,0.55,,
2002-06-01,Rajasthan,rajasthan,26.0,0.4,5490.16,0.88,,
2002-07-01,Rajasthan,rajasthan,58.5,0.8999999999999999,12352.859999999999,1.98,,
2002-08-01,Rajasthan,rajasthan,71.5,1.1,15097.94,2.42,,
2002-09-01,Rajasthan,rajasthan,58.5,0.8999999999999999,12352.859999999999,1.98,,
2002-10-01,Rajasthan,rajasthan,32.5,0.5,6862.700000000001,1.1,,
2002-11-01,Rajasthan,rajasthan,16.25,0.25,3431.3500000000004,0.55,,
2002-12-01,Rajasthan,rajasthan,9.75,0.15,2058.81,0.32999999999999996,,
2003-01-01,Rajasthan,rajasthan,13.700000000000001,0.22,2854.76,1.32,,
2003-02-01,Rajasthan,rajasthan,13.700000000000001,0.22,2854.76,1.32,,
2003-03-01,Rajasthan,rajasthan,20.55,0.32999999999999996,4282.139999999999,1.98,,
2003-04-01,Rajasthan,rajasthan,27.400000000000002,0.44,5709.52,2.64,,
2003-05-01,Rajasthan,rajasthan,34.25,0.55,7136.900000000001,3.3000000000000003,,
2003-06-01,Rajasthan,rajasthan,54.800000000000004,0.88,11419.04,5.28,,
2003-07-01,Rajasthan,rajasthan,123.3,1.98,25692.84,11.879999999999999,,
2003-08-01,Rajasthan,rajasthan,150.7,2.42,31402.36,14.52,,
2003-09-01,Rajasthan,rajasthan,123.3,1.98,25692.84,11.879999999999999,,
2003-10-01,Rajasthan,rajasthan,68.5,1.1,14273.800000000001,6.6000000000000005,,
2003-11-01,Rajasthan,rajasthan,34.25,0.55,7136.900000000001,3.3000000000000003,,
2003-12-01,Rajasthan,rajasthan,20.55,0.32999999999999996,4282.139999999999,1.98,,
2004-01-01,Rajasthan,rajasthan,4.14,0.1,2100.44,0.4,,
2004-02-01,Rajasthan,rajasthan,4.14,0.1,2100.44,0.4,,
2004-03-01,Rajasthan,rajasthan,6.21,0.15,3150.66,0.6,,
2004-04-01,Rajasthan,rajasthan,8.28,0.2,4200.88,0.8,,
2004-05-01,Rajasthan,rajasthan,10.350000000000001,0.25,5251.1,1.0,,
2004-06-01,Rajasthan,rajasthan,16.56,0.4,8401.76,1.6,,
2004-07-01,Rajasthan,rajasthan,37.26,0.8999999999999999,18903.96,3.5999999999999996,,
2004-08-01,Rajasthan,rajasthan,45.54,1.1,23104.84,4.4,,
2004-09-01,Rajasthan,rajasthan,37.26,0.8999999999999999,18903.96,3.5999999999999996,,
2004-10-01,Rajasthan,rajasthan,20.700000000000003,0.5,10502.2,2.0,,
2004-11-01,Rajasthan,rajasthan,10.350000000000001,0.25,5251.1,1.0,,
2004-12-01,Rajasthan,rajasthan,6.21,0.15,3150.66,0.6,,
2005-01-01,Rajasthan,rajasthan,7.4,0.1,1045.72,0.44,,
2005-02-01,Rajasthan,rajasthan,7.4,0.1,1045.72,0.44,,
2005-03-01,Rajasthan,rajasthan,11.1,0.15,1568.58,0.6599999999999999,,
2005-04-01,Rajasthan,rajasthan,14.8,0.2,2091.44,0.88,,
2005-05-01,Rajasthan,rajasthan,18.5,0.25,2614.3,1.1,,
2005-06-01,Rajasthan,rajasthan,29.6,0.4,4182.88,1.76,,
2005-07-01,Rajasthan,rajasthan,66.6,0.8999999999999999,9411.48,3.96,,
2005-08-01,Rajasthan,rajasthan,81.4,1.1,11502.92,4.84,,
2005-09-01,Rajasthan,rajasthan,66.6,0.8999999999999999,9411.48,3.96,,
2005-10-01,Rajasthan,rajasthan,37.0,0.5,5228.6,2.2,,
2005-11-01,Rajasthan,rajasthan,18.5,0.25,2614.3,1.1,,
2005-12-01,Rajasthan,rajasthan,11.1,0.15,1568.58,0.6599999999999999,,
2006-01-01,Rajasthan,rajasthan,36.1,0.52,1990.5800000000002,1.16,2.04,
2006-02-01,Rajasthan,rajasthan,36.1,0.52,1990.5800000000002,1.16,2.04,
2006-03-01,Rajasthan,rajasthan,54.15,0.78,2985.87,1.74,3.06,
2006-04-01,Rajasthan,rajasthan,72.2,1.04,3981.1600000000003,2.32,4.08,
2006-05-01,Rajasthan,rajasthan,90.25,1.3,4976.450000000001,2.9000000000000004,5.1000000000000005,
2006-06-01,Rajasthan,rajasthan,144.4,2.08,7962.320000000001,4.64,8.16,
2006-07-01,Rajasthan,rajasthan,324.9,4.68,17915.219999999998,10.44,18.36,
2006-08-01,Rajasthan,rajasthan,397.1,5.72,21896.38,12.76,22.44,
2006-09-01,Rajasthan,rajasthan,324.9,4.68,17915.219999999998,10.44,18.36,
2006-10-01,Rajasthan,rajasthan,180.5,2.6,9952.900000000001,5.800000000000001,10.200000000000001,
2006-11-01,Rajasthan,rajasthan,90.25,1.3,4976.450000000001,2.9000000000000004,5.1000000000000005,
2006-12-01,Rajasthan,rajasthan,54.15,0.78,2985.87,1.74,3.06,
2007-01-01,Rajasthan,rajasthan,10.8,0.2,1100.8600000000001,0.92,0.02,
2007-02-01,Rajasthan,rajasthan,10.8,0.2,1100.8600000000001,0.92,0.02,
2007-03-01,Rajasthan,rajasthan,16.2,0.3,1651.29,1.38,0.03,
2007-04-01,Rajasthan,rajasthan,21.6,0.4,2201.7200000000003,1.84,0.04,
2007-05-01,Rajasthan,rajasthan,27.0,0.5,2752.15,2.3000000000000003,0.05,
2007-06-01,Rajasthan,rajasthan,43.2,0.8,4403.4400000000005,3.68,0.08,
2007-07-01,Rajasthan,rajasthan,97.2,1.7999999999999998,9907.74,8.28,0.18,
2007-08-01,Rajasthan,rajasthan,118.8,2.2,12109.460000000001,10.12,0.22,
2007-09-01,Rajasthan,rajasthan,97.2,1.7999999999999998,9907.74,8.28,0.18,
2007-10-01,Rajasthan,rajasthan,54.0,1.0,5504.3,4.6000000000000005,0.1,
2007-11-01,Rajasthan,rajasthan,27.0,0.5,2752.15,2.3000000000000003,0.05,
2007-12-01,Rajasthan,rajasthan,16.2,0.3,1651.29,1.38,0.03,
2008-01-01,Rajasthan,rajasthan,13.64,0.08,1149.64,1.08,0.06,
2008-02-01,Rajasthan,rajasthan,13.64,0.08,1149.64,1.08,0.06,
2008-03-01,Rajasthan,rajasthan,20.46,0.12,1724.46,1.6199999999999999,0.09,
2008-04-01,Rajasthan,rajasthan,27.28,0.16,2299.28,2.16,0.12,
2008-05-01,Rajasthan,rajasthan,34.1,0.2,2874.1000000000004,2.7,0.15000000000000002,
2008-06-01,Rajasthan,rajasthan,54.56,0.32,4598.56,4.32,0.24,
2008-07-01,Rajasthan,rajasthan,122.75999999999999,0.72,10346.76,9.719999999999999,0.54,
2008-08-01,Rajasthan,rajasthan,150.04,0.88,12646.04,11.88,0.66,
2008-09-01,Rajasthan,rajasthan,122.75999999999999,0.72,10346.76,9.719999999999999,0.54,
2008-10-01,Rajasthan,rajasthan,68.2,0.4,5748.200000000001,5.4,0.30000000000000004,
2008-11-01,Rajasthan,rajasthan,34.1,0.2,2874.1000000000004,2.7,0.15000000000000002,
2008-12-01,Rajasthan,rajasthan,20.46,0.12,1724.46,1.6199999999999999,0.09,
2009-01-01,Rajasthan,rajasthan,27.78,0.36,654.1800000000001,0.36,5.12,
2009-02-01,Rajasthan,rajasthan,27.78,0.36,654.1800000000001,0.36,5.12,
2009-03-01,Rajasthan,rajasthan,41.67,0.54,981.27,0.54,7.68,
2009-04-01,Rajasthan,rajasthan,55.56,0.72,1308.3600000000001,0.72,10.24,
2009-05-01,Rajasthan,rajasthan,69.45,0.9,1635.45,0.9,12.8,
2009-06-01,Rajasthan,rajasthan,111.12,1.44,2616.7200000000003,1.44,20.48,
2009-07-01,Rajasthan,rajasthan,250.01999999999998,3.2399999999999998,5887.62,3.2399999999999998,46.08,
2009-08-01,Rajasthan,rajasthan,305.58,3.96,7195.9800000000005,3.96,56.32,
2009-09-01,Rajasthan,rajasthan,250.01999999999998,3.2399999999999998,5887.62,3.2399999999999998,46.08,
2009-10-01,Rajasthan,rajasthan,138.9,1.8,3270.9,1.8,25.6,
2009-11-01,Rajasthan,rajasthan,69.45,0.9,1635.45,0.9,12.8,
2009-12-01,Rajasthan,rajasthan,41.67,0.54,981.27,0.54,7.68,
2010-01-01,Rajasthan,rajasthan,36.46,0.18,1019.26,0.52,26.52,
2010-02-01,Rajasthan,rajasthan,36.46,0.18,1019.26,0.52,26.52,
2010-03-01,Rajasthan,rajasthan,54.69,0.27,1528.8899999999999,0.78,39.78,
2010-04-01,Rajasthan,rajasthan,72.92,0.36,2038.52,1.04,53.04,
2010-05-01,Rajasthan,rajasthan,91.15,0.45,2548.15,1.3,66.3,
2010-06-01,Rajasthan,rajasthan,145.84,0.72,4077.04,2.08,106.08,
2010-07-01,Rajasthan,rajasthan,328.14,1.6199999999999999,9173.34,4.68,238.67999999999998,
2010-08-01,Rajasthan,rajasthan,401.06,1.98,11211.86,5.72,291.72,
2010-09-01,Rajasthan,rajasthan,328.14,1.6199999999999999,9173.34,4.68,238.67999999999998,
2010-10-01,Rajasthan,rajasthan,182.3,0.9,5096.3,2.6,132.6,
2010-11-01,Rajasthan,rajasthan,91.15,0.45,2548.15,1.3,66.3,
2010-12-01,Rajasthan,rajasthan,54.69,0.27,1528.8899999999999,0.78,39.78,
2011-01-01,Rajasthan,rajasthan,21.44,0.08,1085.88,0.9,12.16,
2011-02-01,Rajasthan,rajasthan,21.44,0.08,1085.88,0.9,12.16,
2011-03-01,Rajasthan,rajasthan,32.16,0.12,1628.82,1.3499999999999999,18.24,
2011-04-01,Rajasthan,rajasthan,42.88,0.16,2171.76,1.8,24.32,
2011-05-01,Rajasthan,rajasthan,53.6,0.2,2714.7000000000003,2.25,30.400000000000002,
2011-06-01,Rajasthan,rajasthan,85.76,0.32,4343.52,3.6,48.64,
2011-07-01,Rajasthan,rajasthan,192.95999999999998,0.72,9772.92,8.1,109.44,
2011-08-01,Rajasthan,rajasthan,235.84,0.88,11944.68,9.9,133.76,
2011-09-01,Rajasthan,rajasthan,192.95999999999998,0.72,9772.92,8.1,109.44,
2011-10-01,Rajasthan,rajasthan,107.2,0.4,5429.400000000001,4.5,60.800000000000004,
2011-11-01,Rajasthan,rajasthan,53.6,0.2,2714.7000000000003,2.25,30.400000000000002,
2011-12-01,Rajasthan,rajasthan,32.16,0.12,1628.82,1.3499999999999999,18.24,
2012-01-01,Rajasthan,rajasthan,25.900000000000002,0.2,916.1800000000001,0.44,3.44,
2012-02-01,Rajasthan,rajasthan,25.900000000000002,0.2,916.1800000000001,0.44,3.44,
2012-03-01,Rajasthan,rajasthan,38.85,0.3,1374.27,0.6599999999999999,5.16,
2012-04-01,Rajasthan,rajasthan,51.800000000000004,0.4,1832.3600000000001,0.88,6.88,
2012-05-01,Rajasthan,rajasthan,64.75,0.5,2290.4500000000003,1.1,8.6,
2012-06-01,Rajasthan,rajasthan,103.60000000000001,0.8,3664.7200000000003,1.76,13.76,
2012-07-01,Rajasthan,rajasthan,233.1,1.7999999999999998,8245.619999999999,3.96,30.959999999999997,
2012-08-01,Rajasthan,rajasthan,284.9,2.2,10077.98,4.84,37.84,
2012-09-01,Rajasthan,rajasthan,233.1,1.7999999999999998,8245.619999999999,3.96,30.959999999999997,
2012-10-01,Rajasthan,rajasthan,129.5,1.0,4580.900000000001,2.2,17.2,
2012-11-01,Rajasthan,rajasthan,64.75,0.5,2290.4500000000003,1.1,8.6,
2012-12-01,Rajasthan,rajasthan,38.85,0.3,1374.27,0.6599999999999999,5.16,
2013-01-01,Rajasthan,rajasthan,88.26,0.2,662.78,0.3,1.52,
2013-02-01,Rajasthan,rajasthan,88.26,0.2,662.78,0.3,1.52,
2013-03-01,Rajasthan,rajasthan,132.39,0.3,994.17,0.44999999999999996,2.28,
2013-04-01,Rajasthan,rajasthan,176.52,0.4,1325.56,0.6,3.04,
2013-05-01,Rajasthan,rajasthan,220.65,0.5,1656.95,0.75,3.8000000000000003,
2013-06-01,Rajasthan,rajasthan,353.04,0.8,2651.12,1.2,6.08,
2013-07-01,Rajasthan,rajasthan,794.3399999999999,1.7999999999999998,5965.0199999999995,2.6999999999999997,13.68,
2013-08-01,Rajasthan,rajasthan,970.86,2.2,7290.58,3.3,16.72,
2013-09-01,Rajasthan,rajasthan,794.3399999999999,1.7999999999999998,5965.0199999999995,2.6999999999999997,13.68,
2013-10-01,Rajasthan,rajasthan,441.3,1.0,3313.9,1.5,7.6000000000000005,
2013-11-01,Rajasthan,rajasthan,220.65,0.5,1656.95,0.75,3.8000000000000003,
2013-12-01,Rajasthan,rajasthan,132.39,0.3,994.17,0.44999999999999996,2.28,
2014-01-01,Rajasthan,rajasthan,,,302.36,0.08,1.0,
2014-02-01,Rajasthan,rajasthan,,,302.36,0.08,1.0,
2014-03-01,Rajasthan,rajasthan,,,453.53999999999996,0.12,1.5,
2014-04-01,Rajasthan,rajasthan,,,604.72,0.16,2.0,
2014-05-01,Rajasthan,rajasthan,,,755.9000000000001,0.2,2.5,
2014-06-01,Rajasthan,rajasthan,,,1209.44,0.32,4.0,
2014-07-01,Rajasthan,rajasthan,,,2721.24,0.72,9.0,
2014-08-01,Rajasthan,rajasthan,,,3325.96,0.88,11.0,
2014-09-01,Rajasthan,rajasthan,,,2721.24,0.72,9.0,
2014-10-01,Rajasthan,rajasthan,,,1511.8000000000002,0.4,5.0,
2014-11-01,Rajasthan,rajasthan,,,755.9000000000001,0.2,2.5,
2014-12-01,Rajasthan,rajasthan,,,453.53999999999996,0.12,1.5,
2015-01-01,Rajasthan,rajasthan,,,235.92000000000002,0.06,0.14,
2015-02-01,Rajasthan,rajasthan,,,235.92000000000002,0.06,0.14,
2015-03-01,Rajasthan,rajasthan,,,353.88,0.09,0.21,
2015-04-01,Rajasthan,rajasthan,,,471.84000000000003,0.12,0.28,
2015-05-01,Rajasthan,rajasthan,,,589.8000000000001,0.15000000000000002,0.35000000000000003,
2015-06-01,Rajasthan,rajasthan,,,943.6800000000001,0.24,0.56,
2015-07-01,Rajasthan,rajasthan,,,2123.2799999999997,0.54,1.26,
2015-08-01,Rajasthan,rajasthan,,,2595.12,0.66,1.54,
2015-09-01,Rajasthan,rajasthan,,,2123.2799999999997,0.54,1.26,
2015-10-01,Rajasthan,rajasthan,,,1179.6000000000001,0.30000000000000004,0.7000000000000001,
2015-11-01,Rajasthan,rajasthan,,,589.8000000000001,0.15000000000000002,0.35000000000000003,
2015-12-01,Rajasthan,rajasthan,,,353.88,0.09,0.21,
2016-01-01,Rajasthan,rajasthan,,,254.82,0.1,50.120000000000005,
2016-02-01,Rajasthan,rajasthan,,,254.82,0.1,50.120000000000005,
2016-03-01,Rajasthan,rajasthan,,,382.22999999999996,0.15,75.17999999999999,
2016-04-01,Rajasthan,rajasthan,,,509.64,0.2,100.24000000000001,
2016-05-01,Rajasthan,rajasthan,,,637.0500000000001,0.25,125.30000000000001,
2016-06-01,Rajasthan,rajasthan,,,1019.28,0.4,200.48000000000002,
2016-07-01,Rajasthan,rajasthan,,,2293.38,0.8999999999999999,451.08,
2016-08-01,Rajasthan,rajasthan,,,2803.02,1.1,551.32,
2016-09-01,Rajasthan,rajasthan,,,2293.38,0.8999999999999999,451.08,
2016-10-01,Rajasthan,rajasthan,,,1274.1000000000001,0.5,250.60000000000002,
2016-11-01,Rajasthan,rajasthan,,,637.0500000000001,0.25,125.30000000000001,
2016-12-01,Rajasthan,rajasthan,,,382.22999999999996,0.15,75.17999999999999,
2017-01-01,Rajasthan,rajasthan,168.54,0.28,212.14000000000001,0.0,32.24,
2017-02-01,Rajasthan,rajasthan,168.54,0.28,212.14000000000001,0.0,32.24,
2017-03-01,Rajasthan,rajasthan,252.81,0.42,318.21,0.0,48.36,
2017-04-01,Rajasthan,rajasthan,337.08,0.56,424.28000000000003,0.0,64.48,
2017-05-01,Rajasthan,rajasthan,421.35,0.7000000000000001,530.35,0.0,80.60000000000001,
2017-06-01,Rajasthan,rajasthan,674.16,1.12,848.5600000000001,0.0,128.96,
2017-07-01,Rajasthan,rajasthan,1516.86,2.52,1909.26,0.0,290.15999999999997,
2017-08-01,Rajasthan,rajasthan,1853.94,3.08,2333.54,0.0,354.64,
2017-09-01,Rajasthan,rajasthan,1516.86,2.52,1909.26,0.0,290.15999999999997,
2017-10-01,Rajasthan,rajasthan,842.7,1.4000000000000001,1060.7,0.0,161.20000000000002,
2017-11-01,Rajasthan,rajasthan,421.35,0.7000000000000001,530.35,0.0,80.60000000000001,
2017-12-01,Rajasthan,rajasthan,252.81,0.42,318.21,0.0,48.36,
2018-01-01,Rajasthan,rajasthan,191.74,0.2,114.56,0.0,5.08,
2018-02-01,Rajasthan,rajasthan,191.74,0.2,114.56,0.0,5.08,
2018-03-01,Rajasthan,rajasthan,287.61,0.3,171.84,0.0,7.62,
2018-04-01,Rajasthan,rajasthan,383.48,0.4,229.12,0.0,10.16,
2018-05-01,Rajasthan,rajasthan,479.35,0.5,286.40000000000003,0.0,12.700000000000001,
2018-06-01,Rajasthan,rajasthan,766.96,0.8,458.24,0.0,20.32,
2018-07-01,Rajasthan,rajasthan,1725.6599999999999,1.7999999999999998,1031.04,0.0,45.72,
2018-08-01,Rajasthan,rajasthan,2109.14,2.2,1260.16,0.0,55.88,
2018-09-01,Rajasthan,rajasthan,1725.6599999999999,1.7999999999999998,1031.04,0.0,45.72,
2018-10-01,Rajasthan,rajasthan,958.7,1.0,572.8000000000001,0.0,25.400000000000002,
2018-11-01,Rajasthan,rajasthan,479.35,0.5,286.40000000000003,0.0,12.700000000000001,
2018-12-01,Rajasthan,rajasthan,287.61,0.3,171.84,0.0,7.62,
2019-01-01,Rajasthan,rajasthan,274.12,0.34,68.42,0.02,7.3,
2019-02-01,Rajasthan,rajasthan,274.12,0.34,68.42,0.02,7.3,
2019-03-01,Rajasthan,rajasthan,411.18,0.51,102.63,0.03,10.95,
2019-04-01,Rajasthan,rajasthan,548.24,0.68,136.84,0.04,14.6,
2019-05-01,Rajasthan,rajasthan,685.3000000000001,0.8500000000000001,171.05,0.05,18.25,
2019-06-01,Rajasthan,rajasthan,1096.48,1.36,273.68,0.08,29.2,
2019-07-01,Rajasthan,rajasthan,2467.08,3.06,615.78,0.18,65.7,
2019-08-01,Rajasthan,rajasthan,3015.32,3.74,752.62,0.22,80.3,
2019-09-01,Rajasthan,rajasthan,2467.08,3.06,615.78,0.18,65.7,
2019-10-01,Rajasthan,rajasthan,1370.6000000000001,1.7000000000000002,342.1,0.1,36.5,
2019-11-01,Rajasthan,rajasthan,685.3000000000001,0.8500000000000001,171.05,0.05,18.25,
2019-12-01,Rajasthan,rajasthan,411.18,0.51,102.63,0.03,10.95,
2020-01-01,Rajasthan,rajasthan,40.46,0.14,25.52,0.0,20.3,
2020-02-01,Rajasthan,rajasthan,40.46,0.14,25.52,0.0,20.3,
2020-03-01,Rajasthan,rajasthan,60.69,0.21,38.28,0.0,30.45,
2020-04-01,Rajasthan,rajasthan,80.92,0.28,51.04,0.0,40.6,
2020-05-01,Rajasthan,rajasthan,101.15,0.35000000000000003,63.800000000000004,0.0,50.75,
2020-06-01,Rajasthan,rajasthan,161.84,0.56,102.08,0.0,81.2,
2020-07-01,Rajasthan,rajasthan,364.14,1.26,229.67999999999998,0.0,182.7,
2020-08-01,Rajasthan,rajasthan,445.06,1.54,280.72,0.0,223.3,
2020-09-01,Rajasthan,rajasthan,364.14,1.26,229.67999999999998,0.0,182.7,
2020-10-01,Rajasthan,rajasthan,202.3,0.7000000000000001,127.60000000000001,0.0,101.5,
2020-11-01,Rajasthan,rajasthan,101.15,0.35000000000000003,63.800000000000004,0.0,50.75,
2020-12-01,Rajasthan,rajasthan,60.69,0.21,38.28,0.0,30.45,
2021-01-01,Rajasthan,rajasthan,414.98,1.92,18.5,0.0,23.14,
2021-02-01,Rajasthan,rajasthan,414.98,1.92,18.5,0.0,23.14,
2021-03-01,Rajasthan,rajasthan,622.47,2.88,27.75,0.0,34.71,
2021-04-01,Rajasthan,rajasthan,829.96,3.84,37.0,0.0,46.28,
2021-05-01,Rajasthan,rajasthan,1037.45,4.800000000000001,46.25,0.0,57.85,
2021-06-01,Rajasthan,rajasthan,1659.92,7.68,74.0,0.0,92.56,
2021-07-01,Rajasthan,rajasthan,3734.8199999999997,17.28,166.5,0.0,208.26,
2021-08-01,Rajasthan,rajasthan,4564.78,21.12,203.5,0.0,254.54,
2021-09-01,Rajasthan,rajasthan,3734.8199999999997,17.28,166.5,0.0,208.26,
2021-10-01,Rajasthan,rajasthan,2074.9,9.600000000000001,92.5,0.0,115.7,
2021-11-01,Rajasthan,rajasthan,1037.45,4.800000000000001,46.25,0.0,57.85,
2021-12-01,Rajasthan,rajasthan,622.47,2.88,27.75,0.0,34.71,
2022-01-01,Rajasthan,rajasthan,269.82,0.2,20.52,0.0,4.24,
2022-02-01,Rajasthan,rajasthan,269.82,0.2,20.52,0.0,4.24,
2022-03-01,Rajasthan,rajasthan,404.72999999999996,0.3,30.779999999999998,0.0,6.359999999999999,
2022-04-01,Rajasthan,rajasthan,539.64,0.4,41.04,0.0,8.48,
2022-05-01,Rajasthan,rajasthan,674.5500000000001,0.5,51.300000000000004,0.0,10.600000000000001,
2022-06-01,Rajasthan,rajasthan,1079.28,0.8,82.08,0.0,16.96,
2022-07-01,Rajasthan,rajasthan,2428.38,1.7999999999999998,184.68,0.0,38.16,
2022-08-01,Rajasthan,rajasthan,2968.02,2.2,225.72,0.0,46.64,
2022-09-01,Rajasthan,rajasthan,2428.38,1.7999999999999998,184.68,0.0,38.16,
2022-10-01,Rajasthan,rajasthan,1349.1000000000001,1.0,102.60000000000001,0.0,21.200000000000003,
2022-11-01,Rajasthan,rajasthan,674.5500000000001,0.5,51.300000000000004,0.0,10.600000000000001,
2022-12-01,Rajasthan,rajasthan,404.72999999999996,0.3,30.779999999999998,0.0,6.359999999999999,
1999-01-01,Sikkim,sikkim,,,,,,
1999-02-01,Sikkim,sikkim,,,,,,
1999-03-01,Sikkim,sikkim,,,,,,
1999-04-01,Sikkim,sikkim,,,,,,
1999-05-01,Sikkim,sikkim,,,,,,
1999-06-01,Sikkim,sikkim,,,,,,
1999-07-01,Sikkim,sikkim,,,,,,
1999-08-01,Sikkim,sikkim,,,,,,
1999-09-01,Sikkim,sikkim,,,,,,
1999-10-01,Sikkim,sikkim,,,,,,
1999-11-01,Sikkim,sikkim,,,,,,
1999-12-01,Sikkim,sikkim,,,,,,
2000-01-01,Sikkim,sikkim,,,,,,
2000-02-01,Sikkim,sikkim,,,,,,
2000-03-01,Sikkim,sikkim,,,,,,
2000-04-01,Sikkim,sikkim,,,,,,
2000-05-01,Sikkim,sikkim,,,,,,
2000-06-01,Sikkim,sikkim,,,,,,
2000-07-01,Sikkim,sikkim,,,,,,
2000-08-01,Sikkim,sikkim,,,,,,
2000-09-01,Sikkim,sikkim,,,,,,
2000-10-01,Sikkim,sikkim,,,,,,
2000-11-01,Sikkim,sikkim,,,,,,
2000-12-01,Sikkim,sikkim,,,,,,
2001-01-01,Sikkim,sikkim,,,0.62,0.0,,
2001-02-01,Sikkim,sikkim,,,0.62,0.0,,
2001-03-01,Sikkim,sikkim,,,0.9299999999999999,0.0,,
2001-04-01,Sikkim,sikkim,,,1.24,0.0,,
2001-05-01,Sikkim,sikkim,,,1.55,0.0,,
2001-06-01,Sikkim,sikkim,,,2.48,0.0,,
2001-07-01,Sikkim,sikkim,,,5.58,0.0,,
2001-08-01,Sikkim,sikkim,,,6.82,0.0,,
2001-09-01,Sikkim,sikkim,,,5.58,0.0,,
2001-10-01,Sikkim,sikkim,,,3.1,0.0,,
2001-11-01,Sikkim,sikkim,,,1.55,0.0,,
2001-12-01,Sikkim,sikkim,,,0.9299999999999999,0.0,,
2002-01-01,Sikkim,sikkim,0.0,0.0,1.06,0.0,,
2002-02-01,Sikkim,sikkim,0.0,0.0,1.06,0.0,,
2002-03-01,Sikkim,sikkim,0.0,0.0,1.5899999999999999,0.0,,
2002-04-01,Sikkim,sikkim,0.0,0.0,2.12,0.0,,
2002-05-01,Sikkim,sikkim,0.0,0.0,2.6500000000000004,0.0,,
2002-06-01,Sikkim,sikkim,0.0,0.0,4.24,0.0,,
2002-07-01,Sikkim,sikkim,0.0,0.0,9.54,0.0,,
2002-08-01,Sikkim,sikkim,0.0,0.0,11.66,0.0,,
2002-09-01,Sikkim,sikkim,0.0,0.0,9.54,0.0,,
2002-10-01,Sikkim,sikkim,0.0,0.0,5.300000000000001,0.0,,
2002-11-01,Sikkim,sikkim,0.0,0.0,2.6500000000000004,0.0,,
2002-12-01,Sikkim,sikkim,0.0,0.0,1.5899999999999999,0.0,,
2003-01-01,Sikkim,sikkim,0.0,0.0,5.5600000000000005,0.0,,
2003-02-01,Sikkim,sikkim,0.0,0.0,5.5600000000000005,0.0,,
2003-03-01,Sikkim,sikkim,0.0,0.0,8.34,0.0,,
2003-04-01,Sikkim,sikkim,0.0,0.0,11.120000000000001,0.0,,
2003-05-01,Sikkim,sikkim,0.0,0.0,13.9,0.0,,
2003-06-01,Sikkim,sikkim,0.0,0.0,22.240000000000002,0.0,,
2003-07-01,Sikkim,sikkim,0.0,0.0,50.04,0.0,,
2003-08-01,Sikkim,sikkim,0.0,0.0,61.160000000000004,0.0,,
2003-09-01,Sikkim,sikkim,0.0,0.0,50.04,0.0,,
2003-10-01,Sikkim,sikkim,0.0,0.0,27.8,0.0,,
2003-11-01,Sikkim,sikkim,0.0,0.0,13.9,0.0,,
2003-12-01,Sikkim,sikkim,0.0,0.0,8.34,0.0,,
2004-01-01,Sikkim,sikkim,0.24,0.0,3.2,0.06,,
2004-02-01,Sikkim,sikkim,0.24,0.0,3.2,0.06,,
2004-03-01,Sikkim,sikkim,0.36,0.0,4.8,0.09,,
2004-04-01,Sikkim,sikkim,0.48,0.0,6.4,0.12,,
2004-05-01,Sikkim,sikkim,0.6000000000000001,0.0,8.0,0.15000000000000002,,
2004-06-01,Sikkim,sikkim,0.96,0.0,12.8,0.24,,
2004-07-01,Sikkim,sikkim,2.16,0.0,28.799999999999997,0.54,,
2004-08-01,Sikkim,sikkim,2.64,0.0,35.2,0.66,,
2004-09-01,Sikkim,sikkim,2.16,0.0,28.799999999999997,0.54,,
2004-10-01,Sikkim,sikkim,1.2000000000000002,0.0,16.0,0.30000000000000004,,
2004-11-01,Sikkim,sikkim,0.6000000000000001,0.0,8.0,0.15000000000000002,,
2004-12-01,Sikkim,sikkim,0.36,0.0,4.8,0.09,,
2005-01-01,Sikkim,sikkim,0.0,0.0,1.3800000000000001,0.0,,
2005-02-01,Sikkim,sikkim,0.0,0.0,1.3800000000000001,0.0,,
2005-03-01,Sikkim,sikkim,0.0,0.0,2.07,0.0,,
2005-04-01,Sikkim,sikkim,0.0,0.0,2.7600000000000002,0.0,,
2005-05-01,Sikkim,sikkim,0.0,0.0,3.45,0.0,,
2005-06-01,Sikkim,sikkim,0.0,0.0,5.5200000000000005,0.0,,
2005-07-01,Sikkim,sikkim,0.0,0.0,12.42,0.0,,
2005-08-01,Sikkim,sikkim,0.0,0.0,15.18,0.0,,
2005-09-01,Sikkim,sikkim,0.0,0.0,12.42,0.0,,
2005-10-01,Sikkim,sikkim,0.0,0.0,6.9,0.0,,
2005-11-01,Sikkim,sikkim,0.0,0.0,3.45,0.0,,
2005-12-01,Sikkim,sikkim,0.0,0.0,2.07,0.0,,
2006-01-01,Sikkim,sikkim,0.0,0.0,1.86,0.0,,
2006-02-01,Sikkim,sikkim,0.0,0.0,1.86,0.0,,
2006-03-01,Sikkim,sikkim,0.0,0.0,2.79,0.0,,
2006-04-01,Sikkim,sikkim,0.0,0.0,3.72,0.0,,
2006-05-01,Sikkim,sikkim,0.0,0.0,4.65,0.0,,
2006-06-01,Sikkim,sikkim,0.0,0.0,7.44,0.0,,
2006-07-01,Sikkim,sikkim,0.0,0.0,16.74,0.0,,
2006-08-01,Sikkim,sikkim,0.0,0.0,20.46,0.0,,
2006-09-01,Sikkim,sikkim,0.0,0.0,16.74,0.0,,
2006-10-01,Sikkim,sikkim,0.0,0.0,9.3,0.0,,
2006-11-01,Sikkim,sikkim,0.0,0.0,4.65,0.0,,
2006-12-01,Sikkim,sikkim,0.0,0.0,2.79,0.0,,
2007-01-01,Sikkim,sikkim,0.0,0.0,0.96,0.0,,
2007-02-01,Sikkim,sikkim,0.0,0.0,0.96,0.0,,
2007-03-01,Sikkim,sikkim,0.0,0.0,1.44,0.0,,
2007-04-01,Sikkim,sikkim,0.0,0.0,1.92,0.0,,
2007-05-01,Sikkim,sikkim,0.0,0.0,2.4000000000000004,0.0,,
2007-06-01,Sikkim,sikkim,0.0,0.0,3.84,0.0,,
2007-07-01,Sikkim,sikkim,0.0,0.0,8.64,0.0,,
2007-08-01,Sikkim,sikkim,0.0,0.0,10.56,0.0,,
2007-09-01,Sikkim,sikkim,0.0,0.0,8.64,0.0,,
2007-10-01,Sikkim,sikkim,0.0,0.0,4.800000000000001,0.0,,
2007-11-01,Sikkim,sikkim,0.0,0.0,2.4000000000000004,0.0,,
2007-12-01,Sikkim,sikkim,0.0,0.0,1.44,0.0,,
2008-01-01,Sikkim,sikkim,0.0,0.0,0.76,0.0,0.0,
2008-02-01,Sikkim,sikkim,0.0,0.0,0.76,0.0,0.0,
2008-03-01,Sikkim,sikkim,0.0,0.0,1.14,0.0,0.0,
2008-04-01,Sikkim,sikkim,0.0,0.0,1.52,0.0,0.0,
2008-05-01,Sikkim,sikkim,0.0,0.0,1.9000000000000001,0.0,0.0,
2008-06-01,Sikkim,sikkim,0.0,0.0,3.04,0.0,0.0,
2008-07-01,Sikkim,sikkim,0.0,0.0,6.84,0.0,0.0,
2008-08-01,Sikkim,sikkim,0.0,0.0,8.36,0.0,0.0,
2008-09-01,Sikkim,sikkim,0.0,0.0,6.84,0.0,0.0,
2008-10-01,Sikkim,sikkim,0.0,0.0,3.8000000000000003,0.0,0.0,
2008-11-01,Sikkim,sikkim,0.0,0.0,1.9000000000000001,0.0,0.0,
2008-12-01,Sikkim,sikkim,0.0,0.0,1.14,0.0,0.0,
2009-01-01,Sikkim,sikkim,0.0,0.0,0.84,0.02,0.0,
2009-02-01,Sikkim,sikkim,0.0,0.0,0.84,0.02,0.0,
2009-03-01,Sikkim,sikkim,0.0,0.0,1.26,0.03,0.0,
2009-04-01,Sikkim,sikkim,0.0,0.0,1.68,0.04,0.0,
2009-05-01,Sikkim,sikkim,0.0,0.0,2.1,0.05,0.0,
2009-06-01,Sikkim,sikkim,0.0,0.0,3.36,0.08,0.0,
2009-07-01,Sikkim,sikkim,0.0,0.0,7.56,0.18,0.0,
2009-08-01,Sikkim,sikkim,0.0,0.0,9.24,0.22,0.0,
2009-09-01,Sikkim,sikkim,0.0,0.0,7.56,0.18,0.0,
2009-10-01,Sikkim,sikkim,0.0,0.0,4.2,0.1,0.0,
2009-11-01,Sikkim,sikkim,0.0,0.0,2.1,0.05,0.0,
2009-12-01,Sikkim,sikkim,0.0,0.0,1.26,0.03,0.0,
2010-01-01,Sikkim,sikkim,0.0,0.0,0.98,0.0,0.0,
2010-02-01,Sikkim,sikkim,0.0,0.0,0.98,0.0,0.0,
2010-03-01,Sikkim,sikkim,0.0,0.0,1.47,0.0,0.0,
2010-04-01,Sikkim,sikkim,0.0,0.0,1.96,0.0,0.0,
2010-05-01,Sikkim,sikkim,0.0,0.0,2.45,0.0,0.0,
2010-06-01,Sikkim,sikkim,0.0,0.0,3.92,0.0,0.0,
2010-07-01,Sikkim,sikkim,0.0,0.0,8.82,0.0,0.0,
2010-08-01,Sikkim,sikkim,0.0,0.0,10.78,0.0,0.0,
2010-09-01,Sikkim,sikkim,0.0,0.0,8.82,0.0,0.0,
2010-10-01,Sikkim,sikkim,0.0,0.0,4.9,0.0,0.0,
2010-11-01,Sikkim,sikkim,0.0,0.0,2.45,0.0,0.0,
2010-12-01,Sikkim,sikkim,0.0,0.0,1.47,0.0,0.0,
2011-01-01,Sikkim,sikkim,0.04,0.0,1.02,0.0,0.0,
2011-02-01,Sikkim,sikkim,0.04,0.0,1.02,0.0,0.0,
2011-03-01,Sikkim,sikkim,0.06,0.0,1.53,0.0,0.0,
2011-04-01,Sikkim,sikkim,0.08,0.0,2.04,0.0,0.0,
2011-05-01,Sikkim,sikkim,0.1,0.0,2.5500000000000003,0.0,0.0,
2011-06-01,Sikkim,sikkim,0.16,0.0,4.08,0.0,0.0,
2011-07-01,Sikkim,sikkim,0.36,0.0,9.18,0.0,0.0,
2011-08-01,Sikkim,sikkim,0.44,0.0,11.22,0.0,0.0,
2011-09-01,Sikkim,sikkim,0.36,0.0,9.18,0.0,0.0,
2011-10-01,Sikkim,sikkim,0.2,0.0,5.1000000000000005,0.0,0.0,
2011-11-01,Sikkim,sikkim,0.1,0.0,2.5500000000000003,0.0,0.0,
2011-12-01,Sikkim,sikkim,0.06,0.0,1.53,0.0,0.0,
2012-01-01,Sikkim,sikkim,0.04,0.0,1.54,0.0,0.0,
2012-02-01,Sikkim,sikkim,0.04,0.0,1.54,0.0,0.0,
2012-03-01,Sikkim,sikkim,0.06,0.0,2.31,0.0,0.0,
2012-04-01,Sikkim,sikkim,0.08,0.0,3.08,0.0,0.0,
2012-05-01,Sikkim,sikkim,0.1,0.0,3.85,0.0,0.0,
2012-06-01,Sikkim,sikkim,0.16,0.0,6.16,0.0,0.0,
2012-07-01,Sikkim,sikkim,0.36,0.0,13.86,0.0,0.0,
2012-08-01,Sikkim,sikkim,0.44,0.0,16.94,0.0,0.0,
2012-09-01,Sikkim,sikkim,0.36,0.0,13.86,0.0,0.0,
2012-10-01,Sikkim,sikkim,0.2,0.0,7.7,0.0,0.0,
2012-11-01,Sikkim,sikkim,0.1,0.0,3.85,0.0,0.0,
2012-12-01,Sikkim,sikkim,0.06,0.0,2.31,0.0,0.0,
2013-01-01,Sikkim,sikkim,0.76,0.0,0.78,0.0,0.0,
2013-02-01,Sikkim,sikkim,0.76,0.0,0.78,0.0,0.0,
2013-03-01,Sikkim,sikkim,1.14,0.0,1.17,0.0,0.0,
2013-04-01,Sikkim,sikkim,1.52,0.0,1.56,0.0,0.0,
2013-05-01,Sikkim,sikkim,1.9000000000000001,0.0,1.9500000000000002,0.0,0.0,
2013-06-01,Sikkim,sikkim,3.04,0.0,3.12,0.0,0.0,
2013-07-01,Sikkim,sikkim,6.84,0.0,7.02,0.0,0.0,
2013-08-01,Sikkim,sikkim,8.36,0.0,8.58,0.0,0.0,
2013-09-01,Sikkim,sikkim,6.84,0.0,7.02,0.0,0.0,
2013-10-01,Sikkim,sikkim,3.8000000000000003,0.0,3.9000000000000004,0.0,0.0,
2013-11-01,Sikkim,sikkim,1.9000000000000001,0.0,1.9500000000000002,0.0,0.0,
2013-12-01,Sikkim,sikkim,1.14,0.0,1.17,0.0,0.0,
2014-01-01,Sikkim,sikkim,,,0.7000000000000001,0.0,,
2014-02-01,Sikkim,sikkim,,,0.7000000000000001,0.0,,
2014-03-01,Sikkim,sikkim,,,1.05,0.0,,
2014-04-01,Sikkim,sikkim,,,1.4000000000000001,0.0,,
2014-05-01,Sikkim,sikkim,,,1.75,0.0,,
2014-06-01,Sikkim,sikkim,,,2.8000000000000003,0.0,,
2014-07-01,Sikkim,sikkim,,,6.3,0.0,,
2014-08-01,Sikkim,sikkim,,,7.7,0.0,,
2014-09-01,Sikkim,sikkim,,,6.3,0.0,,
2014-10-01,Sikkim,sikkim,,,3.5,0.0,,
2014-11-01,Sikkim,sikkim,,,1.75,0.0,,
2014-12-01,Sikkim,sikkim,,,1.05,0.0,,
2015-01-01,Sikkim,sikkim,,,0.54,0.0,0.0,
2015-02-01,Sikkim,sikkim,,,0.54,0.0,0.0,
2015-03-01,Sikkim,sikkim,,,0.8099999999999999,0.0,0.0,
2015-04-01,Sikkim,sikkim,,,1.08,0.0,0.0,
2015-05-01,Sikkim,sikkim,,,1.35,0.0,0.0,
2015-06-01,Sikkim,sikkim,,,2.16,0.0,0.0,
2015-07-01,Sikkim,sikkim,,,4.859999999999999,0.0,0.0,
2015-08-01,Sikkim,sikkim,,,5.94,0.0,0.0,
2015-09-01,Sikkim,sikkim,,,4.859999999999999,0.0,0.0,
2015-10-01,Sikkim,sikkim,,,2.7,0.0,0.0,
2015-11-01,Sikkim,sikkim,,,1.35,0.0,0.0,
2015-12-01,Sikkim,sikkim,,,0.8099999999999999,0.0,0.0,
2016-01-01,Sikkim,sikkim,,,0.3,0.0,0.6,
2016-02-01,Sikkim,sikkim,,,0.3,0.0,0.6,
2016-03-01,Sikkim,sikkim,,,0.44999999999999996,0.0,0.8999999999999999,
2016-04-01,Sikkim,sikkim,,,0.6,0.0,1.2,
2016-05-01,Sikkim,sikkim,,,0.75,0.0,1.5,
2016-06-01,Sikkim,sikkim,,,1.2,0.0,2.4,
2016-07-01,Sikkim,sikkim,,,2.6999999999999997,0.0,5.3999999999999995,
2016-08-01,Sikkim,sikkim,,,3.3,0.0,6.6,
2016-09-01,Sikkim,sikkim,,,2.6999999999999997,0.0,5.3999999999999995,
2016-10-01,Sikkim,sikkim,,,1.5,0.0,3.0,
2016-11-01,Sikkim,sikkim,,,0.75,0.0,1.5,
2016-12-01,Sikkim,sikkim,,,0.44999999999999996,0.0,0.8999999999999999,
2017-01-01,Sikkim,sikkim,6.24,0.0,0.28,0.0,2.6,
2017-02-01,Sikkim,sikkim,6.24,0.0,0.28,0.0,2.6,
2017-03-01,Sikkim,sikkim,9.36,0.0,0.42,0.0,3.9,
2017-04-01,Sikkim,sikkim,12.48,0.0,0.56,0.0,5.2,
2017-05-01,Sikkim,sikkim,15.600000000000001,0.0,0.7000000000000001,0.0,6.5,
2017-06-01,Sikkim,sikkim,24.96,0.0,1.12,0.0,10.4,
2017-07-01,Sikkim,sikkim,56.16,0.0,2.52,0.0,23.4,
2017-08-01,Sikkim,sikkim,68.64,0.0,3.08,0.0,28.6,
2017-09-01,Sikkim,sikkim,56.16,0.0,2.52,0.0,23.4,
2017-10-01,Sikkim,sikkim,31.200000000000003,0.0,1.4000000000000001,0.0,13.0,
2017-11-01,Sikkim,sikkim,15.600000000000001,0.0,0.7000000000000001,0.0,6.5,
2017-12-01,Sikkim,sikkim,9.36,0.0,0.42,0.0,3.9,
2018-01-01,Sikkim,sikkim,6.4,0.0,0.12,0.0,7.68,
2018-02-01,Sikkim,sikkim,6.4,0.0,0.12,0.0,7.68,
2018-03-01,Sikkim,sikkim,9.6,0.0,0.18,0.0,11.52,
2018-04-01,Sikkim,sikkim,12.8,0.0,0.24,0.0,15.36,
2018-05-01,Sikkim,sikkim,16.0,0.0,0.30000000000000004,0.0,19.200000000000003,
2018-06-01,Sikkim,sikkim,25.6,0.0,0.48,0.0,30.72,
2018-07-01,Sikkim,sikkim,57.599999999999994,0.0,1.08,0.0,69.12,
2018-08-01,Sikkim,sikkim,70.4,0.0,1.32,0.0,84.48,
2018-09-01,Sikkim,sikkim,57.599999999999994,0.0,1.08,0.0,69.12,
2018-10-01,Sikkim,sikkim,32.0,0.0,0.6000000000000001,0.0,38.400000000000006,
2018-11-01,Sikkim,sikkim,16.0,0.0,0.30000000000000004,0.0,19.200000000000003,
2018-12-01,Sikkim,sikkim,9.6,0.0,0.18,0.0,11.52,
2019-01-01,Sikkim,sikkim,8.88,0.0,0.14,0.0,22.52,
2019-02-01,Sikkim,sikkim,8.88,0.0,0.14,0.0,22.52,
2019-03-01,Sikkim,sikkim,13.32,0.0,0.21,0.0,33.78,
2019-04-01,Sikkim,sikkim,17.76,0.0,0.28,0.0,45.04,
2019-05-01,Sikkim,sikkim,22.200000000000003,0.0,0.35000000000000003,0.0,56.300000000000004,
2019-06-01,Sikkim,sikkim,35.52,0.0,0.56,0.0,90.08,
2019-07-01,Sikkim,sikkim,79.92,0.0,1.26,0.0,202.67999999999998,
2019-08-01,Sikkim,sikkim,97.68,0.0,1.54,0.0,247.72,
2019-09-01,Sikkim,sikkim,79.92,0.0,1.26,0.0,202.67999999999998,
2019-10-01,Sikkim,sikkim,44.400000000000006,0.0,0.7000000000000001,0.0,112.60000000000001,
2019-11-01,Sikkim,sikkim,22.200000000000003,0.0,0.35000000000000003,0.0,56.300000000000004,
2019-12-01,Sikkim,sikkim,13.32,0.0,0.21,0.0,33.78,
2020-01-01,Sikkim,sikkim,0.22,0.0,0.08,0.0,5.0600000000000005,
2020-02-01,Sikkim,sikkim,0.22,0.0,0.08,0.0,5.0600000000000005,
2020-03-01,Sikkim,sikkim,0.32999999999999996,0.0,0.12,0.0,7.59,
2020-04-01,Sikkim,sikkim,0.44,0.0,0.16,0.0,10.120000000000001,
2020-05-01,Sikkim,sikkim,0.55,0.0,0.2,0.0,12.65,
2020-06-01,Sikkim,sikkim,0.88,0.0,0.32,0.0,20.240000000000002,
2020-07-01,Sikkim,sikkim,1.98,0.0,0.72,0.0,45.54,
2020-08-01,Sikkim,sikkim,2.42,0.0,0.88,0.0,55.660000000000004,
2020-09-01,Sikkim,sikkim,1.98,0.0,0.72,0.0,45.54,
2020-10-01,Sikkim,sikkim,1.1,0.0,0.4,0.0,25.3,
2020-11-01,Sikkim,sikkim,0.55,0.0,0.2,0.0,12.65,
2020-12-01,Sikkim,sikkim,0.32999999999999996,0.0,0.12,0.0,7.59,
2021-01-01,Sikkim,sikkim,4.86,0.02,0.08,0.0,9.14,
2021-02-01,Sikkim,sikkim,4.86,0.02,0.08,0.0,9.14,
2021-03-01,Sikkim,sikkim,7.29,0.03,0.12,0.0,13.709999999999999,
2021-04-01,Sikkim,sikkim,9.72,0.04,0.16,0.0,18.28,
2021-05-01,Sikkim,sikkim,12.15,0.05,0.2,0.0,22.85,
2021-06-01,Sikkim,sikkim,19.44,0.08,0.32,0.0,36.56,
2021-07-01,Sikkim,sikkim,43.739999999999995,0.18,0.72,0.0,82.25999999999999,
2021-08-01,Sikkim,sikkim,53.46,0.22,0.88,0.0,100.54,
2021-09-01,Sikkim,sikkim,43.739999999999995,0.18,0.72,0.0,82.25999999999999,
2021-10-01,Sikkim,sikkim,24.3,0.1,0.4,0.0,45.7,
2021-11-01,Sikkim,sikkim,12.15,0.05,0.2,0.0,22.85,
2021-12-01,Sikkim,sikkim,7.29,0.03,0.12,0.0,13.709999999999999,
2022-01-01,Sikkim,sikkim,5.2,0.0,0.12,0.0,37.660000000000004,
2022-02-01,Sikkim,sikkim,5.2,0.0,0.12,0.0,37.660000000000004,
2022-03-01,Sikkim,sikkim,7.8,0.0,0.18,0.0,56.489999999999995,
2022-04-01,Sikkim,sikkim,10.4,0.0,0.24,0.0,75.32000000000001,
2022-05-01,Sikkim,sikkim,13.0,0.0,0.30000000000000004,0.0,94.15,
2022-06-01,Sikkim,sikkim,20.8,0.0,0.48,0.0,150.64000000000001,
2022-07-01,Sikkim,sikkim,46.8,0.0,1.08,0.0,338.94,
2022-08-01,Sikkim,sikkim,57.2,0.0,1.32,0.0,414.26,
2022-09-01,Sikkim,sikkim,46.8,0.0,1.08,0.0,338.94,
2022-10-01,Sikkim,sikkim,26.0,0.0,0.6000000000000001,0.0,188.3,
2022-11-01,Sikkim,sikkim,13.0,0.0,0.30000000000000004,0.0,94.15,
2022-12-01,Sikkim,sikkim,7.8,0.0,0.18,0.0,56.489999999999995,
1999-01-01,Tamil Nadu,tamil_nadu,2.7,0.04,,,,
1999-02-01,Tamil Nadu,tamil_nadu,2.7,0.04,,,,
1999-03-01,Tamil Nadu,tamil_nadu,4.05,0.06,,,,
1999-04-01,Tamil Nadu,tamil_nadu,5.4,0.08,,,,
1999-05-01,Tamil Nadu,tamil_nadu,6.75,0.1,,,,
1999-06-01,Tamil Nadu,tamil_nadu,10.8,0.16,,,,
1999-07-01,Tamil Nadu,tamil_nadu,24.3,0.36,,,,
1999-08-01,Tamil Nadu,tamil_nadu,29.7,0.44,,,,
1999-09-01,Tamil Nadu,tamil_nadu,24.3,0.36,,,,
1999-10-01,Tamil Nadu,tamil_nadu,13.5,0.2,,,,
1999-11-01,Tamil Nadu,tamil_nadu,6.75,0.1,,,,
1999-12-01,Tamil Nadu,tamil_nadu,4.05,0.06,,,,
2000-01-01,Tamil Nadu,tamil_nadu,1.62,0.02,,,,
2000-02-01,Tamil Nadu,tamil_nadu,1.62,0.02,,,,
2000-03-01,Tamil Nadu,tamil_nadu,2.4299999999999997,0.03,,,,
2000-04-01,Tamil Nadu,tamil_nadu,3.24,0.04,,,,
2000-05-01,Tamil Nadu,tamil_nadu,4.05,0.05,,,,
2000-06-01,Tamil Nadu,tamil_nadu,6.48,0.08,,,,
2000-07-01,Tamil Nadu,tamil_nadu,14.58,0.18,,,,
2000-08-01,Tamil Nadu,tamil_nadu,17.82,0.22,,,,
2000-09-01,Tamil Nadu,tamil_nadu,14.58,0.18,,,,
2000-10-01,Tamil Nadu,tamil_nadu,8.1,0.1,,,,
2000-11-01,Tamil Nadu,tamil_nadu,4.05,0.05,,,,
2000-12-01,Tamil Nadu,tamil_nadu,2.4299999999999997,0.03,,,,
2001-01-01,Tamil Nadu,tamil_nadu,16.32,0.16,631.02,0.0,,
2001-02-01,Tamil Nadu,tamil_nadu,16.32,0.16,631.02,0.0,,
2001-03-01,Tamil Nadu,tamil_nadu,24.48,0.24,946.53,0.0,,
2001-04-01,Tamil Nadu,tamil_nadu,32.64,0.32,1262.04,0.0,,
2001-05-01,Tamil Nadu,tamil_nadu,40.800000000000004,0.4,1577.5500000000002,0.0,,
2001-06-01,Tamil Nadu,tamil_nadu,65.28,0.64,2524.08,0.0,,
2001-07-01,Tamil Nadu,tamil_nadu,146.88,1.44,5679.179999999999,0.0,,
2001-08-01,Tamil Nadu,tamil_nadu,179.52,1.76,6941.22,0.0,,
2001-09-01,Tamil Nadu,tamil_nadu,146.88,1.44,5679.179999999999,0.0,,
2001-10-01,Tamil Nadu,tamil_nadu,81.60000000000001,0.8,3155.1000000000004,0.0,,
2001-11-01,Tamil Nadu,tamil_nadu,40.800000000000004,0.4,1577.5500000000002,0.0,,
2001-12-01,Tamil Nadu,tamil_nadu,24.48,0.24,946.53,0.0,,
2002-01-01,Tamil Nadu,tamil_nadu,7.84,0.0,690.46,0.0,,
2002-02-01,Tamil Nadu,tamil_nadu,7.84,0.0,690.46,0.0,,
2002-03-01,Tamil Nadu,tamil_nadu,11.76,0.0,1035.69,0.0,,
2002-04-01,Tamil Nadu,tamil_nadu,15.68,0.0,1380.92,0.0,,
2002-05-01,Tamil Nadu,tamil_nadu,19.6,0.0,1726.15,0.0,,
2002-06-01,Tamil Nadu,tamil_nadu,31.36,0.0,2761.84,0.0,,
2002-07-01,Tamil Nadu,tamil_nadu,70.56,0.0,6214.139999999999,0.0,,
2002-08-01,Tamil Nadu,tamil_nadu,86.24,0.0,7595.06,0.0,,
2002-09-01,Tamil Nadu,tamil_nadu,70.56,0.0,6214.139999999999,0.0,,
2002-10-01,Tamil Nadu,tamil_nadu,39.2,0.0,3452.3,0.0,,
2002-11-01,Tamil Nadu,tamil_nadu,19.6,0.0,1726.15,0.0,,
2002-12-01,Tamil Nadu,tamil_nadu,11.76,0.0,1035.69,0.0,,
2003-01-01,Tamil Nadu,tamil_nadu,32.0,0.16,872.08,0.0,,
2003-02-01,Tamil Nadu,tamil_nadu,32.0,0.16,872.08,0.0,,
2003-03-01,Tamil Nadu,tamil_nadu,48.0,0.24,1308.12,0.0,,
2003-04-01,Tamil Nadu,tamil_nadu,64.0,0.32,1744.16,0.0,,
2003-05-01,Tamil Nadu,tamil_nadu,80.0,0.4,2180.2000000000003,0.0,,
2003-06-01,Tamil Nadu,tamil_nadu,128.0,0.64,3488.32,0.0,,
2003-07-01,Tamil Nadu,tamil_nadu,288.0,1.44,7848.719999999999,0.0,,
2003-08-01,Tamil Nadu,tamil_nadu,352.0,1.76,9592.88,0.0,,
2003-09-01,Tamil Nadu,tamil_nadu,288.0,1.44,7848.719999999999,0.0,,
2003-10-01,Tamil Nadu,tamil_nadu,160.0,0.8,4360.400000000001,0.0,,
2003-11-01,Tamil Nadu,tamil_nadu,80.0,0.4,2180.2000000000003,0.0,,
2003-12-01,Tamil Nadu,tamil_nadu,48.0,0.24,1308.12,0.0,,
2004-01-01,Tamil Nadu,tamil_nadu,20.54,0.0,834.64,0.0,,
2004-02-01,Tamil Nadu,tamil_nadu,20.54,0.0,834.64,0.0,,
2004-03-01,Tamil Nadu,tamil_nadu,30.81,0.0,1251.96,0.0,,
2004-04-01,Tamil Nadu,tamil_nadu,41.08,0.0,1669.28,0.0,,
2004-05-01,Tamil Nadu,tamil_nadu,51.35,0.0,2086.6,0.0,,
2004-06-01,Tamil Nadu,tamil_nadu,82.16,0.0,3338.56,0.0,,
2004-07-01,Tamil Nadu,tamil_nadu,184.85999999999999,0.0,7511.759999999999,0.0,,
2004-08-01,Tamil Nadu,tamil_nadu,225.94,0.0,9181.04,0.0,,
2004-09-01,Tamil Nadu,tamil_nadu,184.85999999999999,0.0,7511.759999999999,0.0,,
2004-10-01,Tamil Nadu,tamil_nadu,102.7,0.0,4173.2,0.0,,
2004-11-01,Tamil Nadu,tamil_nadu,51.35,0.0,2086.6,0.0,,
2004-12-01,Tamil Nadu,tamil_nadu,30.81,0.0,1251.96,0.0,,
2005-01-01,Tamil Nadu,tamil_nadu,22.84,0.16,793.5600000000001,0.0,,
2005-02-01,Tamil Nadu,tamil_nadu,22.84,0.16,793.5600000000001,0.0,,
2005-03-01,Tamil Nadu,tamil_nadu,34.26,0.24,1190.34,0.0,,
2005-04-01,Tamil Nadu,tamil_nadu,45.68,0.32,1587.1200000000001,0.0,,
2005-05-01,Tamil Nadu,tamil_nadu,57.1,0.4,1983.9,0.0,,
2005-06-01,Tamil Nadu,tamil_nadu,91.36,0.64,3174.2400000000002,0.0,,
2005-07-01,Tamil Nadu,tamil_nadu,205.56,1.44,7142.04,0.0,,
2005-08-01,Tamil Nadu,tamil_nadu,251.24,1.76,8729.16,0.0,,
2005-09-01,Tamil Nadu,tamil_nadu,205.56,1.44,7142.04,0.0,,
2005-10-01,Tamil Nadu,tamil_nadu,114.2,0.8,3967.8,0.0,,
2005-11-01,Tamil Nadu,tamil_nadu,57.1,0.4,1983.9,0.0,,
2005-12-01,Tamil Nadu,tamil_nadu,34.26,0.24,1190.34,0.0,,
2006-01-01,Tamil Nadu,tamil_nadu,9.540000000000001,0.04,564.38,0.0,1296.04,
2006-02-01,Tamil Nadu,tamil_nadu,9.540000000000001,0.04,564.38,0.0,1296.04,
2006-03-01,Tamil Nadu,tamil_nadu,14.309999999999999,0.06,846.5699999999999,0.0,1944.06,
2006-04-01,Tamil Nadu,tamil_nadu,19.080000000000002,0.08,1128.76,0.0,2592.08,
2006-05-01,Tamil Nadu,tamil_nadu,23.85,0.1,1410.95,0.0,3240.1000000000004,
2006-06-01,Tamil Nadu,tamil_nadu,38.160000000000004,0.16,2257.52,0.0,5184.16,
2006-07-01,Tamil Nadu,tamil_nadu,85.86,0.36,5079.42,0.0,11664.359999999999,
2006-08-01,Tamil Nadu,tamil_nadu,104.94,0.44,6208.18,0.0,14256.44,
2006-09-01,Tamil Nadu,tamil_nadu,85.86,0.36,5079.42,0.0,11664.359999999999,
2006-10-01,Tamil Nadu,tamil_nadu,47.7,0.2,2821.9,0.0,6480.200000000001,
2006-11-01,Tamil Nadu,tamil_nadu,23.85,0.1,1410.95,0.0,3240.1000000000004,
2006-12-01,Tamil Nadu,tamil_nadu,14.309999999999999,0.06,846.5699999999999,0.0,1944.06,
2007-01-01,Tamil Nadu,tamil_nadu,14.14,0.04,447.78000000000003,0.02,0.9,
2007-02-01,Tamil Nadu,tamil_nadu,14.14,0.04,447.78000000000003,0.02,0.9,
2007-03-01,Tamil Nadu,tamil_nadu,21.21,0.06,671.67,0.03,1.3499999999999999,
2007-04-01,Tamil Nadu,tamil_nadu,28.28,0.08,895.5600000000001,0.04,1.8,
2007-05-01,Tamil Nadu,tamil_nadu,35.35,0.1,1119.45,0.05,2.25,
2007-06-01,Tamil Nadu,tamil_nadu,56.56,0.16,1791.1200000000001,0.08,3.6,
2007-07-01,Tamil Nadu,tamil_nadu,127.25999999999999,0.36,4030.02,0.18,8.1,
2007-08-01,Tamil Nadu,tamil_nadu,155.54,0.44,4925.58,0.22,9.9,
2007-09-01,Tamil Nadu,tamil_nadu,127.25999999999999,0.36,4030.02,0.18,8.1,
2007-10-01,Tamil Nadu,tamil_nadu,70.7,0.2,2238.9,0.1,4.5,
2007-11-01,Tamil Nadu,tamil_nadu,35.35,0.1,1119.45,0.05,2.25,
2007-12-01,Tamil Nadu,tamil_nadu,21.21,0.06,671.67,0.03,1.3499999999999999,
2008-01-01,Tamil Nadu,tamil_nadu,10.6,0.06,420.92,0.04,0.92,
2008-02-01,Tamil Nadu,tamil_nadu,10.6,0.06,420.92,0.04,0.92,
2008-03-01,Tamil Nadu,tamil_nadu,15.899999999999999,0.09,631.38,0.06,1.38,
2008-04-01,Tamil Nadu,tamil_nadu,21.2,0.12,841.84,0.08,1.84,
2008-05-01,Tamil Nadu,tamil_nadu,26.5,0.15000000000000002,1052.3,0.1,2.3000000000000003,
2008-06-01,Tamil Nadu,tamil_nadu,42.4,0.24,1683.68,0.16,3.68,
2008-07-01,Tamil Nadu,tamil_nadu,95.39999999999999,0.54,3788.2799999999997,0.36,8.28,
2008-08-01,Tamil Nadu,tamil_nadu,116.6,0.66,4630.12,0.44,10.12,
2008-09-01,Tamil Nadu,tamil_nadu,95.39999999999999,0.54,3788.2799999999997,0.36,8.28,
2008-10-01,Tamil Nadu,tamil_nadu,53.0,0.30000000000000004,2104.6,0.2,4.6000000000000005,
2008-11-01,Tamil Nadu,tamil_nadu,26.5,0.15000000000000002,1052.3,0.1,2.3000000000000003,
2008-12-01,Tamil Nadu,tamil_nadu,15.899999999999999,0.09,631.38,0.06,1.38,
2009-01-01,Tamil Nadu,tamil_nadu,21.44,0.14,299.76,0.02,101.26,
2009-02-01,Tamil Nadu,tamil_nadu,21.44,0.14,299.76,0.02,101.26,
2009-03-01,Tamil Nadu,tamil_nadu,32.16,0.21,449.64,0.03,151.89,
2009-04-01,Tamil Nadu,tamil_nadu,42.88,0.28,599.52,0.04,202.52,
2009-05-01,Tamil Nadu,tamil_nadu,53.6,0.35000000000000003,749.4000000000001,0.05,253.15,
2009-06-01,Tamil Nadu,tamil_nadu,85.76,0.56,1199.04,0.08,405.04,
2009-07-01,Tamil Nadu,tamil_nadu,192.95999999999998,1.26,2697.8399999999997,0.18,911.3399999999999,
2009-08-01,Tamil Nadu,tamil_nadu,235.84,1.54,3297.36,0.22,1113.86,
2009-09-01,Tamil Nadu,tamil_nadu,192.95999999999998,1.26,2697.8399999999997,0.18,911.3399999999999,
2009-10-01,Tamil Nadu,tamil_nadu,107.2,0.7000000000000001,1498.8000000000002,0.1,506.3,
2009-11-01,Tamil Nadu,tamil_nadu,53.6,0.35000000000000003,749.4000000000001,0.05,253.15,
2009-12-01,Tamil Nadu,tamil_nadu,32.16,0.21,449.64,0.03,151.89,
2010-01-01,Tamil Nadu,tamil_nadu,41.02,0.16,341.72,0.06,86.38,
2010-02-01,Tamil Nadu,tamil_nadu,41.02,0.16,341.72,0.06,86.38,
2010-03-01,Tamil Nadu,tamil_nadu,61.53,0.24,512.5799999999999,0.09,129.57,
2010-04-01,Tamil Nadu,tamil_nadu,82.04,0.32,683.44,0.12,172.76,
2010-05-01,Tamil Nadu,tamil_nadu,102.55000000000001,0.4,854.3000000000001,0.15000000000000002,215.95000000000002,
2010-06-01,Tamil Nadu,tamil_nadu,164.08,0.64,1366.88,0.24,345.52,
2010-07-01,Tamil Nadu,tamil_nadu,369.18,1.44,3075.48,0.54,777.42,
2010-08-01,Tamil Nadu,tamil_nadu,451.22,1.76,3758.92,0.66,950.18,
2010-09-01,Tamil Nadu,tamil_nadu,369.18,1.44,3075.48,0.54,777.42,
2010-10-01,Tamil Nadu,tamil_nadu,205.10000000000002,0.8,1708.6000000000001,0.30000000000000004,431.90000000000003,
2010-11-01,Tamil Nadu,tamil_nadu,102.55000000000001,0.4,854.3000000000001,0.15000000000000002,215.95000000000002,
2010-12-01,Tamil Nadu,tamil_nadu,61.53,0.24,512.5799999999999,0.09,129.57,
2011-01-01,Tamil Nadu,tamil_nadu,50.02,0.18,443.42,0.0,83.88,
2011-02-01,Tamil Nadu,tamil_nadu,50.02,0.18,443.42,0.0,83.88,
2011-03-01,Tamil Nadu,tamil_nadu,75.03,0.27,665.13,0.0,125.82,
2011-04-01,Tamil Nadu,tamil_nadu,100.04,0.36,886.84,0.0,167.76,
2011-05-01,Tamil Nadu,tamil_nadu,125.05000000000001,0.45,1108.55,0.0,209.70000000000002,
2011-06-01,Tamil Nadu,tamil_nadu,200.08,0.72,1773.68,0.0,335.52,
2011-07-01,Tamil Nadu,tamil_nadu,450.18,1.6199999999999999,3990.7799999999997,0.0,754.92,
2011-08-01,Tamil Nadu,tamil_nadu,550.22,1.98,4877.62,0.0,922.68,
2011-09-01,Tamil Nadu,tamil_nadu,450.18,1.6199999999999999,3990.7799999999997,0.0,754.92,
2011-10-01,Tamil Nadu,tamil_nadu,250.10000000000002,0.9,2217.1,0.0,419.40000000000003,
2011-11-01,Tamil Nadu,tamil_nadu,125.05000000000001,0.45,1108.55,0.0,209.70000000000002,
2011-12-01,Tamil Nadu,tamil_nadu,75.03,0.27,665.13,0.0,125.82,
2012-01-01,Tamil Nadu,tamil_nadu,256.52,1.32,377.38,0.0,100.36,
2012-02-01,Tamil Nadu,tamil_nadu,256.52,1.32,377.38,0.0,100.36,
2012-03-01,Tamil Nadu,tamil_nadu,384.78,1.98,566.0699999999999,0.0,150.54,
2012-04-01,Tamil Nadu,tamil_nadu,513.04,2.64,754.76,0.0,200.72,
2012-05-01,Tamil Nadu,tamil_nadu,641.3000000000001,3.3000000000000003,943.45,0.0,250.9,
2012-06-01,Tamil Nadu,tamil_nadu,1026.08,5.28,1509.52,0.0,401.44,
2012-07-01,Tamil Nadu,tamil_nadu,2308.68,11.879999999999999,3396.42,0.0,903.24,
2012-08-01,Tamil Nadu,tamil_nadu,2821.72,14.52,4151.18,0.0,1103.96,
2012-09-01,Tamil Nadu,tamil_nadu,2308.68,11.879999999999999,3396.42,0.0,903.24,
2012-10-01,Tamil Nadu,tamil_nadu,1282.6000000000001,6.6000000000000005,1886.9,0.0,501.8,
2012-11-01,Tamil Nadu,tamil_nadu,641.3000000000001,3.3000000000000003,943.45,0.0,250.9,
2012-12-01,Tamil Nadu,tamil_nadu,384.78,1.98,566.0699999999999,0.0,150.54,
2013-01-01,Tamil Nadu,tamil_nadu,122.44,0.0,301.62,0.0,17.18,
2013-02-01,Tamil Nadu,tamil_nadu,122.44,0.0,301.62,0.0,17.18,
2013-03-01,Tamil Nadu,tamil_nadu,183.66,0.0,452.43,0.0,25.77,
2013-04-01,Tamil Nadu,tamil_nadu,244.88,0.0,603.24,0.0,34.36,
2013-05-01,Tamil Nadu,tamil_nadu,306.1,0.0,754.0500000000001,0.0,42.95,
2013-06-01,Tamil Nadu,tamil_nadu,489.76,0.0,1206.48,0.0,68.72,
2013-07-01,Tamil Nadu,tamil_nadu,1101.96,0.0,2714.58,0.0,154.62,
2013-08-01,Tamil Nadu,tamil_nadu,1346.84,0.0,3317.82,0.0,188.98,
2013-09-01,Tamil Nadu,tamil_nadu,1101.96,0.0,2714.58,0.0,154.62,
2013-10-01,Tamil Nadu,tamil_nadu,612.2,0.0,1508.1000000000001,0.0,85.9,
2013-11-01,Tamil Nadu,tamil_nadu,306.1,0.0,754.0500000000001,0.0,42.95,
2013-12-01,Tamil Nadu,tamil_nadu,183.66,0.0,452.43,0.0,25.77,
2014-01-01,Tamil Nadu,tamil_nadu,,,174.58,0.0,10.86,
2014-02-01,Tamil Nadu,tamil_nadu,,,174.58,0.0,10.86,
2014-03-01,Tamil Nadu,tamil_nadu,,,261.87,0.0,16.29,
2014-04-01,Tamil Nadu,tamil_nadu,,,349.16,0.0,21.72,
2014-05-01,Tamil Nadu,tamil_nadu,,,436.45000000000005,0.0,27.150000000000002,
2014-06-01,Tamil Nadu,tamil_nadu,,,698.32,0.0,43.44,
2014-07-01,Tamil Nadu,tamil_nadu,,,1571.22,0.0,97.74,
2014-08-01,Tamil Nadu,tamil_nadu,,,1920.38,0.0,119.46,
2014-09-01,Tamil Nadu,tamil_nadu,,,1571.22,0.0,97.74,
2014-10-01,Tamil Nadu,tamil_nadu,,,872.9000000000001,0.0,54.300000000000004,
2014-11-01,Tamil Nadu,tamil_nadu,,,436.45000000000005,0.0,27.150000000000002,
2014-12-01,Tamil Nadu,tamil_nadu,,,261.87,0.0,16.29,
2015-01-01,Tamil Nadu,tamil_nadu,,,111.74000000000001,0.0,6.58,
2015-02-01,Tamil Nadu,tamil_nadu,,,111.74000000000001,0.0,6.58,
2015-03-01,Tamil Nadu,tamil_nadu,,,167.60999999999999,0.0,9.87,
2015-04-01,Tamil Nadu,tamil_nadu,,,223.48000000000002,0.0,13.16,
2015-05-01,Tamil Nadu,tamil_nadu,,,279.35,0.0,16.45,
2015-06-01,Tamil Nadu,tamil_nadu,,,446.96000000000004,0.0,26.32,
2015-07-01,Tamil Nadu,tamil_nadu,,,1005.66,0.0,59.22,
2015-08-01,Tamil Nadu,tamil_nadu,,,1229.14,0.0,72.38,
2015-09-01,Tamil Nadu,tamil_nadu,,,1005.66,0.0,59.22,
2015-10-01,Tamil Nadu,tamil_nadu,,,558.7,0.0,32.9,
2015-11-01,Tamil Nadu,tamil_nadu,,,279.35,0.0,16.45,
2015-12-01,Tamil Nadu,tamil_nadu,,,167.60999999999999,0.0,9.87,
2016-01-01,Tamil Nadu,tamil_nadu,,,86.82000000000001,0.0,1.72,
2016-02-01,Tamil Nadu,tamil_nadu,,,86.82000000000001,0.0,1.72,
2016-03-01,Tamil Nadu,tamil_nadu,,,130.23,0.0,2.58,
2016-04-01,Tamil Nadu,tamil_nadu,,,173.64000000000001,0.0,3.44,
2016-05-01,Tamil Nadu,tamil_nadu,,,217.05,0.0,4.3,
2016-06-01,Tamil Nadu,tamil_nadu,,,347.28000000000003,0.0,6.88,
2016-07-01,Tamil Nadu,tamil_nadu,,,781.38,0.0,15.479999999999999,
2016-08-01,Tamil Nadu,tamil_nadu,,,955.02,0.0,18.92,
2016-09-01,Tamil Nadu,tamil_nadu,,,781.38,0.0,15.479999999999999,
2016-10-01,Tamil Nadu,tamil_nadu,,,434.1,0.0,8.6,
2016-11-01,Tamil Nadu,tamil_nadu,,,217.05,0.0,4.3,
2016-12-01,Tamil Nadu,tamil_nadu,,,130.23,0.0,2.58,
2017-01-01,Tamil Nadu,tamil_nadu,465.88,1.3,108.88,0.0,2.62,
2017-02-01,Tamil Nadu,tamil_nadu,465.88,1.3,108.88,0.0,2.62,
2017-03-01,Tamil Nadu,tamil_nadu,698.8199999999999,1.95,163.32,0.0,3.9299999999999997,
2017-04-01,Tamil Nadu,tamil_nadu,931.76,2.6,217.76,0.0,5.24,
2017-05-01,Tamil Nadu,tamil_nadu,1164.7,3.25,272.2,0.0,6.550000000000001,
2017-06-01,Tamil Nadu,tamil_nadu,1863.52,5.2,435.52,0.0,10.48,
2017-07-01,Tamil Nadu,tamil_nadu,4192.92,11.7,979.92,0.0,23.58,
2017-08-01,Tamil Nadu,tamil_nadu,5124.68,14.3,1197.68,0.0,28.82,
2017-09-01,Tamil Nadu,tamil_nadu,4192.92,11.7,979.92,0.0,23.58,
2017-10-01,Tamil Nadu,tamil_nadu,2329.4,6.5,544.4,0.0,13.100000000000001,
2017-11-01,Tamil Nadu,tamil_nadu,1164.7,3.25,272.2,0.0,6.550000000000001,
2017-12-01,Tamil Nadu,tamil_nadu,698.8199999999999,1.95,163.32,0.0,3.9299999999999997,
2018-01-01,Tamil Nadu,tamil_nadu,89.72,0.26,75.16,0.0,5.68,
2018-02-01,Tamil Nadu,tamil_nadu,89.72,0.26,75.16,0.0,5.68,
2018-03-01,Tamil Nadu,tamil_nadu,134.57999999999998,0.39,112.74,0.0,8.52,
2018-04-01,Tamil Nadu,tamil_nadu,179.44,0.52,150.32,0.0,11.36,
2018-05-01,Tamil Nadu,tamil_nadu,224.3,0.65,187.9,0.0,14.200000000000001,
2018-06-01,Tamil Nadu,tamil_nadu,358.88,1.04,300.64,0.0,22.72,
2018-07-01,Tamil Nadu,tamil_nadu,807.48,2.34,676.4399999999999,0.0,51.12,
2018-08-01,Tamil Nadu,tamil_nadu,986.92,2.86,826.76,0.0,62.48,
2018-09-01,Tamil Nadu,tamil_nadu,807.48,2.34,676.4399999999999,0.0,51.12,
2018-10-01,Tamil Nadu,tamil_nadu,448.6,1.3,375.8,0.0,28.400000000000002,
2018-11-01,Tamil Nadu,tamil_nadu,224.3,0.65,187.9,0.0,14.200000000000001,
2018-12-01,Tamil Nadu,tamil_nadu,134.57999999999998,0.39,112.74,0.0,8.52,
2019-01-01,Tamil Nadu,tamil_nadu,170.54,0.1,41.76,0.0,12.46,
2019-02-01,Tamil Nadu,tamil_nadu,170.54,0.1,41.76,0.0,12.46,
2019-03-01,Tamil Nadu,tamil_nadu,255.81,0.15,62.64,0.0,18.689999999999998,
2019-04-01,Tamil Nadu,tamil_nadu,341.08,0.2,83.52,0.0,24.92,
2019-05-01,Tamil Nadu,tamil_nadu,426.35,0.25,104.4,0.0,31.150000000000002,
2019-06-01,Tamil Nadu,tamil_nadu,682.16,0.4,167.04,0.0,49.84,
2019-07-01,Tamil Nadu,tamil_nadu,1534.86,0.8999999999999999,375.84,0.0,112.14,
2019-08-01,Tamil Nadu,tamil_nadu,1875.94,1.1,459.36,0.0,137.06,
2019-09-01,Tamil Nadu,tamil_nadu,1534.86,0.8999999999999999,375.84,0.0,112.14,
2019-10-01,Tamil Nadu,tamil_nadu,852.7,0.5,208.8,0.0,62.300000000000004,
2019-11-01,Tamil Nadu,tamil_nadu,426.35,0.25,104.4,0.0,31.150000000000002,
2019-12-01,Tamil Nadu,tamil_nadu,255.81,0.15,62.64,0.0,18.689999999999998,
2020-01-01,Tamil Nadu,tamil_nadu,48.2,0.0,17.82,0.0,29.22,
2020-02-01,Tamil Nadu,tamil_nadu,48.2,0.0,17.82,0.0,29.22,
2020-03-01,Tamil Nadu,tamil_nadu,72.3,0.0,26.73,0.0,43.83,
2020-04-01,Tamil Nadu,tamil_nadu,96.4,0.0,35.64,0.0,58.44,
2020-05-01,Tamil Nadu,tamil_nadu,120.5,0.0,44.550000000000004,0.0,73.05,
2020-06-01,Tamil Nadu,tamil_nadu,192.8,0.0,71.28,0.0,116.88,
2020-07-01,Tamil Nadu,tamil_nadu,433.8,0.0,160.38,0.0,262.98,
2020-08-01,Tamil Nadu,tamil_nadu,530.2,0.0,196.02,0.0,321.42,
2020-09-01,Tamil Nadu,tamil_nadu,433.8,0.0,160.38,0.0,262.98,
2020-10-01,Tamil Nadu,tamil_nadu,241.0,0.0,89.10000000000001,0.0,146.1,
2020-11-01,Tamil Nadu,tamil_nadu,120.5,0.0,44.550000000000004,0.0,73.05,
2020-12-01,Tamil Nadu,tamil_nadu,72.3,0.0,26.73,0.0,43.83,
2021-01-01,Tamil Nadu,tamil_nadu,120.78,0.16,15.44,0.0,73.08,
2021-02-01,Tamil Nadu,tamil_nadu,120.78,0.16,15.44,0.0,73.08,
2021-03-01,Tamil Nadu,tamil_nadu,181.17,0.24,23.16,0.0,109.61999999999999,
2021-04-01,Tamil Nadu,tamil_nadu,241.56,0.32,30.88,0.0,146.16,
2021-05-01,Tamil Nadu,tamil_nadu,301.95,0.4,38.6,0.0,182.70000000000002,
2021-06-01,Tamil Nadu,tamil_nadu,483.12,0.64,61.76,0.0,292.32,
2021-07-01,Tamil Nadu,tamil_nadu,1087.02,1.44,138.96,0.0,657.72,
2021-08-01,Tamil Nadu,tamil_nadu,1328.58,1.76,169.84,0.0,803.88,
2021-09-01,Tamil Nadu,tamil_nadu,1087.02,1.44,138.96,0.0,657.72,
2021-10-01,Tamil Nadu,tamil_nadu,603.9,0.8,77.2,0.0,365.40000000000003,
2021-11-01,Tamil Nadu,tamil_nadu,301.95,0.4,38.6,0.0,182.70000000000002,
2021-12-01,Tamil Nadu,tamil_nadu,181.17,0.24,23.16,0.0,109.61999999999999,
2022-01-01,Tamil Nadu,tamil_nadu,128.6,0.16,6.88,0.0,3.62,
2022-02-01,Tamil Nadu,tamil_nadu,128.6,0.16,6.88,0.0,3.62,
2022-03-01,Tamil Nadu,tamil_nadu,192.9,0.24,10.32,0.0,5.43,
2022-04-01,Tamil Nadu,tamil_nadu,257.2,0.32,13.76,0.0,7.24,
2022-05-01,Tamil Nadu,tamil_nadu,321.5,0.4,17.2,0.0,9.05,
2022-06-01,Tamil Nadu,tamil_nadu,514.4,0.64,27.52,0.0,14.48,
2022-07-01,Tamil Nadu,tamil_nadu,1157.3999999999999,1.44,61.919999999999995,0.0,32.58,
2022-08-01,Tamil Nadu,tamil_nadu,1414.6,1.76,75.68,0.0,39.82,
2022-09-01,Tamil Nadu,tamil_nadu,1157.3999999999999,1.44,61.919999999999995,0.0,32.58,
2022-10-01,Tamil Nadu,tamil_nadu,643.0,0.8,34.4,0.0,18.1,
2022-11-01,Tamil Nadu,tamil_nadu,321.5,0.4,17.2,0.0,9.05,
2022-12-01,Tamil Nadu,tamil_nadu,192.9,0.24,10.32,0.0,5.43,
1999-01-01,Telangana,telangana,0.0,0.0,,,,
1999-02-01,Telangana,telangana,0.0,0.0,,,,
1999-03-01,Telangana,telangana,0.0,0.0,,,,
1999-04-01,Telangana,telangana,0.0,0.0,,,,
1999-05-01,Telangana,telangana,0.0,0.0,,,,
1999-06-01,Telangana,telangana,0.0,0.0,,,,
1999-07-01,Telangana,telangana,0.0,0.0,,,,
1999-08-01,Telangana,telangana,0.0,0.0,,,,
1999-09-01,Telangana,telangana,0.0,0.0,,,,
1999-10-01,Telangana,telangana,0.0,0.0,,,,
1999-11-01,Telangana,telangana,0.0,0.0,,,,
1999-12-01,Telangana,telangana,0.0,0.0,,,,
2000-01-01,Telangana,telangana,0.041384904752057305,0.0,,,,
2000-02-01,Telangana,telangana,0.041384904752057305,0.0,,,,
2000-03-01,Telangana,telangana,0.06207735712808596,0.0,,,,
2000-04-01,Telangana,telangana,0.08276980950411461,0.0,,,,
2000-05-01,Telangana,telangana,0.10346226188014328,0.0,,,,
2000-06-01,Telangana,telangana,0.16553961900822922,0.0,,,,
2000-07-01,Telangana,telangana,0.37246414276851575,0.0,,,,
2000-08-01,Telangana,telangana,0.45523395227263036,0.0,,,,
2000-09-01,Telangana,telangana,0.37246414276851575,0.0,,,,
2000-10-01,Telangana,telangana,0.20692452376028656,0.0,,,,
2000-11-01,Telangana,telangana,0.10346226188014328,0.0,,,,
2000-12-01,Telangana,telangana,0.06207735712808596,0.0,,,,
2001-01-01,Telangana,telangana,0.008276980950411463,0.0,477.8714951720058,0.008276980950411463,,
2001-02-01,Telangana,telangana,0.008276980950411463,0.0,477.8714951720058,0.008276980950411463,,
2001-03-01,Telangana,telangana,0.012415471425617193,0.0,716.8072427580086,0.012415471425617193,,
2001-04-01,Telangana,telangana,0.016553961900822926,0.0,955.7429903440116,0.016553961900822926,,
2001-05-01,Telangana,telangana,0.020692452376028656,0.0,1194.6787379300144,0.020692452376028656,,
2001-06-01,Telangana,telangana,0.03310792380164585,0.0,1911.4859806880231,0.03310792380164585,,
2001-07-01,Telangana,telangana,0.07449282855370316,0.0,4300.843456548051,0.07449282855370316,,
2001-08-01,Telangana,telangana,0.09104679045452609,0.0,5256.586446892064,0.09104679045452609,,
2001-09-01,Telangana,telangana,0.07449282855370316,0.0,4300.843456548051,0.07449282855370316,,
2001-10-01,Telangana,telangana,0.04138490475205731,0.0,2389.357475860029,0.04138490475205731,,
2001-11-01,Telangana,telangana,0.020692452376028656,0.0,1194.6787379300144,0.020692452376028656,,
2001-12-01,Telangana,telangana,0.012415471425617193,0.0,716.8072427580086,0.012415471425617193,,
2002-01-01,Telangana,telangana,0.5048958379750992,0.02483094285123439,314.96395610600734,0.0,,
2002-02-01,Telangana,telangana,0.5048958379750992,0.02483094285123439,314.96395610600734,0.0,,
2002-03-01,Telangana,telangana,0.7573437569626488,0.03724641427685158,472.445934159011,0.0,,
2002-04-01,Telangana,telangana,1.0097916759501984,0.04966188570246878,629.9279122120147,0.0,,
2002-05-01,Telangana,telangana,1.262239594937748,0.06207735712808598,787.4098902650185,0.0,,
2002-06-01,Telangana,telangana,2.0195833519003967,0.09932377140493756,1259.8558244240294,0.0,,
2002-07-01,Telangana,telangana,4.544062541775893,0.2234784856611095,2834.675604954066,0.0,,
2002-08-01,Telangana,telangana,5.553854217726092,0.27314037136357827,3464.603517166081,0.0,,
2002-09-01,Telangana,telangana,4.544062541775893,0.2234784856611095,2834.675604954066,0.0,,
2002-10-01,Telangana,telangana,2.524479189875496,0.12415471425617196,1574.819780530037,0.0,,
2002-11-01,Telangana,telangana,1.262239594937748,0.06207735712808598,787.4098902650185,0.0,,
2002-12-01,Telangana,telangana,0.7573437569626488,0.03724641427685158,472.445934159011,0.0,,
2003-01-01,Telangana,telangana,0.786313190289089,0.041384904752057305,297.92992931006063,0.02483094285123439,,
2003-02-01,Telangana,telangana,0.786313190289089,0.041384904752057305,297.92992931006063,0.02483094285123439,,
2003-03-01,Telangana,telangana,1.1794697854336333,0.06207735712808596,446.8948939650909,0.03724641427685158,,
2003-04-01,Telangana,telangana,1.572626380578178,0.08276980950411461,595.8598586201213,0.04966188570246878,,
2003-05-01,Telangana,telangana,1.9657829757227223,0.10346226188014328,744.8248232751516,0.06207735712808598,,
2003-06-01,Telangana,telangana,3.145252761156356,0.16553961900822922,1191.7197172402425,0.09932377140493756,,
2003-07-01,Telangana,telangana,7.0768187126018,0.37246414276851575,2681.3693637905453,0.2234784856611095,,
2003-08-01,Telangana,telangana,8.649445093179978,0.45523395227263036,3277.229222410667,0.27314037136357827,,
2003-09-01,Telangana,telangana,7.0768187126018,0.37246414276851575,2681.3693637905453,0.2234784856611095,,
2003-10-01,Telangana,telangana,3.9315659514454446,0.20692452376028656,1489.6496465503033,0.12415471425617196,,
2003-11-01,Telangana,telangana,1.9657829757227223,0.10346226188014328,744.8248232751516,0.06207735712808598,,
2003-12-01,Telangana,telangana,1.1794697854336333,0.06207735712808596,446.8948939650909,0.03724641427685158,,
2004-01-01,Telangana,telangana,1.9037056185946364,0.008276980950411463,293.22860413022687,0.016553961900822926,,
2004-02-01,Telangana,telangana,1.9037056185946364,0.008276980950411463,293.22860413022687,0.016553961900822926,,
2004-03-01,Telangana,telangana,2.8555584278919546,0.012415471425617193,439.84290619534033,0.024830942851234387,,
2004-04-01,Telangana,telangana,3.8074112371892728,0.016553961900822926,586.4572082604537,0.03310792380164585,,
2004-05-01,Telangana,telangana,4.759264046486591,0.020692452376028656,733.0715103255673,0.04138490475205731,,
2004-06-01,Telangana,telangana,7.6148224743785455,0.03310792380164585,1172.9144165209075,0.0662158476032917,,
2004-07-01,Telangana,telangana,17.133350567351727,0.07449282855370316,2639.057437172042,0.14898565710740633,,
2004-08-01,Telangana,telangana,20.940761804541,0.09104679045452609,3225.514645432496,0.18209358090905217,,
2004-09-01,Telangana,telangana,17.133350567351727,0.07449282855370316,2639.057437172042,0.14898565710740633,,
2004-10-01,Telangana,telangana,9.518528092973183,0.04138490475205731,1466.1430206511345,0.08276980950411462,,
2004-11-01,Telangana,telangana,4.759264046486591,0.020692452376028656,733.0715103255673,0.04138490475205731,,
2004-12-01,Telangana,telangana,2.8555584278919546,0.012415471425617193,439.84290619534033,0.024830942851234387,,
2005-01-01,Telangana,telangana,0.8194211140907348,0.016553961900822926,323.62167818013774,0.0,,
2005-02-01,Telangana,telangana,0.8194211140907348,0.016553961900822926,323.62167818013774,0.0,,
2005-03-01,Telangana,telangana,1.229131671136102,0.024830942851234387,485.43251727020663,0.0,,
2005-04-01,Telangana,telangana,1.6388422281814696,0.03310792380164585,647.2433563602755,0.0,,
2005-05-01,Telangana,telangana,2.048552785226837,0.04138490475205731,809.0541954503444,0.0,,
2005-06-01,Telangana,telangana,3.2776844563629393,0.0662158476032917,1294.486712720551,0.0,,
2005-07-01,Telangana,telangana,7.374790026816613,0.14898565710740633,2912.5951036212396,0.0,,
2005-08-01,Telangana,telangana,9.013632254998083,0.18209358090905217,3559.8384599815154,0.0,,
2005-09-01,Telangana,telangana,7.374790026816613,0.14898565710740633,2912.5951036212396,0.0,,
2005-10-01,Telangana,telangana,4.097105570453674,0.08276980950411462,1618.1083909006888,0.0,,
2005-11-01,Telangana,telangana,2.048552785226837,0.04138490475205731,809.0541954503444,0.0,,
2005-12-01,Telangana,telangana,1.229131671136102,0.024830942851234387,485.43251727020663,0.0,,
2006-01-01,Telangana,telangana,1.6305652472310583,0.14070867615699487,282.0877877709731,0.0,641.7557179901528,
2006-02-01,Telangana,telangana,1.6305652472310583,0.14070867615699487,282.0877877709731,0.0,641.7557179901528,
2006-03-01,Telangana,telangana,2.4458478708465874,0.2110630142354923,423.13168165645953,0.0,962.6335769852291,
2006-04-01,Telangana,telangana,3.2611304944621167,0.28141735231398973,564.1755755419462,0.0,1283.5114359803056,
2006-05-01,Telangana,telangana,4.076413118077646,0.35177169039248724,705.2194694274326,0.0,1604.389294975382,
2006-06-01,Telangana,telangana,6.522260988924233,0.5628347046279795,1128.3511510838923,0.0,2567.022871960611,
2006-07-01,Telangana,telangana,14.675087225079524,1.2663780854129538,2538.7900899387573,0.0,5775.801461911375,
2006-08-01,Telangana,telangana,17.93621771954164,1.5477954377269436,3102.9656654807036,0.0,7059.31289789168,
2006-09-01,Telangana,telangana,14.675087225079524,1.2663780854129538,2538.7900899387573,0.0,5775.801461911375,
2006-10-01,Telangana,telangana,8.152826236155292,0.7035433807849745,1410.4389388548652,0.0,3208.778589950764,
2006-11-01,Telangana,telangana,4.076413118077646,0.35177169039248724,705.2194694274326,0.0,1604.389294975382,
2006-12-01,Telangana,telangana,2.4458478708465874,0.2110630142354923,423.13168165645953,0.0,962.6335769852291,
2007-01-01,Telangana,telangana,4.858587817891529,0.016553961900822926,230.1249013642899,0.016553961900822926,0.32280225706604704,
2007-02-01,Telangana,telangana,4.858587817891529,0.016553961900822926,230.1249013642899,0.016553961900822926,0.32280225706604704,
2007-03-01,Telangana,telangana,7.287881726837293,0.024830942851234387,345.18735204643485,0.024830942851234387,0.48420338559907056,
2007-04-01,Telangana,telangana,9.717175635783057,0.03310792380164585,460.2498027285798,0.03310792380164585,0.6456045141320941,
2007-05-01,Telangana,telangana,12.146469544728824,0.04138490475205731,575.3122534107248,0.04138490475205731,0.8070056426651177,
2007-06-01,Telangana,telangana,19.434351271566115,0.0662158476032917,920.4996054571596,0.0662158476032917,1.2912090282641882,
2007-07-01,Telangana,telangana,43.727290361023755,0.14898565710740633,2071.124112278609,0.14898565710740633,2.9052203135944232,
2007-08-01,Telangana,telangana,53.44446599680682,0.18209358090905217,2531.373915007189,0.18209358090905217,3.5508248277265175,
2007-09-01,Telangana,telangana,43.727290361023755,0.14898565710740633,2071.124112278609,0.14898565710740633,2.9052203135944232,
2007-10-01,Telangana,telangana,24.292939089457647,0.08276980950411462,1150.6245068214496,0.08276980950411462,1.6140112853302353,
2007-11-01,Telangana,telangana,12.146469544728824,0.04138490475205731,575.3122534107248,0.04138490475205731,0.8070056426651177,
2007-12-01,Telangana,telangana,7.287881726837293,0.024830942851234387,345.18735204643485,0.024830942851234387,0.48420338559907056,
2008-01-01,Telangana,telangana,2.590695037478788,0.016553961900822926,218.71094463367248,0.0,0.041384904752057305,
2008-02-01,Telangana,telangana,2.590695037478788,0.016553961900822926,218.71094463367248,0.0,0.041384904752057305,
2008-03-01,Telangana,telangana,3.886042556218182,0.024830942851234387,328.0664169505087,0.0,0.06207735712808596,
2008-04-01,Telangana,telangana,5.181390074957576,0.03310792380164585,437.42188926734497,0.0,0.08276980950411461,
2008-05-01,Telangana,telangana,6.476737593696971,0.04138490475205731,546.7773615841812,0.0,0.10346226188014328,
2008-06-01,Telangana,telangana,10.362780149915151,0.0662158476032917,874.8437785346899,0.0,0.16553961900822922,
2008-07-01,Telangana,telangana,23.31625533730909,0.14898565710740633,1968.3985017030523,0.0,0.37246414276851575,
2008-08-01,Telangana,telangana,28.497645412266667,0.18209358090905217,2405.8203909703975,0.0,0.45523395227263036,
2008-09-01,Telangana,telangana,23.31625533730909,0.14898565710740633,1968.3985017030523,0.0,0.37246414276851575,
2008-10-01,Telangana,telangana,12.953475187393941,0.08276980950411462,1093.5547231683624,0.0,0.20692452376028656,
2008-11-01,Telangana,telangana,6.476737593696971,0.04138490475205731,546.7773615841812,0.0,0.10346226188014328,
2008-12-01,Telangana,telangana,3.886042556218182,0.024830942851234387,328.0664169505087,0.0,0.06207735712808596,
2009-01-01,Telangana,telangana,9.849607330989642,0.0910467904545261,208.18262486474913,0.02483094285123439,4.891695741693175,
2009-02-01,Telangana,telangana,9.849607330989642,0.0910467904545261,208.18262486474913,0.02483094285123439,4.891695741693175,
2009-03-01,Telangana,telangana,14.774410996484463,0.13657018568178914,312.27393729712367,0.03724641427685158,7.337543612539761,
2009-04-01,Telangana,telangana,19.699214661979283,0.1820935809090522,416.36524972949826,0.04966188570246878,9.78339148338635,
2009-05-01,Telangana,telangana,24.624018327474104,0.22761697613631526,520.4565621618729,0.06207735712808598,12.229239354232938,
2009-06-01,Telangana,telangana,39.39842932395857,0.3641871618181044,832.7304994589965,0.09932377140493756,19.5667829667727,
2009-07-01,Telangana,telangana,88.64646597890678,0.8194211140907348,1873.643623782742,0.2234784856611095,44.02526167523857,
2009-08-01,Telangana,telangana,108.34568064088606,1.001514694999787,2290.0088735122404,0.27314037136357827,53.80865315862492,
2009-09-01,Telangana,telangana,88.64646597890678,0.8194211140907348,1873.643623782742,0.2234784856611095,44.02526167523857,
2009-10-01,Telangana,telangana,49.24803665494821,0.4552339522726305,1040.9131243237457,0.12415471425617196,24.458478708465876,
2009-11-01,Telangana,telangana,24.624018327474104,0.22761697613631526,520.4565621618729,0.06207735712808598,12.229239354232938,
2009-12-01,Telangana,telangana,14.774410996484463,0.13657018568178914,312.27393729712367,0.03724641427685158,7.337543612539761,
2010-01-01,Telangana,telangana,,,276.39322487708995,0.16553961900822922,0.0,
2010-02-01,Telangana,telangana,,,276.39322487708995,0.16553961900822922,0.0,
2010-03-01,Telangana,telangana,,,414.58983731563495,0.24830942851234383,0.0,
2010-04-01,Telangana,telangana,,,552.7864497541799,0.33107923801645844,0.0,
2010-05-01,Telangana,telangana,,,690.9830621927249,0.4138490475205731,0.0,
2010-06-01,Telangana,telangana,,,1105.5728995083598,0.6621584760329169,0.0,
2010-07-01,Telangana,telangana,,,2487.5390238938094,1.489856571074063,0.0,
2010-08-01,Telangana,telangana,,,3040.3254736479894,1.8209358090905214,0.0,
2010-09-01,Telangana,telangana,,,2487.5390238938094,1.489856571074063,0.0,
2010-10-01,Telangana,telangana,,,1381.9661243854498,0.8276980950411462,0.0,
2010-11-01,Telangana,telangana,,,690.9830621927249,0.4138490475205731,0.0,
2010-12-01,Telangana,telangana,,,414.58983731563495,0.24830942851234383,0.0,
2011-01-01,Telangana,telangana,,,,,,
2011-02-01,Telangana,telangana,,,,,,
2011-03-01,Telangana,telangana,,,,,,
2011-04-01,Telangana,telangana,,,,,,
2011-05-01,Telangana,telangana,,,,,,
2011-06-01,Telangana,telangana,,,,,,
2011-07-01,Telangana,telangana,,,,,,
2011-08-01,Telangana,telangana,,,,,,
2011-09-01,Telangana,telangana,,,,,,
2011-10-01,Telangana,telangana,,,,,,
2011-11-01,Telangana,telangana,,,,,,
2011-12-01,Telangana,telangana,,,,,,
2012-01-01,Telangana,telangana,,,,,,
2012-02-01,Telangana,telangana,,,,,,
2012-03-01,Telangana,telangana,,,,,,
2012-04-01,Telangana,telangana,,,,,,
2012-05-01,Telangana,telangana,,,,,,
2012-06-01,Telangana,telangana,,,,,,
2012-07-01,Telangana,telangana,,,,,,
2012-08-01,Telangana,telangana,,,,,,
2012-09-01,Telangana,telangana,,,,,,
2012-10-01,Telangana,telangana,,,,,,
2012-11-01,Telangana,telangana,,,,,,
2012-12-01,Telangana,telangana,,,,,,
2013-01-01,Telangana,telangana,,,,,,
2013-02-01,Telangana,telangana,,,,,,
2013-03-01,Telangana,telangana,,,,,,
2013-04-01,Telangana,telangana,,,,,,
2013-05-01,Telangana,telangana,,,,,,
2013-06-01,Telangana,telangana,,,,,,
2013-07-01,Telangana,telangana,,,,,,
2013-08-01,Telangana,telangana,,,,,,
2013-09-01,Telangana,telangana,,,,,,
2013-10-01,Telangana,telangana,,,,,,
2013-11-01,Telangana,telangana,,,,,,
2013-12-01,Telangana,telangana,,,,,,
2014-01-01,Telangana,telangana,,,103.78,0.0,33.74,
2014-02-01,Telangana,telangana,,,103.78,0.0,33.74,
2014-03-01,Telangana,telangana,,,155.67,0.0,50.61,
2014-04-01,Telangana,telangana,,,207.56,0.0,67.48,
2014-05-01,Telangana,telangana,,,259.45,0.0,84.35000000000001,
2014-06-01,Telangana,telangana,,,415.12,0.0,134.96,
2014-07-01,Telangana,telangana,,,934.02,0.0,303.65999999999997,
2014-08-01,Telangana,telangana,,,1141.58,0.0,371.14,
2014-09-01,Telangana,telangana,,,934.02,0.0,303.65999999999997,
2014-10-01,Telangana,telangana,,,518.9,0.0,168.70000000000002,
2014-11-01,Telangana,telangana,,,259.45,0.0,84.35000000000001,
2014-12-01,Telangana,telangana,,,155.67,0.0,50.61,
2015-01-01,Telangana,telangana,,,219.02,0.08,41.34,
2015-02-01,Telangana,telangana,,,219.02,0.08,41.34,
2015-03-01,Telangana,telangana,,,328.53,0.12,62.01,
2015-04-01,Telangana,telangana,,,438.04,0.16,82.68,
2015-05-01,Telangana,telangana,,,547.5500000000001,0.2,103.35000000000001,
2015-06-01,Telangana,telangana,,,876.08,0.32,165.36,
2015-07-01,Telangana,telangana,,,1971.1799999999998,0.72,372.06,
2015-08-01,Telangana,telangana,,,2409.22,0.88,454.74,
2015-09-01,Telangana,telangana,,,1971.1799999999998,0.72,372.06,
2015-10-01,Telangana,telangana,,,1095.1000000000001,0.4,206.70000000000002,
2015-11-01,Telangana,telangana,,,547.5500000000001,0.2,103.35000000000001,
2015-12-01,Telangana,telangana,,,328.53,0.12,62.01,
2016-01-01,Telangana,telangana,,,70.24,0.02,12.22,
2016-02-01,Telangana,telangana,,,70.24,0.02,12.22,
2016-03-01,Telangana,telangana,,,105.36,0.03,18.33,
2016-04-01,Telangana,telangana,,,140.48,0.04,24.44,
2016-05-01,Telangana,telangana,,,175.60000000000002,0.05,30.55,
2016-06-01,Telangana,telangana,,,280.96,0.08,48.88,
2016-07-01,Telangana,telangana,,,632.16,0.18,109.97999999999999,
2016-08-01,Telangana,telangana,,,772.64,0.22,134.42,
2016-09-01,Telangana,telangana,,,632.16,0.18,109.97999999999999,
2016-10-01,Telangana,telangana,,,351.20000000000005,0.1,61.1,
2016-11-01,Telangana,telangana,,,175.60000000000002,0.05,30.55,
2016-12-01,Telangana,telangana,,,105.36,0.03,18.33,
2017-01-01,Telangana,telangana,107.38,0.0,53.76,0.0,25.54,
2017-02-01,Telangana,telangana,107.38,0.0,53.76,0.0,25.54,
2017-03-01,Telangana,telangana,161.07,0.0,80.64,0.0,38.309999999999995,
2017-04-01,Telangana,telangana,214.76,0.0,107.52,0.0,51.08,
2017-05-01,Telangana,telangana,268.45,0.0,134.4,0.0,63.85,
2017-06-01,Telangana,telangana,429.52,0.0,215.04,0.0,102.16,
2017-07-01,Telangana,telangana,966.42,0.0,483.84,0.0,229.85999999999999,
2017-08-01,Telangana,telangana,1181.18,0.0,591.36,0.0,280.94,
2017-09-01,Telangana,telangana,966.42,0.0,483.84,0.0,229.85999999999999,
2017-10-01,Telangana,telangana,536.9,0.0,268.8,0.0,127.7,
2017-11-01,Telangana,telangana,268.45,0.0,134.4,0.0,63.85,
2017-12-01,Telangana,telangana,161.07,0.0,80.64,0.0,38.309999999999995,
2018-01-01,Telangana,telangana,91.84,0.04,35.84,0.0,39.08,
2018-02-01,Telangana,telangana,91.84,0.04,35.84,0.0,39.08,
2018-03-01,Telangana,telangana,137.76,0.06,53.76,0.0,58.62,
2018-04-01,Telangana,telangana,183.68,0.08,71.68,0.0,78.16,
2018-05-01,Telangana,telangana,229.60000000000002,0.1,89.60000000000001,0.0,97.7,
2018-06-01,Telangana,telangana,367.36,0.16,143.36,0.0,156.32,
2018-07-01,Telangana,telangana,826.56,0.36,322.56,0.0,351.71999999999997,
2018-08-01,Telangana,telangana,1010.24,0.44,394.24,0.0,429.88,
2018-09-01,Telangana,telangana,826.56,0.36,322.56,0.0,351.71999999999997,
2018-10-01,Telangana,telangana,459.20000000000005,0.2,179.20000000000002,0.0,195.4,
2018-11-01,Telangana,telangana,229.60000000000002,0.1,89.60000000000001,0.0,97.7,
2018-12-01,Telangana,telangana,137.76,0.06,53.76,0.0,58.62,
2019-01-01,Telangana,telangana,266.62,0.14,34.22,0.0,107.04,
2019-02-01,Telangana,telangana,266.62,0.14,34.22,0.0,107.04,
2019-03-01,Telangana,telangana,399.93,0.21,51.33,0.0,160.56,
2019-04-01,Telangana,telangana,533.24,0.28,68.44,0.0,214.08,
2019-05-01,Telangana,telangana,666.5500000000001,0.35000000000000003,85.55000000000001,0.0,267.6,
2019-06-01,Telangana,telangana,1066.48,0.56,136.88,0.0,428.16,
2019-07-01,Telangana,telangana,2399.58,1.26,307.97999999999996,0.0,963.36,
2019-08-01,Telangana,telangana,2932.82,1.54,376.42,0.0,1177.44,
2019-09-01,Telangana,telangana,2399.58,1.26,307.97999999999996,0.0,963.36,
2019-10-01,Telangana,telangana,1333.1000000000001,0.7000000000000001,171.10000000000002,0.0,535.2,
2019-11-01,Telangana,telangana,666.5500000000001,0.35000000000000003,85.55000000000001,0.0,267.6,
2019-12-01,Telangana,telangana,399.93,0.21,51.33,0.0,160.56,
2020-01-01,Telangana,telangana,43.46,0.0,17.400000000000002,0.0,7.28,
2020-02-01,Telangana,telangana,43.46,0.0,17.400000000000002,0.0,7.28,
2020-03-01,Telangana,telangana,65.19,0.0,26.099999999999998,0.0,10.92,
2020-04-01,Telangana,telangana,86.92,0.0,34.800000000000004,0.0,14.56,
2020-05-01,Telangana,telangana,108.65,0.0,43.5,0.0,18.2,
2020-06-01,Telangana,telangana,173.84,0.0,69.60000000000001,0.0,29.12,
2020-07-01,Telangana,telangana,391.14,0.0,156.6,0.0,65.52,
2020-08-01,Telangana,telangana,478.06,0.0,191.4,0.0,80.08,
2020-09-01,Telangana,telangana,391.14,0.0,156.6,0.0,65.52,
2020-10-01,Telangana,telangana,217.3,0.0,87.0,0.0,36.4,
2020-11-01,Telangana,telangana,108.65,0.0,43.5,0.0,18.2,
2020-12-01,Telangana,telangana,65.19,0.0,26.099999999999998,0.0,10.92,
2021-01-01,Telangana,telangana,6.98,0.0,17.48,0.0,4.4,
2021-02-01,Telangana,telangana,6.98,0.0,17.48,0.0,4.4,
2021-03-01,Telangana,telangana,10.469999999999999,0.0,26.22,0.0,6.6,
2021-04-01,Telangana,telangana,13.96,0.0,34.96,0.0,8.8,
2021-05-01,Telangana,telangana,17.45,0.0,43.7,0.0,11.0,
2021-06-01,Telangana,telangana,27.92,0.0,69.92,0.0,17.6,
2021-07-01,Telangana,telangana,62.82,0.0,157.32,0.0,39.6,
2021-08-01,Telangana,telangana,76.78,0.0,192.28,0.0,48.4,
2021-09-01,Telangana,telangana,62.82,0.0,157.32,0.0,39.6,
2021-10-01,Telangana,telangana,34.9,0.0,87.4,0.0,22.0,
2021-11-01,Telangana,telangana,17.45,0.0,43.7,0.0,11.0,
2021-12-01,Telangana,telangana,10.469999999999999,0.0,26.22,0.0,6.6,
2022-01-01,Telangana,telangana,179.44,0.0,12.22,0.0,132.16,
2022-02-01,Telangana,telangana,179.44,0.0,12.22,0.0,132.16,
2022-03-01,Telangana,telangana,269.15999999999997,0.0,18.33,0.0,198.23999999999998,
2022-04-01,Telangana,telangana,358.88,0.0,24.44,0.0,264.32,
2022-05-01,Telangana,telangana,448.6,0.0,30.55,0.0,330.40000000000003,
2022-06-01,Telangana,telangana,717.76,0.0,48.88,0.0,528.64,
2022-07-01,Telangana,telangana,1614.96,0.0,109.97999999999999,0.0,1189.44,
2022-08-01,Telangana,telangana,1973.84,0.0,134.42,0.0,1453.76,
2022-09-01,Telangana,telangana,1614.96,0.0,109.97999999999999,0.0,1189.44,
2022-10-01,Telangana,telangana,897.2,0.0,61.1,0.0,660.8000000000001,
2022-11-01,Telangana,telangana,448.6,0.0,30.55,0.0,330.40000000000003,
2022-12-01,Telangana,telangana,269.15999999999997,0.0,18.33,0.0,198.23999999999998,
2001-01-01,Tripura,tripura,,,370.04,0.18,,
2001-02-01,Tripura,tripura,,,370.04,0.18,,
2001-03-01,Tripura,tripura,,,555.06,0.27,,
2001-04-01,Tripura,tripura,,,740.08,0.36,,
2001-05-01,Tripura,tripura,,,925.1,0.45,,
2001-06-01,Tripura,tripura,,,1480.16,0.72,,
2001-07-01,Tripura,tripura,,,3330.3599999999997,1.6199999999999999,,
2001-08-01,Tripura,tripura,,,4070.44,1.98,,
2001-09-01,Tripura,tripura,,,3330.3599999999997,1.6199999999999999,,
2001-10-01,Tripura,tripura,,,1850.2,0.9,,
2001-11-01,Tripura,tripura,,,925.1,0.45,,
2001-12-01,Tripura,tripura,,,555.06,0.27,,
2002-01-01,Tripura,tripura,,,266.38,0.1,,
2002-02-01,Tripura,tripura,,,266.38,0.1,,
2002-03-01,Tripura,tripura,,,399.57,0.15,,
2002-04-01,Tripura,tripura,,,532.76,0.2,,
2002-05-01,Tripura,tripura,,,665.95,0.25,,
2002-06-01,Tripura,tripura,,,1065.52,0.4,,
2002-07-01,Tripura,tripura,,,2397.42,0.8999999999999999,,
2002-08-01,Tripura,tripura,,,2930.18,1.1,,
2002-09-01,Tripura,tripura,,,2397.42,0.8999999999999999,,
2002-10-01,Tripura,tripura,,,1331.9,0.5,,
2002-11-01,Tripura,tripura,,,665.95,0.25,,
2002-12-01,Tripura,tripura,,,399.57,0.15,,
2003-01-01,Tripura,tripura,,,276.14,0.26,,
2003-02-01,Tripura,tripura,,,276.14,0.26,,
2003-03-01,Tripura,tripura,,,414.21,0.39,,
2003-04-01,Tripura,tripura,,,552.28,0.52,,
2003-05-01,Tripura,tripura,,,690.35,0.65,,
2003-06-01,Tripura,tripura,,,1104.56,1.04,,
2003-07-01,Tripura,tripura,,,2485.2599999999998,2.34,,
2003-08-01,Tripura,tripura,,,3037.54,2.86,,
2003-09-01,Tripura,tripura,,,2485.2599999999998,2.34,,
2003-10-01,Tripura,tripura,,,1380.7,1.3,,
2003-11-01,Tripura,tripura,,,690.35,0.65,,
2003-12-01,Tripura,tripura,,,414.21,0.39,,
2004-01-01,Tripura,tripura,,,349.06,0.32,,
2004-02-01,Tripura,tripura,,,349.06,0.32,,
2004-03-01,Tripura,tripura,,,523.59,0.48,,
2004-04-01,Tripura,tripura,,,698.12,0.64,,
2004-05-01,Tripura,tripura,,,872.6500000000001,0.8,,
2004-06-01,Tripura,tripura,,,1396.24,1.28,,
2004-07-01,Tripura,tripura,,,3141.54,2.88,,
2004-08-01,Tripura,tripura,,,3839.66,3.52,,
2004-09-01,Tripura,tripura,,,3141.54,2.88,,
2004-10-01,Tripura,tripura,,,1745.3000000000002,1.6,,
2004-11-01,Tripura,tripura,,,872.6500000000001,0.8,,
2004-12-01,Tripura,tripura,,,523.59,0.48,,
2005-01-01,Tripura,tripura,,,360.16,0.4,,
2005-02-01,Tripura,tripura,,,360.16,0.4,,
2005-03-01,Tripura,tripura,,,540.24,0.6,,
2005-04-01,Tripura,tripura,,,720.32,0.8,,
2005-05-01,Tripura,tripura,,,900.4000000000001,1.0,,
2005-06-01,Tripura,tripura,,,1440.64,1.6,,
2005-07-01,Tripura,tripura,,,3241.44,3.5999999999999996,,
2005-08-01,Tripura,tripura,,,3961.76,4.4,,
2005-09-01,Tripura,tripura,,,3241.44,3.5999999999999996,,
2005-10-01,Tripura,tripura,,,1800.8000000000002,2.0,,
2005-11-01,Tripura,tripura,,,900.4000000000001,1.0,,
2005-12-01,Tripura,tripura,,,540.24,0.6,,
2006-01-01,Tripura,tripura,,,467.5,0.62,,
2006-02-01,Tripura,tripura,,,467.5,0.62,,
2006-03-01,Tripura,tripura,,,701.25,0.9299999999999999,,
2006-04-01,Tripura,tripura,,,935.0,1.24,,
2006-05-01,Tripura,tripura,,,1168.75,1.55,,
2006-06-01,Tripura,tripura,,,1870.0,2.48,,
2006-07-01,Tripura,tripura,,,4207.5,5.58,,
2006-08-01,Tripura,tripura,,,5142.5,6.82,,
2006-09-01,Tripura,tripura,,,4207.5,5.58,,
2006-10-01,Tripura,tripura,,,2337.5,3.1,,
2006-11-01,Tripura,tripura,,,1168.75,1.55,,
2006-12-01,Tripura,tripura,,,701.25,0.9299999999999999,,
2007-01-01,Tripura,tripura,,,369.48,1.02,,
2007-02-01,Tripura,tripura,,,369.48,1.02,,
2007-03-01,Tripura,tripura,,,554.22,1.53,,
2007-04-01,Tripura,tripura,,,738.96,2.04,,
2007-05-01,Tripura,tripura,,,923.7,2.5500000000000003,,
2007-06-01,Tripura,tripura,,,1477.92,4.08,,
2007-07-01,Tripura,tripura,,,3325.3199999999997,9.18,,
2007-08-01,Tripura,tripura,,,4064.28,11.22,,
2007-09-01,Tripura,tripura,,,3325.3199999999997,9.18,,
2007-10-01,Tripura,tripura,,,1847.4,5.1000000000000005,,
2007-11-01,Tripura,tripura,,,923.7,2.5500000000000003,,
2007-12-01,Tripura,tripura,,,554.22,1.53,,
2008-01-01,Tripura,tripura,0.0,0.0,517.88,1.02,0.0,
2008-02-01,Tripura,tripura,0.0,0.0,517.88,1.02,0.0,
2008-03-01,Tripura,tripura,0.0,0.0,776.8199999999999,1.53,0.0,
2008-04-01,Tripura,tripura,0.0,0.0,1035.76,2.04,0.0,
2008-05-01,Tripura,tripura,0.0,0.0,1294.7,2.5500000000000003,0.0,
2008-06-01,Tripura,tripura,0.0,0.0,2071.52,4.08,0.0,
2008-07-01,Tripura,tripura,0.0,0.0,4660.92,9.18,0.0,
2008-08-01,Tripura,tripura,0.0,0.0,5696.68,11.22,0.0,
2008-09-01,Tripura,tripura,0.0,0.0,4660.92,9.18,0.0,
2008-10-01,Tripura,tripura,0.0,0.0,2589.4,5.1000000000000005,0.0,
2008-11-01,Tripura,tripura,0.0,0.0,1294.7,2.5500000000000003,0.0,
2008-12-01,Tripura,tripura,0.0,0.0,776.8199999999999,1.53,0.0,
2009-01-01,Tripura,tripura,0.0,0.0,488.6,1.24,0.0,
2009-02-01,Tripura,tripura,0.0,0.0,488.6,1.24,0.0,
2009-03-01,Tripura,tripura,0.0,0.0,732.9,1.8599999999999999,0.0,
2009-04-01,Tripura,tripura,0.0,0.0,977.2,2.48,0.0,
2009-05-01,Tripura,tripura,0.0,0.0,1221.5,3.1,0.0,
2009-06-01,Tripura,tripura,0.0,0.0,1954.4,4.96,0.0,
2009-07-01,Tripura,tripura,0.0,0.0,4397.4,11.16,0.0,
2009-08-01,Tripura,tripura,0.0,0.0,5374.6,13.64,0.0,
2009-09-01,Tripura,tripura,0.0,0.0,4397.4,11.16,0.0,
2009-10-01,Tripura,tripura,0.0,0.0,2443.0,6.2,0.0,
2009-11-01,Tripura,tripura,0.0,0.0,1221.5,3.1,0.0,
2009-12-01,Tripura,tripura,0.0,0.0,732.9,1.8599999999999999,0.0,
2010-01-01,Tripura,tripura,0.0,0.0,478.78000000000003,0.3,0.0,
2010-02-01,Tripura,tripura,0.0,0.0,478.78000000000003,0.3,0.0,
2010-03-01,Tripura,tripura,0.0,0.0,718.17,0.44999999999999996,0.0,
2010-04-01,Tripura,tripura,0.0,0.0,957.5600000000001,0.6,0.0,
2010-05-01,Tripura,tripura,0.0,0.0,1196.95,0.75,0.0,
2010-06-01,Tripura,tripura,0.0,0.0,1915.1200000000001,1.2,0.0,
2010-07-01,Tripura,tripura,0.0,0.0,4309.0199999999995,2.6999999999999997,0.0,
2010-08-01,Tripura,tripura,0.0,0.0,5266.58,3.3,0.0,
2010-09-01,Tripura,tripura,0.0,0.0,4309.0199999999995,2.6999999999999997,0.0,
2010-10-01,Tripura,tripura,0.0,0.0,2393.9,1.5,0.0,
2010-11-01,Tripura,tripura,0.0,0.0,1196.95,0.75,0.0,
2010-12-01,Tripura,tripura,0.0,0.0,718.17,0.44999999999999996,0.0,
2011-01-01,Tripura,tripura,0.0,0.0,288.34000000000003,0.24,0.0,
2011-02-01,Tripura,tripura,0.0,0.0,288.34000000000003,0.24,0.0,
2011-03-01,Tripura,tripura,0.0,0.0,432.51,0.36,0.0,
2011-04-01,Tripura,tripura,0.0,0.0,576.6800000000001,0.48,0.0,
2011-05-01,Tripura,tripura,0.0,0.0,720.85,0.6000000000000001,0.0,
2011-06-01,Tripura,tripura,0.0,0.0,1153.3600000000001,0.96,0.0,
2011-07-01,Tripura,tripura,0.0,0.0,2595.06,2.16,0.0,
2011-08-01,Tripura,tripura,0.0,0.0,3171.7400000000002,2.64,0.0,
2011-09-01,Tripura,tripura,0.0,0.0,2595.06,2.16,0.0,
2011-10-01,Tripura,tripura,0.0,0.0,1441.7,1.2000000000000002,0.0,
2011-11-01,Tripura,tripura,0.0,0.0,720.85,0.6000000000000001,0.0,
2011-12-01,Tripura,tripura,0.0,0.0,432.51,0.36,0.0,
2012-01-01,Tripura,tripura,0.18,0.0,231.3,0.14,0.0,
2012-02-01,Tripura,tripura,0.18,0.0,231.3,0.14,0.0,
2012-03-01,Tripura,tripura,0.27,0.0,346.95,0.21,0.0,
2012-04-01,Tripura,tripura,0.36,0.0,462.6,0.28,0.0,
2012-05-01,Tripura,tripura,0.45,0.0,578.25,0.35000000000000003,0.0,
2012-06-01,Tripura,tripura,0.72,0.0,925.2,0.56,0.0,
2012-07-01,Tripura,tripura,1.6199999999999999,0.0,2081.7,1.26,0.0,
2012-08-01,Tripura,tripura,1.98,0.0,2544.3,1.54,0.0,
2012-09-01,Tripura,tripura,1.6199999999999999,0.0,2081.7,1.26,0.0,
2012-10-01,Tripura,tripura,0.9,0.0,1156.5,0.7000000000000001,0.0,
2012-11-01,Tripura,tripura,0.45,0.0,578.25,0.35000000000000003,0.0,
2012-12-01,Tripura,tripura,0.27,0.0,346.95,0.21,0.0,
2013-01-01,Tripura,tripura,0.16,0.0,147.92000000000002,0.14,0.0,
2013-02-01,Tripura,tripura,0.16,0.0,147.92000000000002,0.14,0.0,
2013-03-01,Tripura,tripura,0.24,0.0,221.88,0.21,0.0,
2013-04-01,Tripura,tripura,0.32,0.0,295.84000000000003,0.28,0.0,
2013-05-01,Tripura,tripura,0.4,0.0,369.8,0.35000000000000003,0.0,
2013-06-01,Tripura,tripura,0.64,0.0,591.6800000000001,0.56,0.0,
2013-07-01,Tripura,tripura,1.44,0.0,1331.28,1.26,0.0,
2013-08-01,Tripura,tripura,1.76,0.0,1627.1200000000001,1.54,0.0,
2013-09-01,Tripura,tripura,1.44,0.0,1331.28,1.26,0.0,
2013-10-01,Tripura,tripura,0.8,0.0,739.6,0.7000000000000001,0.0,
2013-11-01,Tripura,tripura,0.4,0.0,369.8,0.35000000000000003,0.0,
2013-12-01,Tripura,tripura,0.24,0.0,221.88,0.21,0.0,
2014-01-01,Tripura,tripura,,,1024.8,1.92,0.68,
2014-02-01,Tripura,tripura,,,1024.8,1.92,0.68,
2014-03-01,Tripura,tripura,,,1537.2,2.88,1.02,
2014-04-01,Tripura,tripura,,,2049.6,3.84,1.36,
2014-05-01,Tripura,tripura,,,2562.0,4.800000000000001,1.7000000000000002,
2014-06-01,Tripura,tripura,,,4099.2,7.68,2.72,
2014-07-01,Tripura,tripura,,,9223.199999999999,17.28,6.12,
2014-08-01,Tripura,tripura,,,11272.8,21.12,7.48,
2014-09-01,Tripura,tripura,,,9223.199999999999,17.28,6.12,
2014-10-01,Tripura,tripura,,,5124.0,9.600000000000001,3.4000000000000004,
2014-11-01,Tripura,tripura,,,2562.0,4.800000000000001,1.7000000000000002,
2014-12-01,Tripura,tripura,,,1537.2,2.88,1.02,
2015-01-01,Tripura,tripura,,,650.5,0.42,3.6,
2015-02-01,Tripura,tripura,,,650.5,0.42,3.6,
2015-03-01,Tripura,tripura,,,975.75,0.63,5.3999999999999995,
2015-04-01,Tripura,tripura,,,1301.0,0.84,7.2,
2015-05-01,Tripura,tripura,,,1626.25,1.05,9.0,
2015-06-01,Tripura,tripura,,,2602.0,1.68,14.4,
2015-07-01,Tripura,tripura,,,5854.5,3.78,32.4,
2015-08-01,Tripura,tripura,,,7155.5,4.62,39.6,
2015-09-01,Tripura,tripura,,,5854.5,3.78,32.4,
2015-10-01,Tripura,tripura,,,3252.5,2.1,18.0,
2015-11-01,Tripura,tripura,,,1626.25,1.05,9.0,
2015-12-01,Tripura,tripura,,,975.75,0.63,5.3999999999999995,
2016-01-01,Tripura,tripura,,,210.92000000000002,0.28,6.22,
2016-02-01,Tripura,tripura,,,210.92000000000002,0.28,6.22,
2016-03-01,Tripura,tripura,,,316.38,0.42,9.33,
2016-04-01,Tripura,tripura,,,421.84000000000003,0.56,12.44,
2016-05-01,Tripura,tripura,,,527.3000000000001,0.7000000000000001,15.55,
2016-06-01,Tripura,tripura,,,843.6800000000001,1.12,24.88,
2016-07-01,Tripura,tripura,,,1898.28,2.52,55.98,
2016-08-01,Tripura,tripura,,,2320.12,3.08,68.42,
2016-09-01,Tripura,tripura,,,1898.28,2.52,55.98,
2016-10-01,Tripura,tripura,,,1054.6000000000001,1.4000000000000001,31.1,
2016-11-01,Tripura,tripura,,,527.3000000000001,0.7000000000000001,15.55,
2016-12-01,Tripura,tripura,,,316.38,0.42,9.33,
2017-01-01,Tripura,tripura,2.54,0.0,141.02,0.12,11.48,
2017-02-01,Tripura,tripura,2.54,0.0,141.02,0.12,11.48,
2017-03-01,Tripura,tripura,3.81,0.0,211.53,0.18,17.22,
2017-04-01,Tripura,tripura,5.08,0.0,282.04,0.24,22.96,
2017-05-01,Tripura,tripura,6.3500000000000005,0.0,352.55,0.30000000000000004,28.700000000000003,
2017-06-01,Tripura,tripura,10.16,0.0,564.08,0.48,45.92,
2017-07-01,Tripura,tripura,22.86,0.0,1269.18,1.08,103.32,
2017-08-01,Tripura,tripura,27.94,0.0,1551.22,1.32,126.28,
2017-09-01,Tripura,tripura,22.86,0.0,1269.18,1.08,103.32,
2017-10-01,Tripura,tripura,12.700000000000001,0.0,705.1,0.6000000000000001,57.400000000000006,
2017-11-01,Tripura,tripura,6.3500000000000005,0.0,352.55,0.30000000000000004,28.700000000000003,
2017-12-01,Tripura,tripura,3.81,0.0,211.53,0.18,17.22,
2018-01-01,Tripura,tripura,2.0,0.0,261.58,0.26,13.66,
2018-02-01,Tripura,tripura,2.0,0.0,261.58,0.26,13.66,
2018-03-01,Tripura,tripura,3.0,0.0,392.37,0.39,20.49,
2018-04-01,Tripura,tripura,4.0,0.0,523.16,0.52,27.32,
2018-05-01,Tripura,tripura,5.0,0.0,653.95,0.65,34.15,
2018-06-01,Tripura,tripura,8.0,0.0,1046.32,1.04,54.64,
2018-07-01,Tripura,tripura,18.0,0.0,2354.22,2.34,122.94,
2018-08-01,Tripura,tripura,22.0,0.0,2877.38,2.86,150.26,
2018-09-01,Tripura,tripura,18.0,0.0,2354.22,2.34,122.94,
2018-10-01,Tripura,tripura,10.0,0.0,1307.9,1.3,68.3,
2018-11-01,Tripura,tripura,5.0,0.0,653.95,0.65,34.15,
2018-12-01,Tripura,tripura,3.0,0.0,392.37,0.39,20.49,
2019-01-01,Tripura,tripura,2.2800000000000002,0.0,248.74,0.02,22.1,
2019-02-01,Tripura,tripura,2.2800000000000002,0.0,248.74,0.02,22.1,
2019-03-01,Tripura,tripura,3.42,0.0,373.11,0.03,33.15,
2019-04-01,Tripura,tripura,4.5600000000000005,0.0,497.48,0.04,44.2,
2019-05-01,Tripura,tripura,5.7,0.0,621.85,0.05,55.25,
2019-06-01,Tripura,tripura,9.120000000000001,0.0,994.96,0.08,88.4,
2019-07-01,Tripura,tripura,20.52,0.0,2238.66,0.18,198.9,
2019-08-01,Tripura,tripura,25.080000000000002,0.0,2736.14,0.22,243.1,
2019-09-01,Tripura,tripura,20.52,0.0,2238.66,0.18,198.9,
2019-10-01,Tripura,tripura,11.4,0.0,1243.7,0.1,110.5,
2019-11-01,Tripura,tripura,5.7,0.0,621.85,0.05,55.25,
2019-12-01,Tripura,tripura,3.42,0.0,373.11,0.03,33.15,
2020-01-01,Tripura,tripura,0.48,0.0,67.9,0.04,9.08,
2020-02-01,Tripura,tripura,0.48,0.0,67.9,0.04,9.08,
2020-03-01,Tripura,tripura,0.72,0.0,101.85,0.06,13.62,
2020-04-01,Tripura,tripura,0.96,0.0,135.8,0.08,18.16,
2020-05-01,Tripura,tripura,1.2000000000000002,0.0,169.75,0.1,22.700000000000003,
2020-06-01,Tripura,tripura,1.92,0.0,271.6,0.16,36.32,
2020-07-01,Tripura,tripura,4.32,0.0,611.1,0.36,81.72,
2020-08-01,Tripura,tripura,5.28,0.0,746.9,0.44,99.88,
2020-09-01,Tripura,tripura,4.32,0.0,611.1,0.36,81.72,
2020-10-01,Tripura,tripura,2.4000000000000004,0.0,339.5,0.2,45.400000000000006,
2020-11-01,Tripura,tripura,1.2000000000000002,0.0,169.75,0.1,22.700000000000003,
2020-12-01,Tripura,tripura,0.72,0.0,101.85,0.06,13.62,
2021-01-01,Tripura,tripura,142.70000000000002,0.0,202.72,0.08,18.96,
2021-02-01,Tripura,tripura,142.70000000000002,0.0,202.72,0.08,18.96,
2021-03-01,Tripura,tripura,214.04999999999998,0.0,304.08,0.12,28.439999999999998,
2021-04-01,Tripura,tripura,285.40000000000003,0.0,405.44,0.16,37.92,
2021-05-01,Tripura,tripura,356.75,0.0,506.8,0.2,47.400000000000006,
2021-06-01,Tripura,tripura,570.8000000000001,0.0,810.88,0.32,75.84,
2021-07-01,Tripura,tripura,1284.3,0.0,1824.48,0.72,170.64,
2021-08-01,Tripura,tripura,1569.7,0.0,2229.92,0.88,208.56,
2021-09-01,Tripura,tripura,1284.3,0.0,1824.48,0.72,170.64,
2021-10-01,Tripura,tripura,713.5,0.0,1013.6,0.4,94.80000000000001,
2021-11-01,Tripura,tripura,356.75,0.0,506.8,0.2,47.400000000000006,
2021-12-01,Tripura,tripura,214.04999999999998,0.0,304.08,0.12,28.439999999999998,
2022-01-01,Tripura,tripura,1.1,0.0,255.42000000000002,0.04,18.38,
2022-02-01,Tripura,tripura,1.1,0.0,255.42000000000002,0.04,18.38,
2022-03-01,Tripura,tripura,1.65,0.0,383.13,0.06,27.57,
2022-04-01,Tripura,tripura,2.2,0.0,510.84000000000003,0.08,36.76,
2022-05-01,Tripura,tripura,2.75,0.0,638.5500000000001,0.1,45.95,
2022-06-01,Tripura,tripura,4.4,0.0,1021.6800000000001,0.16,73.52,
2022-07-01,Tripura,tripura,9.9,0.0,2298.7799999999997,0.36,165.42,
2022-08-01,Tripura,tripura,12.1,0.0,2809.62,0.44,202.18,
2022-09-01,Tripura,tripura,9.9,0.0,2298.7799999999997,0.36,165.42,
2022-10-01,Tripura,tripura,5.5,0.0,1277.1000000000001,0.2,91.9,
2022-11-01,Tripura,tripura,2.75,0.0,638.5500000000001,0.1,45.95,
2022-12-01,Tripura,tripura,1.65,0.0,383.13,0.06,27.57,
1999-01-01,Uttar Pradesh,uttar_pradesh,0.56,0.0,,,,
1999-02-01,Uttar Pradesh,uttar_pradesh,0.56,0.0,,,,
1999-03-01,Uttar Pradesh,uttar_pradesh,0.84,0.0,,,,
1999-04-01,Uttar Pradesh,uttar_pradesh,1.12,0.0,,,,
1999-05-01,Uttar Pradesh,uttar_pradesh,1.4000000000000001,0.0,,,,
1999-06-01,Uttar Pradesh,uttar_pradesh,2.24,0.0,,,,
1999-07-01,Uttar Pradesh,uttar_pradesh,5.04,0.0,,,,
1999-08-01,Uttar Pradesh,uttar_pradesh,6.16,0.0,,,,
1999-09-01,Uttar Pradesh,uttar_pradesh,5.04,0.0,,,,
1999-10-01,Uttar Pradesh,uttar_pradesh,2.8000000000000003,0.0,,,,
1999-11-01,Uttar Pradesh,uttar_pradesh,1.4000000000000001,0.0,,,,
1999-12-01,Uttar Pradesh,uttar_pradesh,0.84,0.0,,,,
2000-01-01,Uttar Pradesh,uttar_pradesh,0.0,0.0,,,,
2000-02-01,Uttar Pradesh,uttar_pradesh,0.0,0.0,,,,
2000-03-01,Uttar Pradesh,uttar_pradesh,0.0,0.0,,,,
2000-04-01,Uttar Pradesh,uttar_pradesh,0.0,0.0,,,,
2000-05-01,Uttar Pradesh,uttar_pradesh,0.0,0.0,,,,
2000-06-01,Uttar Pradesh,uttar_pradesh,0.0,0.0,,,,
2000-07-01,Uttar Pradesh,uttar_pradesh,0.0,0.0,,,,
2000-08-01,Uttar Pradesh,uttar_pradesh,0.0,0.0,,,,
2000-09-01,Uttar Pradesh,uttar_pradesh,0.0,0.0,,,,
2000-10-01,Uttar Pradesh,uttar_pradesh,0.0,0.0,,,,
2000-11-01,Uttar Pradesh,uttar_pradesh,0.0,0.0,,,,
2000-12-01,Uttar Pradesh,uttar_pradesh,0.0,0.0,,,,
2001-01-01,Uttar Pradesh,uttar_pradesh,0.42,0.0,1890.48,0.3,,
2001-02-01,Uttar Pradesh,uttar_pradesh,0.42,0.0,1890.48,0.3,,
2001-03-01,Uttar Pradesh,uttar_pradesh,0.63,0.0,2835.72,0.44999999999999996,,
2001-04-01,Uttar Pradesh,uttar_pradesh,0.84,0.0,3780.96,0.6,,
2001-05-01,Uttar Pradesh,uttar_pradesh,1.05,0.0,4726.2,0.75,,
2001-06-01,Uttar Pradesh,uttar_pradesh,1.68,0.0,7561.92,1.2,,
2001-07-01,Uttar Pradesh,uttar_pradesh,3.78,0.0,17014.32,2.6999999999999997,,
2001-08-01,Uttar Pradesh,uttar_pradesh,4.62,0.0,20795.28,3.3,,
2001-09-01,Uttar Pradesh,uttar_pradesh,3.78,0.0,17014.32,2.6999999999999997,,
2001-10-01,Uttar Pradesh,uttar_pradesh,2.1,0.0,9452.4,1.5,,
2001-11-01,Uttar Pradesh,uttar_pradesh,1.05,0.0,4726.2,0.75,,
2001-12-01,Uttar Pradesh,uttar_pradesh,0.63,0.0,2835.72,0.44999999999999996,,
2002-01-01,Uttar Pradesh,uttar_pradesh,0.0,0.0,1803.98,0.0,,
2002-02-01,Uttar Pradesh,uttar_pradesh,0.0,0.0,1803.98,0.0,,
2002-03-01,Uttar Pradesh,uttar_pradesh,0.0,0.0,2705.97,0.0,,
2002-04-01,Uttar Pradesh,uttar_pradesh,0.0,0.0,3607.96,0.0,,
2002-05-01,Uttar Pradesh,uttar_pradesh,0.0,0.0,4509.95,0.0,,
2002-06-01,Uttar Pradesh,uttar_pradesh,0.0,0.0,7215.92,0.0,,
2002-07-01,Uttar Pradesh,uttar_pradesh,0.0,0.0,16235.82,0.0,,
2002-08-01,Uttar Pradesh,uttar_pradesh,0.0,0.0,19843.78,0.0,,
2002-09-01,Uttar Pradesh,uttar_pradesh,0.0,0.0,16235.82,0.0,,
2002-10-01,Uttar Pradesh,uttar_pradesh,0.0,0.0,9019.9,0.0,,
2002-11-01,Uttar Pradesh,uttar_pradesh,0.0,0.0,4509.95,0.0,,
2002-12-01,Uttar Pradesh,uttar_pradesh,0.0,0.0,2705.97,0.0,,
2003-01-01,Uttar Pradesh,uttar_pradesh,14.76,0.16,2028.22,0.0,,
2003-02-01,Uttar Pradesh,uttar_pradesh,14.76,0.16,2028.22,0.0,,
2003-03-01,Uttar Pradesh,uttar_pradesh,22.14,0.24,3042.33,0.0,,
2003-04-01,Uttar Pradesh,uttar_pradesh,29.52,0.32,4056.44,0.0,,
2003-05-01,Uttar Pradesh,uttar_pradesh,36.9,0.4,5070.55,0.0,,
2003-06-01,Uttar Pradesh,uttar_pradesh,59.04,0.64,8112.88,0.0,,
2003-07-01,Uttar Pradesh,uttar_pradesh,132.84,1.44,18253.98,0.0,,
2003-08-01,Uttar Pradesh,uttar_pradesh,162.36,1.76,22310.420000000002,0.0,,
2003-09-01,Uttar Pradesh,uttar_pradesh,132.84,1.44,18253.98,0.0,,
2003-10-01,Uttar Pradesh,uttar_pradesh,73.8,0.8,10141.1,0.0,,
2003-11-01,Uttar Pradesh,uttar_pradesh,36.9,0.4,5070.55,0.0,,
2003-12-01,Uttar Pradesh,uttar_pradesh,22.14,0.24,3042.33,0.0,,
2004-01-01,Uttar Pradesh,uttar_pradesh,0.16,0.0,1717.3600000000001,0.0,,
2004-02-01,Uttar Pradesh,uttar_pradesh,0.16,0.0,1717.3600000000001,0.0,,
2004-03-01,Uttar Pradesh,uttar_pradesh,0.24,0.0,2576.04,0.0,,
2004-04-01,Uttar Pradesh,uttar_pradesh,0.32,0.0,3434.7200000000003,0.0,,
2004-05-01,Uttar Pradesh,uttar_pradesh,0.4,0.0,4293.400000000001,0.0,,
2004-06-01,Uttar Pradesh,uttar_pradesh,0.64,0.0,6869.4400000000005,0.0,,
2004-07-01,Uttar Pradesh,uttar_pradesh,1.44,0.0,15456.24,0.0,,
2004-08-01,Uttar Pradesh,uttar_pradesh,1.76,0.0,18890.96,0.0,,
2004-09-01,Uttar Pradesh,uttar_pradesh,1.44,0.0,15456.24,0.0,,
2004-10-01,Uttar Pradesh,uttar_pradesh,0.8,0.0,8586.800000000001,0.0,,
2004-11-01,Uttar Pradesh,uttar_pradesh,0.4,0.0,4293.400000000001,0.0,,
2004-12-01,Uttar Pradesh,uttar_pradesh,0.24,0.0,2576.04,0.0,,
2005-01-01,Uttar Pradesh,uttar_pradesh,2.42,0.08,2106.06,0.0,,
2005-02-01,Uttar Pradesh,uttar_pradesh,2.42,0.08,2106.06,0.0,,
2005-03-01,Uttar Pradesh,uttar_pradesh,3.63,0.12,3159.0899999999997,0.0,,
2005-04-01,Uttar Pradesh,uttar_pradesh,4.84,0.16,4212.12,0.0,,
2005-05-01,Uttar Pradesh,uttar_pradesh,6.050000000000001,0.2,5265.150000000001,0.0,,
2005-06-01,Uttar Pradesh,uttar_pradesh,9.68,0.32,8424.24,0.0,,
2005-07-01,Uttar Pradesh,uttar_pradesh,21.779999999999998,0.72,18954.54,0.0,,
2005-08-01,Uttar Pradesh,uttar_pradesh,26.62,0.88,23166.66,0.0,,
2005-09-01,Uttar Pradesh,uttar_pradesh,21.779999999999998,0.72,18954.54,0.0,,
2005-10-01,Uttar Pradesh,uttar_pradesh,12.100000000000001,0.4,10530.300000000001,0.0,,
2005-11-01,Uttar Pradesh,uttar_pradesh,6.050000000000001,0.2,5265.150000000001,0.0,,
2005-12-01,Uttar Pradesh,uttar_pradesh,3.63,0.12,3159.0899999999997,0.0,,
2006-01-01,Uttar Pradesh,uttar_pradesh,12.780000000000001,0.28,1831.32,0.0,0.08,
2006-02-01,Uttar Pradesh,uttar_pradesh,12.780000000000001,0.28,1831.32,0.0,0.08,
2006-03-01,Uttar Pradesh,uttar_pradesh,19.169999999999998,0.42,2746.98,0.0,0.12,
2006-04-01,Uttar Pradesh,uttar_pradesh,25.560000000000002,0.56,3662.64,0.0,0.16,
2006-05-01,Uttar Pradesh,uttar_pradesh,31.950000000000003,0.7000000000000001,4578.3,0.0,0.2,
2006-06-01,Uttar Pradesh,uttar_pradesh,51.120000000000005,1.12,7325.28,0.0,0.32,
2006-07-01,Uttar Pradesh,uttar_pradesh,115.02,2.52,16481.88,0.0,0.72,
2006-08-01,Uttar Pradesh,uttar_pradesh,140.58,3.08,20144.52,0.0,0.88,
2006-09-01,Uttar Pradesh,uttar_pradesh,115.02,2.52,16481.88,0.0,0.72,
2006-10-01,Uttar Pradesh,uttar_pradesh,63.900000000000006,1.4000000000000001,9156.6,0.0,0.4,
2006-11-01,Uttar Pradesh,uttar_pradesh,31.950000000000003,0.7000000000000001,4578.3,0.0,0.2,
2006-12-01,Uttar Pradesh,uttar_pradesh,19.169999999999998,0.42,2746.98,0.0,0.12,
2007-01-01,Uttar Pradesh,uttar_pradesh,2.64,0.04,1650.76,0.0,0.06,
2007-02-01,Uttar Pradesh,uttar_pradesh,2.64,0.04,1650.76,0.0,0.06,
2007-03-01,Uttar Pradesh,uttar_pradesh,3.96,0.06,2476.14,0.0,0.09,
2007-04-01,Uttar Pradesh,uttar_pradesh,5.28,0.08,3301.52,0.0,0.12,
2007-05-01,Uttar Pradesh,uttar_pradesh,6.6000000000000005,0.1,4126.900000000001,0.0,0.15000000000000002,
2007-06-01,Uttar Pradesh,uttar_pradesh,10.56,0.16,6603.04,0.0,0.24,
2007-07-01,Uttar Pradesh,uttar_pradesh,23.759999999999998,0.36,14856.84,0.0,0.54,
2007-08-01,Uttar Pradesh,uttar_pradesh,29.04,0.44,18158.36,0.0,0.66,
2007-09-01,Uttar Pradesh,uttar_pradesh,23.759999999999998,0.36,14856.84,0.0,0.54,
2007-10-01,Uttar Pradesh,uttar_pradesh,13.200000000000001,0.2,8253.800000000001,0.0,0.30000000000000004,
2007-11-01,Uttar Pradesh,uttar_pradesh,6.6000000000000005,0.1,4126.900000000001,0.0,0.15000000000000002,
2007-12-01,Uttar Pradesh,uttar_pradesh,3.96,0.06,2476.14,0.0,0.09,
2008-01-01,Uttar Pradesh,uttar_pradesh,1.02,0.04,1867.66,0.0,0.22,
2008-02-01,Uttar Pradesh,uttar_pradesh,1.02,0.04,1867.66,0.0,0.22,
2008-03-01,Uttar Pradesh,uttar_pradesh,1.53,0.06,2801.49,0.0,0.32999999999999996,
2008-04-01,Uttar Pradesh,uttar_pradesh,2.04,0.08,3735.32,0.0,0.44,
2008-05-01,Uttar Pradesh,uttar_pradesh,2.5500000000000003,0.1,4669.150000000001,0.0,0.55,
2008-06-01,Uttar Pradesh,uttar_pradesh,4.08,0.16,7470.64,0.0,0.88,
2008-07-01,Uttar Pradesh,uttar_pradesh,9.18,0.36,16808.94,0.0,1.98,
2008-08-01,Uttar Pradesh,uttar_pradesh,11.22,0.44,20544.26,0.0,2.42,
2008-09-01,Uttar Pradesh,uttar_pradesh,9.18,0.36,16808.94,0.0,1.98,
2008-10-01,Uttar Pradesh,uttar_pradesh,5.1000000000000005,0.2,9338.300000000001,0.0,1.1,
2008-11-01,Uttar Pradesh,uttar_pradesh,2.5500000000000003,0.1,4669.150000000001,0.0,0.55,
2008-12-01,Uttar Pradesh,uttar_pradesh,1.53,0.06,2801.49,0.0,0.32999999999999996,
2009-01-01,Uttar Pradesh,uttar_pradesh,3.36,0.04,1108.74,0.0,0.0,
2009-02-01,Uttar Pradesh,uttar_pradesh,3.36,0.04,1108.74,0.0,0.0,
2009-03-01,Uttar Pradesh,uttar_pradesh,5.04,0.06,1663.11,0.0,0.0,
2009-04-01,Uttar Pradesh,uttar_pradesh,6.72,0.08,2217.48,0.0,0.0,
2009-05-01,Uttar Pradesh,uttar_pradesh,8.4,0.1,2771.8500000000004,0.0,0.0,
2009-06-01,Uttar Pradesh,uttar_pradesh,13.44,0.16,4434.96,0.0,0.0,
2009-07-01,Uttar Pradesh,uttar_pradesh,30.24,0.36,9978.66,0.0,0.0,
2009-08-01,Uttar Pradesh,uttar_pradesh,36.96,0.44,12196.14,0.0,0.0,
2009-09-01,Uttar Pradesh,uttar_pradesh,30.24,0.36,9978.66,0.0,0.0,
2009-10-01,Uttar Pradesh,uttar_pradesh,16.8,0.2,5543.700000000001,0.0,0.0,
2009-11-01,Uttar Pradesh,uttar_pradesh,8.4,0.1,2771.8500000000004,0.0,0.0,
2009-12-01,Uttar Pradesh,uttar_pradesh,5.04,0.06,1663.11,0.0,0.0,
2010-01-01,Uttar Pradesh,uttar_pradesh,19.2,0.16,1292.1200000000001,0.0,0.1,
2010-02-01,Uttar Pradesh,uttar_pradesh,19.2,0.16,1292.1200000000001,0.0,0.1,
2010-03-01,Uttar Pradesh,uttar_pradesh,28.799999999999997,0.24,1938.1799999999998,0.0,0.15,
2010-04-01,Uttar Pradesh,uttar_pradesh,38.4,0.32,2584.2400000000002,0.0,0.2,
2010-05-01,Uttar Pradesh,uttar_pradesh,48.0,0.4,3230.3,0.0,0.25,
2010-06-01,Uttar Pradesh,uttar_pradesh,76.8,0.64,5168.4800000000005,0.0,0.4,
2010-07-01,Uttar Pradesh,uttar_pradesh,172.79999999999998,1.44,11629.08,0.0,0.8999999999999999,
2010-08-01,Uttar Pradesh,uttar_pradesh,211.2,1.76,14213.32,0.0,1.1,
2010-09-01,Uttar Pradesh,uttar_pradesh,172.79999999999998,1.44,11629.08,0.0,0.8999999999999999,
2010-10-01,Uttar Pradesh,uttar_pradesh,96.0,0.8,6460.6,0.0,0.5,
2010-11-01,Uttar Pradesh,uttar_pradesh,48.0,0.4,3230.3,0.0,0.25,
2010-12-01,Uttar Pradesh,uttar_pradesh,28.799999999999997,0.24,1938.1799999999998,0.0,0.15,
2011-01-01,Uttar Pradesh,uttar_pradesh,3.1,0.1,1139.3600000000001,0.0,0.06,
2011-02-01,Uttar Pradesh,uttar_pradesh,3.1,0.1,1139.3600000000001,0.0,0.06,
2011-03-01,Uttar Pradesh,uttar_pradesh,4.6499999999999995,0.15,1709.04,0.0,0.09,
2011-04-01,Uttar Pradesh,uttar_pradesh,6.2,0.2,2278.7200000000003,0.0,0.12,
2011-05-01,Uttar Pradesh,uttar_pradesh,7.75,0.25,2848.4,0.0,0.15000000000000002,
2011-06-01,Uttar Pradesh,uttar_pradesh,12.4,0.4,4557.4400000000005,0.0,0.24,
2011-07-01,Uttar Pradesh,uttar_pradesh,27.9,0.8999999999999999,10254.24,0.0,0.54,
2011-08-01,Uttar Pradesh,uttar_pradesh,34.1,1.1,12532.960000000001,0.0,0.66,
2011-09-01,Uttar Pradesh,uttar_pradesh,27.9,0.8999999999999999,10254.24,0.0,0.54,
2011-10-01,Uttar Pradesh,uttar_pradesh,15.5,0.5,5696.8,0.0,0.30000000000000004,
2011-11-01,Uttar Pradesh,uttar_pradesh,7.75,0.25,2848.4,0.0,0.15000000000000002,
2011-12-01,Uttar Pradesh,uttar_pradesh,4.6499999999999995,0.15,1709.04,0.0,0.09,
2012-01-01,Uttar Pradesh,uttar_pradesh,6.84,0.08,948.0,0.0,0.26,
2012-02-01,Uttar Pradesh,uttar_pradesh,6.84,0.08,948.0,0.0,0.26,
2012-03-01,Uttar Pradesh,uttar_pradesh,10.26,0.12,1422.0,0.0,0.39,
2012-04-01,Uttar Pradesh,uttar_pradesh,13.68,0.16,1896.0,0.0,0.52,
2012-05-01,Uttar Pradesh,uttar_pradesh,17.1,0.2,2370.0,0.0,0.65,
2012-06-01,Uttar Pradesh,uttar_pradesh,27.36,0.32,3792.0,0.0,1.04,
2012-07-01,Uttar Pradesh,uttar_pradesh,61.559999999999995,0.72,8532.0,0.0,2.34,
2012-08-01,Uttar Pradesh,uttar_pradesh,75.24,0.88,10428.0,0.0,2.86,
2012-09-01,Uttar Pradesh,uttar_pradesh,61.559999999999995,0.72,8532.0,0.0,2.34,
2012-10-01,Uttar Pradesh,uttar_pradesh,34.2,0.4,4740.0,0.0,1.3,
2012-11-01,Uttar Pradesh,uttar_pradesh,17.1,0.2,2370.0,0.0,0.65,
2012-12-01,Uttar Pradesh,uttar_pradesh,10.26,0.12,1422.0,0.0,0.39,
2013-01-01,Uttar Pradesh,uttar_pradesh,28.28,0.1,966.9200000000001,0.0,0.0,
2013-02-01,Uttar Pradesh,uttar_pradesh,28.28,0.1,966.9200000000001,0.0,0.0,
2013-03-01,Uttar Pradesh,uttar_pradesh,42.42,0.15,1450.3799999999999,0.0,0.0,
2013-04-01,Uttar Pradesh,uttar_pradesh,56.56,0.2,1933.8400000000001,0.0,0.0,
2013-05-01,Uttar Pradesh,uttar_pradesh,70.7,0.25,2417.3,0.0,0.0,
2013-06-01,Uttar Pradesh,uttar_pradesh,113.12,0.4,3867.6800000000003,0.0,0.0,
2013-07-01,Uttar Pradesh,uttar_pradesh,254.51999999999998,0.8999999999999999,8702.279999999999,0.0,0.0,
2013-08-01,Uttar Pradesh,uttar_pradesh,311.08,1.1,10636.12,0.0,0.0,
2013-09-01,Uttar Pradesh,uttar_pradesh,254.51999999999998,0.8999999999999999,8702.279999999999,0.0,0.0,
2013-10-01,Uttar Pradesh,uttar_pradesh,141.4,0.5,4834.6,0.0,0.0,
2013-11-01,Uttar Pradesh,uttar_pradesh,70.7,0.25,2417.3,0.0,0.0,
2013-12-01,Uttar Pradesh,uttar_pradesh,42.42,0.15,1450.3799999999999,0.0,0.0,
2014-01-01,Uttar Pradesh,uttar_pradesh,,,832.24,0.0,0.08,
2014-02-01,Uttar Pradesh,uttar_pradesh,,,832.24,0.0,0.08,
2014-03-01,Uttar Pradesh,uttar_pradesh,,,1248.36,0.0,0.12,
2014-04-01,Uttar Pradesh,uttar_pradesh,,,1664.48,0.0,0.16,
2014-05-01,Uttar Pradesh,uttar_pradesh,,,2080.6,0.0,0.2,
2014-06-01,Uttar Pradesh,uttar_pradesh,,,3328.96,0.0,0.32,
2014-07-01,Uttar Pradesh,uttar_pradesh,,,7490.16,0.0,0.72,
2014-08-01,Uttar Pradesh,uttar_pradesh,,,9154.64,0.0,0.88,
2014-09-01,Uttar Pradesh,uttar_pradesh,,,7490.16,0.0,0.72,
2014-10-01,Uttar Pradesh,uttar_pradesh,,,4161.2,0.0,0.4,
2014-11-01,Uttar Pradesh,uttar_pradesh,,,2080.6,0.0,0.2,
2014-12-01,Uttar Pradesh,uttar_pradesh,,,1248.36,0.0,0.12,
2015-01-01,Uttar Pradesh,uttar_pradesh,,,855.34,0.0,0.0,
2015-02-01,Uttar Pradesh,uttar_pradesh,,,855.34,0.0,0.0,
2015-03-01,Uttar Pradesh,uttar_pradesh,,,1283.01,0.0,0.0,
2015-04-01,Uttar Pradesh,uttar_pradesh,,,1710.68,0.0,0.0,
2015-05-01,Uttar Pradesh,uttar_pradesh,,,2138.35,0.0,0.0,
2015-06-01,Uttar Pradesh,uttar_pradesh,,,3421.36,0.0,0.0,
2015-07-01,Uttar Pradesh,uttar_pradesh,,,7698.0599999999995,0.0,0.0,
2015-08-01,Uttar Pradesh,uttar_pradesh,,,9408.74,0.0,0.0,
2015-09-01,Uttar Pradesh,uttar_pradesh,,,7698.0599999999995,0.0,0.0,
2015-10-01,Uttar Pradesh,uttar_pradesh,,,4276.7,0.0,0.0,
2015-11-01,Uttar Pradesh,uttar_pradesh,,,2138.35,0.0,0.0,
2015-12-01,Uttar Pradesh,uttar_pradesh,,,1283.01,0.0,0.0,
2016-01-01,Uttar Pradesh,uttar_pradesh,,,814.0,0.0,49.160000000000004,
2016-02-01,Uttar Pradesh,uttar_pradesh,,,814.0,0.0,49.160000000000004,
2016-03-01,Uttar Pradesh,uttar_pradesh,,,1221.0,0.0,73.74,
2016-04-01,Uttar Pradesh,uttar_pradesh,,,1628.0,0.0,98.32000000000001,
2016-05-01,Uttar Pradesh,uttar_pradesh,,,2035.0,0.0,122.9,
2016-06-01,Uttar Pradesh,uttar_pradesh,,,3256.0,0.0,196.64000000000001,
2016-07-01,Uttar Pradesh,uttar_pradesh,,,7326.0,0.0,442.44,
2016-08-01,Uttar Pradesh,uttar_pradesh,,,8954.0,0.0,540.76,
2016-09-01,Uttar Pradesh,uttar_pradesh,,,7326.0,0.0,442.44,
2016-10-01,Uttar Pradesh,uttar_pradesh,,,4070.0,0.0,245.8,
2016-11-01,Uttar Pradesh,uttar_pradesh,,,2035.0,0.0,122.9,
2016-12-01,Uttar Pradesh,uttar_pradesh,,,1221.0,0.0,73.74,
2017-01-01,Uttar Pradesh,uttar_pradesh,61.84,0.56,646.9,0.0,2.06,
2017-02-01,Uttar Pradesh,uttar_pradesh,61.84,0.56,646.9,0.0,2.06,
2017-03-01,Uttar Pradesh,uttar_pradesh,92.75999999999999,0.84,970.3499999999999,0.0,3.09,
2017-04-01,Uttar Pradesh,uttar_pradesh,123.68,1.12,1293.8,0.0,4.12,
2017-05-01,Uttar Pradesh,uttar_pradesh,154.60000000000002,1.4000000000000001,1617.25,0.0,5.15,
2017-06-01,Uttar Pradesh,uttar_pradesh,247.36,2.24,2587.6,0.0,8.24,
2017-07-01,Uttar Pradesh,uttar_pradesh,556.56,5.04,5822.099999999999,0.0,18.54,
2017-08-01,Uttar Pradesh,uttar_pradesh,680.24,6.16,7115.9,0.0,22.66,
2017-09-01,Uttar Pradesh,uttar_pradesh,556.56,5.04,5822.099999999999,0.0,18.54,
2017-10-01,Uttar Pradesh,uttar_pradesh,309.20000000000005,2.8000000000000003,3234.5,0.0,10.3,
2017-11-01,Uttar Pradesh,uttar_pradesh,154.60000000000002,1.4000000000000001,1617.25,0.0,5.15,
2017-12-01,Uttar Pradesh,uttar_pradesh,92.75999999999999,0.84,970.3499999999999,0.0,3.09,
2018-01-01,Uttar Pradesh,uttar_pradesh,76.58,0.08,1729.72,0.0,1.16,
2018-02-01,Uttar Pradesh,uttar_pradesh,76.58,0.08,1729.72,0.0,1.16,
2018-03-01,Uttar Pradesh,uttar_pradesh,114.86999999999999,0.12,2594.58,0.0,1.74,
2018-04-01,Uttar Pradesh,uttar_pradesh,153.16,0.16,3459.44,0.0,2.32,
2018-05-01,Uttar Pradesh,uttar_pradesh,191.45000000000002,0.2,4324.3,0.0,2.9000000000000004,
2018-06-01,Uttar Pradesh,uttar_pradesh,306.32,0.32,6918.88,0.0,4.64,
2018-07-01,Uttar Pradesh,uttar_pradesh,689.22,0.72,15567.48,0.0,10.44,
2018-08-01,Uttar Pradesh,uttar_pradesh,842.38,0.88,19026.920000000002,0.0,12.76,
2018-09-01,Uttar Pradesh,uttar_pradesh,689.22,0.72,15567.48,0.0,10.44,
2018-10-01,Uttar Pradesh,uttar_pradesh,382.90000000000003,0.4,8648.6,0.0,5.800000000000001,
2018-11-01,Uttar Pradesh,uttar_pradesh,191.45000000000002,0.2,4324.3,0.0,2.9000000000000004,
2018-12-01,Uttar Pradesh,uttar_pradesh,114.86999999999999,0.12,2594.58,0.0,1.74,
2019-01-01,Uttar Pradesh,uttar_pradesh,211.14000000000001,0.52,1854.64,0.0,1.44,
2019-02-01,Uttar Pradesh,uttar_pradesh,211.14000000000001,0.52,1854.64,0.0,1.44,
2019-03-01,Uttar Pradesh,uttar_pradesh,316.71,0.78,2781.96,0.0,2.16,
2019-04-01,Uttar Pradesh,uttar_pradesh,422.28000000000003,1.04,3709.28,0.0,2.88,
2019-05-01,Uttar Pradesh,uttar_pradesh,527.85,1.3,4636.6,0.0,3.6,
2019-06-01,Uttar Pradesh,uttar_pradesh,844.5600000000001,2.08,7418.56,0.0,5.76,
2019-07-01,Uttar Pradesh,uttar_pradesh,1900.26,4.68,16691.76,0.0,12.959999999999999,
2019-08-01,Uttar Pradesh,uttar_pradesh,2322.54,5.72,20401.04,0.0,15.84,
2019-09-01,Uttar Pradesh,uttar_pradesh,1900.26,4.68,16691.76,0.0,12.959999999999999,
2019-10-01,Uttar Pradesh,uttar_pradesh,1055.7,2.6,9273.2,0.0,7.2,
2019-11-01,Uttar Pradesh,uttar_pradesh,527.85,1.3,4636.6,0.0,3.6,
2019-12-01,Uttar Pradesh,uttar_pradesh,316.71,0.78,2781.96,0.0,2.16,
2020-01-01,Uttar Pradesh,uttar_pradesh,74.3,0.12,573.36,0.0,1.06,
2020-02-01,Uttar Pradesh,uttar_pradesh,74.3,0.12,573.36,0.0,1.06,
2020-03-01,Uttar Pradesh,uttar_pradesh,111.45,0.18,860.04,0.0,1.5899999999999999,
2020-04-01,Uttar Pradesh,uttar_pradesh,148.6,0.24,1146.72,0.0,2.12,
2020-05-01,Uttar Pradesh,uttar_pradesh,185.75,0.30000000000000004,1433.4,0.0,2.6500000000000004,
2020-06-01,Uttar Pradesh,uttar_pradesh,297.2,0.48,2293.44,0.0,4.24,
2020-07-01,Uttar Pradesh,uttar_pradesh,668.6999999999999,1.08,5160.24,0.0,9.54,
2020-08-01,Uttar Pradesh,uttar_pradesh,817.3,1.32,6306.96,0.0,11.66,
2020-09-01,Uttar Pradesh,uttar_pradesh,668.6999999999999,1.08,5160.24,0.0,9.54,
2020-10-01,Uttar Pradesh,uttar_pradesh,371.5,0.6000000000000001,2866.8,0.0,5.300000000000001,
2020-11-01,Uttar Pradesh,uttar_pradesh,185.75,0.30000000000000004,1433.4,0.0,2.6500000000000004,
2020-12-01,Uttar Pradesh,uttar_pradesh,111.45,0.18,860.04,0.0,1.5899999999999999,
2021-01-01,Uttar Pradesh,uttar_pradesh,595.0,0.58,0.26,0.0,1.4000000000000001,
2021-02-01,Uttar Pradesh,uttar_pradesh,595.0,0.58,0.26,0.0,1.4000000000000001,
2021-03-01,Uttar Pradesh,uttar_pradesh,892.5,0.87,0.39,0.0,2.1,
2021-04-01,Uttar Pradesh,uttar_pradesh,1190.0,1.16,0.52,0.0,2.8000000000000003,
2021-05-01,Uttar Pradesh,uttar_pradesh,1487.5,1.4500000000000002,0.65,0.0,3.5,
2021-06-01,Uttar Pradesh,uttar_pradesh,2380.0,2.32,1.04,0.0,5.6000000000000005,
2021-07-01,Uttar Pradesh,uttar_pradesh,5355.0,5.22,2.34,0.0,12.6,
2021-08-01,Uttar Pradesh,uttar_pradesh,6545.0,6.38,2.86,0.0,15.4,
2021-09-01,Uttar Pradesh,uttar_pradesh,5355.0,5.22,2.34,0.0,12.6,
2021-10-01,Uttar Pradesh,uttar_pradesh,2975.0,2.9000000000000004,1.3,0.0,7.0,
2021-11-01,Uttar Pradesh,uttar_pradesh,1487.5,1.4500000000000002,0.65,0.0,3.5,
2021-12-01,Uttar Pradesh,uttar_pradesh,892.5,0.87,0.39,0.0,2.1,
2022-01-01,Uttar Pradesh,uttar_pradesh,396.42,0.66,140.78,0.0,4.0,
2022-02-01,Uttar Pradesh,uttar_pradesh,396.42,0.66,140.78,0.0,4.0,
2022-03-01,Uttar Pradesh,uttar_pradesh,594.63,0.99,211.17,0.0,6.0,
2022-04-01,Uttar Pradesh,uttar_pradesh,792.84,1.32,281.56,0.0,8.0,
2022-05-01,Uttar Pradesh,uttar_pradesh,991.0500000000001,1.6500000000000001,351.95000000000005,0.0,10.0,
2022-06-01,Uttar Pradesh,uttar_pradesh,1585.68,2.64,563.12,0.0,16.0,
2022-07-01,Uttar Pradesh,uttar_pradesh,3567.7799999999997,5.9399999999999995,1267.02,0.0,36.0,
2022-08-01,Uttar Pradesh,uttar_pradesh,4360.62,7.26,1548.58,0.0,44.0,
2022-09-01,Uttar Pradesh,uttar_pradesh,3567.7799999999997,5.9399999999999995,1267.02,0.0,36.0,
2022-10-01,Uttar Pradesh,uttar_pradesh,1982.1000000000001,3.3000000000000003,703.9000000000001,0.0,20.0,
2022-11-01,Uttar Pradesh,uttar_pradesh,991.0500000000001,1.6500000000000001,351.95000000000005,0.0,10.0,
2022-12-01,Uttar Pradesh,uttar_pradesh,594.63,0.99,211.17,0.0,6.0,
2001-01-01,Uttarakhand,uttarakhand,,,23.92,0.0,,
2001-02-01,Uttarakhand,uttarakhand,,,23.92,0.0,,
2001-03-01,Uttarakhand,uttarakhand,,,35.879999999999995,0.0,,
2001-04-01,Uttarakhand,uttarakhand,,,47.84,0.0,,
2001-05-01,Uttarakhand,uttarakhand,,,59.800000000000004,0.0,,
2001-06-01,Uttarakhand,uttarakhand,,,95.68,0.0,,
2001-07-01,Uttarakhand,uttarakhand,,,215.28,0.0,,
2001-08-01,Uttarakhand,uttarakhand,,,263.12,0.0,,
2001-09-01,Uttarakhand,uttarakhand,,,215.28,0.0,,
2001-10-01,Uttarakhand,uttarakhand,,,119.60000000000001,0.0,,
2001-11-01,Uttarakhand,uttarakhand,,,59.800000000000004,0.0,,
2001-12-01,Uttarakhand,uttarakhand,,,35.879999999999995,0.0,,
2002-01-01,Uttarakhand,uttarakhand,,,33.18,0.0,,
2002-02-01,Uttarakhand,uttarakhand,,,33.18,0.0,,
2002-03-01,Uttarakhand,uttarakhand,,,49.769999999999996,0.0,,
2002-04-01,Uttarakhand,uttarakhand,,,66.36,0.0,,
2002-05-01,Uttarakhand,uttarakhand,,,82.95,0.0,,
2002-06-01,Uttarakhand,uttarakhand,,,132.72,0.0,,
2002-07-01,Uttarakhand,uttarakhand,,,298.62,0.0,,
2002-08-01,Uttarakhand,uttarakhand,,,364.98,0.0,,
2002-09-01,Uttarakhand,uttarakhand,,,298.62,0.0,,
2002-10-01,Uttarakhand,uttarakhand,,,165.9,0.0,,
2002-11-01,Uttarakhand,uttarakhand,,,82.95,0.0,,
2002-12-01,Uttarakhand,uttarakhand,,,49.769999999999996,0.0,,
2003-01-01,Uttarakhand,uttarakhand,,,47.0,0.0,,
2003-02-01,Uttarakhand,uttarakhand,,,47.0,0.0,,
2003-03-01,Uttarakhand,uttarakhand,,,70.5,0.0,,
2003-04-01,Uttarakhand,uttarakhand,,,94.0,0.0,,
2003-05-01,Uttarakhand,uttarakhand,,,117.5,0.0,,
2003-06-01,Uttarakhand,uttarakhand,,,188.0,0.0,,
2003-07-01,Uttarakhand,uttarakhand,,,423.0,0.0,,
2003-08-01,Uttarakhand,uttarakhand,,,517.0,0.0,,
2003-09-01,Uttarakhand,uttarakhand,,,423.0,0.0,,
2003-10-01,Uttarakhand,uttarakhand,,,235.0,0.0,,
2003-11-01,Uttarakhand,uttarakhand,,,117.5,0.0,,
2003-12-01,Uttarakhand,uttarakhand,,,70.5,0.0,,
2004-01-01,Uttarakhand,uttarakhand,,,25.1,0.0,,
2004-02-01,Uttarakhand,uttarakhand,,,25.1,0.0,,
2004-03-01,Uttarakhand,uttarakhand,,,37.65,0.0,,
2004-04-01,Uttarakhand,uttarakhand,,,50.2,0.0,,
2004-05-01,Uttarakhand,uttarakhand,,,62.75,0.0,,
2004-06-01,Uttarakhand,uttarakhand,,,100.4,0.0,,
2004-07-01,Uttarakhand,uttarakhand,,,225.9,0.0,,
2004-08-01,Uttarakhand,uttarakhand,,,276.1,0.0,,
2004-09-01,Uttarakhand,uttarakhand,,,225.9,0.0,,
2004-10-01,Uttarakhand,uttarakhand,,,125.5,0.0,,
2004-11-01,Uttarakhand,uttarakhand,,,62.75,0.0,,
2004-12-01,Uttarakhand,uttarakhand,,,37.65,0.0,,
2005-01-01,Uttarakhand,uttarakhand,0.0,0.0,24.84,0.0,,
2005-02-01,Uttarakhand,uttarakhand,0.0,0.0,24.84,0.0,,
2005-03-01,Uttarakhand,uttarakhand,0.0,0.0,37.26,0.0,,
2005-04-01,Uttarakhand,uttarakhand,0.0,0.0,49.68,0.0,,
2005-05-01,Uttarakhand,uttarakhand,0.0,0.0,62.1,0.0,,
2005-06-01,Uttarakhand,uttarakhand,0.0,0.0,99.36,0.0,,
2005-07-01,Uttarakhand,uttarakhand,0.0,0.0,223.56,0.0,,
2005-08-01,Uttarakhand,uttarakhand,0.0,0.0,273.24,0.0,,
2005-09-01,Uttarakhand,uttarakhand,0.0,0.0,223.56,0.0,,
2005-10-01,Uttarakhand,uttarakhand,0.0,0.0,124.2,0.0,,
2005-11-01,Uttarakhand,uttarakhand,0.0,0.0,62.1,0.0,,
2005-12-01,Uttarakhand,uttarakhand,0.0,0.0,37.26,0.0,,
2006-01-01,Uttarakhand,uttarakhand,0.0,0.0,22.16,0.0,,
2006-02-01,Uttarakhand,uttarakhand,0.0,0.0,22.16,0.0,,
2006-03-01,Uttarakhand,uttarakhand,0.0,0.0,33.24,0.0,,
2006-04-01,Uttarakhand,uttarakhand,0.0,0.0,44.32,0.0,,
2006-05-01,Uttarakhand,uttarakhand,0.0,0.0,55.400000000000006,0.0,,
2006-06-01,Uttarakhand,uttarakhand,0.0,0.0,88.64,0.0,,
2006-07-01,Uttarakhand,uttarakhand,0.0,0.0,199.44,0.0,,
2006-08-01,Uttarakhand,uttarakhand,0.0,0.0,243.76,0.0,,
2006-09-01,Uttarakhand,uttarakhand,0.0,0.0,199.44,0.0,,
2006-10-01,Uttarakhand,uttarakhand,0.0,0.0,110.80000000000001,0.0,,
2006-11-01,Uttarakhand,uttarakhand,0.0,0.0,55.400000000000006,0.0,,
2006-12-01,Uttarakhand,uttarakhand,0.0,0.0,33.24,0.0,,
2007-01-01,Uttarakhand,uttarakhand,0.0,0.0,19.06,0.0,,
2007-02-01,Uttarakhand,uttarakhand,0.0,0.0,19.06,0.0,,
2007-03-01,Uttarakhand,uttarakhand,0.0,0.0,28.59,0.0,,
2007-04-01,Uttarakhand,uttarakhand,0.0,0.0,38.12,0.0,,
2007-05-01,Uttarakhand,uttarakhand,0.0,0.0,47.650000000000006,0.0,,
2007-06-01,Uttarakhand,uttarakhand,0.0,0.0,76.24,0.0,,
2007-07-01,Uttarakhand,uttarakhand,0.0,0.0,171.54,0.0,,
2007-08-01,Uttarakhand,uttarakhand,0.0,0.0,209.66,0.0,,
2007-09-01,Uttarakhand,uttarakhand,0.0,0.0,171.54,0.0,,
2007-10-01,Uttarakhand,uttarakhand,0.0,0.0,95.30000000000001,0.0,,
2007-11-01,Uttarakhand,uttarakhand,0.0,0.0,47.650000000000006,0.0,,
2007-12-01,Uttarakhand,uttarakhand,0.0,0.0,28.59,0.0,,
2008-01-01,Uttarakhand,uttarakhand,0.4,0.0,21.18,0.0,0.0,
2008-02-01,Uttarakhand,uttarakhand,0.4,0.0,21.18,0.0,0.0,
2008-03-01,Uttarakhand,uttarakhand,0.6,0.0,31.77,0.0,0.0,
2008-04-01,Uttarakhand,uttarakhand,0.8,0.0,42.36,0.0,0.0,
2008-05-01,Uttarakhand,uttarakhand,1.0,0.0,52.95,0.0,0.0,
2008-06-01,Uttarakhand,uttarakhand,1.6,0.0,84.72,0.0,0.0,
2008-07-01,Uttarakhand,uttarakhand,3.5999999999999996,0.0,190.62,0.0,0.0,
2008-08-01,Uttarakhand,uttarakhand,4.4,0.0,232.98,0.0,0.0,
2008-09-01,Uttarakhand,uttarakhand,3.5999999999999996,0.0,190.62,0.0,0.0,
2008-10-01,Uttarakhand,uttarakhand,2.0,0.0,105.9,0.0,0.0,
2008-11-01,Uttarakhand,uttarakhand,1.0,0.0,52.95,0.0,0.0,
2008-12-01,Uttarakhand,uttarakhand,0.6,0.0,31.77,0.0,0.0,
2009-01-01,Uttarakhand,uttarakhand,0.0,0.0,25.28,0.0,0.0,
2009-02-01,Uttarakhand,uttarakhand,0.0,0.0,25.28,0.0,0.0,
2009-03-01,Uttarakhand,uttarakhand,0.0,0.0,37.92,0.0,0.0,
2009-04-01,Uttarakhand,uttarakhand,0.0,0.0,50.56,0.0,0.0,
2009-05-01,Uttarakhand,uttarakhand,0.0,0.0,63.2,0.0,0.0,
2009-06-01,Uttarakhand,uttarakhand,0.0,0.0,101.12,0.0,0.0,
2009-07-01,Uttarakhand,uttarakhand,0.0,0.0,227.51999999999998,0.0,0.0,
2009-08-01,Uttarakhand,uttarakhand,0.0,0.0,278.08,0.0,0.0,
2009-09-01,Uttarakhand,uttarakhand,0.0,0.0,227.51999999999998,0.0,0.0,
2009-10-01,Uttarakhand,uttarakhand,0.0,0.0,126.4,0.0,0.0,
2009-11-01,Uttarakhand,uttarakhand,0.0,0.0,63.2,0.0,0.0,
2009-12-01,Uttarakhand,uttarakhand,0.0,0.0,37.92,0.0,0.0,
2010-01-01,Uttarakhand,uttarakhand,3.56,0.0,33.44,0.0,0.0,
2010-02-01,Uttarakhand,uttarakhand,3.56,0.0,33.44,0.0,0.0,
2010-03-01,Uttarakhand,uttarakhand,5.34,0.0,50.16,0.0,0.0,
2010-04-01,Uttarakhand,uttarakhand,7.12,0.0,66.88,0.0,0.0,
2010-05-01,Uttarakhand,uttarakhand,8.9,0.0,83.60000000000001,0.0,0.0,
2010-06-01,Uttarakhand,uttarakhand,14.24,0.0,133.76,0.0,0.0,
2010-07-01,Uttarakhand,uttarakhand,32.04,0.0,300.96,0.0,0.0,
2010-08-01,Uttarakhand,uttarakhand,39.160000000000004,0.0,367.84,0.0,0.0,
2010-09-01,Uttarakhand,uttarakhand,32.04,0.0,300.96,0.0,0.0,
2010-10-01,Uttarakhand,uttarakhand,17.8,0.0,167.20000000000002,0.0,0.0,
2010-11-01,Uttarakhand,uttarakhand,8.9,0.0,83.60000000000001,0.0,0.0,
2010-12-01,Uttarakhand,uttarakhand,5.34,0.0,50.16,0.0,0.0,
2011-01-01,Uttarakhand,uttarakhand,9.08,0.1,25.54,0.02,0.36,
2011-02-01,Uttarakhand,uttarakhand,9.08,0.1,25.54,0.02,0.36,
2011-03-01,Uttarakhand,uttarakhand,13.62,0.15,38.309999999999995,0.03,0.54,
2011-04-01,Uttarakhand,uttarakhand,18.16,0.2,51.08,0.04,0.72,
2011-05-01,Uttarakhand,uttarakhand,22.700000000000003,0.25,63.85,0.05,0.9,
2011-06-01,Uttarakhand,uttarakhand,36.32,0.4,102.16,0.08,1.44,
2011-07-01,Uttarakhand,uttarakhand,81.72,0.8999999999999999,229.85999999999999,0.18,3.2399999999999998,
2011-08-01,Uttarakhand,uttarakhand,99.88,1.1,280.94,0.22,3.96,
2011-09-01,Uttarakhand,uttarakhand,81.72,0.8999999999999999,229.85999999999999,0.18,3.2399999999999998,
2011-10-01,Uttarakhand,uttarakhand,45.400000000000006,0.5,127.7,0.1,1.8,
2011-11-01,Uttarakhand,uttarakhand,22.700000000000003,0.25,63.85,0.05,0.9,
2011-12-01,Uttarakhand,uttarakhand,13.62,0.15,38.309999999999995,0.03,0.54,
2012-01-01,Uttarakhand,uttarakhand,2.2,0.04,38.96,0.0,0.0,
2012-02-01,Uttarakhand,uttarakhand,2.2,0.04,38.96,0.0,0.0,
2012-03-01,Uttarakhand,uttarakhand,3.3,0.06,58.44,0.0,0.0,
2012-04-01,Uttarakhand,uttarakhand,4.4,0.08,77.92,0.0,0.0,
2012-05-01,Uttarakhand,uttarakhand,5.5,0.1,97.4,0.0,0.0,
2012-06-01,Uttarakhand,uttarakhand,8.8,0.16,155.84,0.0,0.0,
2012-07-01,Uttarakhand,uttarakhand,19.8,0.36,350.64,0.0,0.0,
2012-08-01,Uttarakhand,uttarakhand,24.2,0.44,428.56,0.0,0.0,
2012-09-01,Uttarakhand,uttarakhand,19.8,0.36,350.64,0.0,0.0,
2012-10-01,Uttarakhand,uttarakhand,11.0,0.2,194.8,0.0,0.0,
2012-11-01,Uttarakhand,uttarakhand,5.5,0.1,97.4,0.0,0.0,
2012-12-01,Uttarakhand,uttarakhand,3.3,0.06,58.44,0.0,0.0,
2013-01-01,Uttarakhand,uttarakhand,1.08,0.0,28.52,0.0,0.0,
2013-02-01,Uttarakhand,uttarakhand,1.08,0.0,28.52,0.0,0.0,
2013-03-01,Uttarakhand,uttarakhand,1.6199999999999999,0.0,42.78,0.0,0.0,
2013-04-01,Uttarakhand,uttarakhand,2.16,0.0,57.04,0.0,0.0,
2013-05-01,Uttarakhand,uttarakhand,2.7,0.0,71.3,0.0,0.0,
2013-06-01,Uttarakhand,uttarakhand,4.32,0.0,114.08,0.0,0.0,
2013-07-01,Uttarakhand,uttarakhand,9.719999999999999,0.0,256.68,0.0,0.0,
2013-08-01,Uttarakhand,uttarakhand,11.88,0.0,313.72,0.0,0.0,
2013-09-01,Uttarakhand,uttarakhand,9.719999999999999,0.0,256.68,0.0,0.0,
2013-10-01,Uttarakhand,uttarakhand,5.4,0.0,142.6,0.0,0.0,
2013-11-01,Uttarakhand,uttarakhand,2.7,0.0,71.3,0.0,0.0,
2013-12-01,Uttarakhand,uttarakhand,1.6199999999999999,0.0,42.78,0.0,0.0,
2014-01-01,Uttarakhand,uttarakhand,,,23.42,0.0,0.0,
2014-02-01,Uttarakhand,uttarakhand,,,23.42,0.0,0.0,
2014-03-01,Uttarakhand,uttarakhand,,,35.129999999999995,0.0,0.0,
2014-04-01,Uttarakhand,uttarakhand,,,46.84,0.0,0.0,
2014-05-01,Uttarakhand,uttarakhand,,,58.550000000000004,0.0,0.0,
2014-06-01,Uttarakhand,uttarakhand,,,93.68,0.0,0.0,
2014-07-01,Uttarakhand,uttarakhand,,,210.78,0.0,0.0,
2014-08-01,Uttarakhand,uttarakhand,,,257.62,0.0,0.0,
2014-09-01,Uttarakhand,uttarakhand,,,210.78,0.0,0.0,
2014-10-01,Uttarakhand,uttarakhand,,,117.10000000000001,0.0,0.0,
2014-11-01,Uttarakhand,uttarakhand,,,58.550000000000004,0.0,0.0,
2014-12-01,Uttarakhand,uttarakhand,,,35.129999999999995,0.0,0.0,
2015-01-01,Uttarakhand,uttarakhand,,,29.32,0.0,0.0,
2015-02-01,Uttarakhand,uttarakhand,,,29.32,0.0,0.0,
2015-03-01,Uttarakhand,uttarakhand,,,43.98,0.0,0.0,
2015-04-01,Uttarakhand,uttarakhand,,,58.64,0.0,0.0,
2015-05-01,Uttarakhand,uttarakhand,,,73.3,0.0,0.0,
2015-06-01,Uttarakhand,uttarakhand,,,117.28,0.0,0.0,
2015-07-01,Uttarakhand,uttarakhand,,,263.88,0.0,0.0,
2015-08-01,Uttarakhand,uttarakhand,,,322.52,0.0,0.0,
2015-09-01,Uttarakhand,uttarakhand,,,263.88,0.0,0.0,
2015-10-01,Uttarakhand,uttarakhand,,,146.6,0.0,0.0,
2015-11-01,Uttarakhand,uttarakhand,,,73.3,0.0,0.0,
2015-12-01,Uttarakhand,uttarakhand,,,43.98,0.0,0.0,
2016-01-01,Uttarakhand,uttarakhand,,,19.22,0.0,0.7000000000000001,
2016-02-01,Uttarakhand,uttarakhand,,,19.22,0.0,0.7000000000000001,
2016-03-01,Uttarakhand,uttarakhand,,,28.83,0.0,1.05,
2016-04-01,Uttarakhand,uttarakhand,,,38.44,0.0,1.4000000000000001,
2016-05-01,Uttarakhand,uttarakhand,,,48.050000000000004,0.0,1.75,
2016-06-01,Uttarakhand,uttarakhand,,,76.88,0.0,2.8000000000000003,
2016-07-01,Uttarakhand,uttarakhand,,,172.98,0.0,6.3,
2016-08-01,Uttarakhand,uttarakhand,,,211.42,0.0,7.7,
2016-09-01,Uttarakhand,uttarakhand,,,172.98,0.0,6.3,
2016-10-01,Uttarakhand,uttarakhand,,,96.10000000000001,0.0,3.5,
2016-11-01,Uttarakhand,uttarakhand,,,48.050000000000004,0.0,1.75,
2016-12-01,Uttarakhand,uttarakhand,,,28.83,0.0,1.05,
2017-01-01,Uttarakhand,uttarakhand,16.98,0.0,10.16,0.0,0.0,
2017-02-01,Uttarakhand,uttarakhand,16.98,0.0,10.16,0.0,0.0,
2017-03-01,Uttarakhand,uttarakhand,25.47,0.0,15.24,0.0,0.0,
2017-04-01,Uttarakhand,uttarakhand,33.96,0.0,20.32,0.0,0.0,
2017-05-01,Uttarakhand,uttarakhand,42.45,0.0,25.400000000000002,0.0,0.0,
2017-06-01,Uttarakhand,uttarakhand,67.92,0.0,40.64,0.0,0.0,
2017-07-01,Uttarakhand,uttarakhand,152.82,0.0,91.44,0.0,0.0,
2017-08-01,Uttarakhand,uttarakhand,186.78,0.0,111.76,0.0,0.0,
2017-09-01,Uttarakhand,uttarakhand,152.82,0.0,91.44,0.0,0.0,
2017-10-01,Uttarakhand,uttarakhand,84.9,0.0,50.800000000000004,0.0,0.0,
2017-11-01,Uttarakhand,uttarakhand,42.45,0.0,25.400000000000002,0.0,0.0,
2017-12-01,Uttarakhand,uttarakhand,25.47,0.0,15.24,0.0,0.0,
2018-01-01,Uttarakhand,uttarakhand,13.780000000000001,0.06,8.18,0.0,0.58,
2018-02-01,Uttarakhand,uttarakhand,13.780000000000001,0.06,8.18,0.0,0.58,
2018-03-01,Uttarakhand,uttarakhand,20.669999999999998,0.09,12.27,0.0,0.87,
2018-04-01,Uttarakhand,uttarakhand,27.560000000000002,0.12,16.36,0.0,1.16,
2018-05-01,Uttarakhand,uttarakhand,34.45,0.15000000000000002,20.450000000000003,0.0,1.4500000000000002,
2018-06-01,Uttarakhand,uttarakhand,55.120000000000005,0.24,32.72,0.0,2.32,
2018-07-01,Uttarakhand,uttarakhand,124.02,0.54,73.61999999999999,0.0,5.22,
2018-08-01,Uttarakhand,uttarakhand,151.58,0.66,89.98,0.0,6.38,
2018-09-01,Uttarakhand,uttarakhand,124.02,0.54,73.61999999999999,0.0,5.22,
2018-10-01,Uttarakhand,uttarakhand,68.9,0.30000000000000004,40.900000000000006,0.0,2.9000000000000004,
2018-11-01,Uttarakhand,uttarakhand,34.45,0.15000000000000002,20.450000000000003,0.0,1.4500000000000002,
2018-12-01,Uttarakhand,uttarakhand,20.669999999999998,0.09,12.27,0.0,0.87,
2019-01-01,Uttarakhand,uttarakhand,212.44,0.16,5.92,0.0,0.02,
2019-02-01,Uttarakhand,uttarakhand,212.44,0.16,5.92,0.0,0.02,
2019-03-01,Uttarakhand,uttarakhand,318.65999999999997,0.24,8.879999999999999,0.0,0.03,
2019-04-01,Uttarakhand,uttarakhand,424.88,0.32,11.84,0.0,0.04,
2019-05-01,Uttarakhand,uttarakhand,531.1,0.4,14.8,0.0,0.05,
2019-06-01,Uttarakhand,uttarakhand,849.76,0.64,23.68,0.0,0.08,
2019-07-01,Uttarakhand,uttarakhand,1911.96,1.44,53.28,0.0,0.18,
2019-08-01,Uttarakhand,uttarakhand,2336.84,1.76,65.12,0.0,0.22,
2019-09-01,Uttarakhand,uttarakhand,1911.96,1.44,53.28,0.0,0.18,
2019-10-01,Uttarakhand,uttarakhand,1062.2,0.8,29.6,0.0,0.1,
2019-11-01,Uttarakhand,uttarakhand,531.1,0.4,14.8,0.0,0.05,
2019-12-01,Uttarakhand,uttarakhand,318.65999999999997,0.24,8.879999999999999,0.0,0.03,
2020-01-01,Uttarakhand,uttarakhand,1.52,0.02,0.3,0.0,0.0,
2020-02-01,Uttarakhand,uttarakhand,1.52,0.02,0.3,0.0,0.0,
2020-03-01,Uttarakhand,uttarakhand,2.28,0.03,0.44999999999999996,0.0,0.0,
2020-04-01,Uttarakhand,uttarakhand,3.04,0.04,0.6,0.0,0.0,
2020-05-01,Uttarakhand,uttarakhand,3.8000000000000003,0.05,0.75,0.0,0.0,
2020-06-01,Uttarakhand,uttarakhand,6.08,0.08,1.2,0.0,0.0,
2020-07-01,Uttarakhand,uttarakhand,13.68,0.18,2.6999999999999997,0.0,0.0,
2020-08-01,Uttarakhand,uttarakhand,16.72,0.22,3.3,0.0,0.0,
2020-09-01,Uttarakhand,uttarakhand,13.68,0.18,2.6999999999999997,0.0,0.0,
2020-10-01,Uttarakhand,uttarakhand,7.6000000000000005,0.1,1.5,0.0,0.0,
2020-11-01,Uttarakhand,uttarakhand,3.8000000000000003,0.05,0.75,0.0,0.0,
2020-12-01,Uttarakhand,uttarakhand,2.28,0.03,0.44999999999999996,0.0,0.0,
2021-01-01,Uttarakhand,uttarakhand,14.76,0.04,215.84,0.0,0.06,
2021-02-01,Uttarakhand,uttarakhand,14.76,0.04,215.84,0.0,0.06,
2021-03-01,Uttarakhand,uttarakhand,22.14,0.06,323.76,0.0,0.09,
2021-04-01,Uttarakhand,uttarakhand,29.52,0.08,431.68,0.0,0.12,
2021-05-01,Uttarakhand,uttarakhand,36.9,0.1,539.6,0.0,0.15000000000000002,
2021-06-01,Uttarakhand,uttarakhand,59.04,0.16,863.36,0.0,0.24,
2021-07-01,Uttarakhand,uttarakhand,132.84,0.36,1942.56,0.0,0.54,
2021-08-01,Uttarakhand,uttarakhand,162.36,0.44,2374.2400000000002,0.0,0.66,
2021-09-01,Uttarakhand,uttarakhand,132.84,0.36,1942.56,0.0,0.54,
2021-10-01,Uttarakhand,uttarakhand,73.8,0.2,1079.2,0.0,0.30000000000000004,
2021-11-01,Uttarakhand,uttarakhand,36.9,0.1,539.6,0.0,0.15000000000000002,
2021-12-01,Uttarakhand,uttarakhand,22.14,0.06,323.76,0.0,0.09,
2022-01-01,Uttarakhand,uttarakhand,46.74,0.0,0.38,0.0,40.0,
2022-02-01,Uttarakhand,uttarakhand,46.74,0.0,0.38,0.0,40.0,
2022-03-01,Uttarakhand,uttarakhand,70.11,0.0,0.57,0.0,60.0,
2022-04-01,Uttarakhand,uttarakhand,93.48,0.0,0.76,0.0,80.0,
2022-05-01,Uttarakhand,uttarakhand,116.85000000000001,0.0,0.9500000000000001,0.0,100.0,
2022-06-01,Uttarakhand,uttarakhand,186.96,0.0,1.52,0.0,160.0,
2022-07-01,Uttarakhand,uttarakhand,420.65999999999997,0.0,3.42,0.0,360.0,
2022-08-01,Uttarakhand,uttarakhand,514.14,0.0,4.18,0.0,440.0,
2022-09-01,Uttarakhand,uttarakhand,420.65999999999997,0.0,3.42,0.0,360.0,
2022-10-01,Uttarakhand,uttarakhand,233.70000000000002,0.0,1.9000000000000001,0.0,200.0,
2022-11-01,Uttarakhand,uttarakhand,116.85000000000001,0.0,0.9500000000000001,0.0,100.0,
2022-12-01,Uttarakhand,uttarakhand,70.11,0.0,0.57,0.0,60.0,
1999-01-01,West Bengal,west_bengal,0.0,0.0,,,,
1999-02-01,West Bengal,west_bengal,0.0,0.0,,,,
1999-03-01,West Bengal,west_bengal,0.0,0.0,,,,
1999-04-01,West Bengal,west_bengal,0.0,0.0,,,,
1999-05-01,West Bengal,west_bengal,0.0,0.0,,,,
1999-06-01,West Bengal,west_bengal,0.0,0.0,,,,
1999-07-01,West Bengal,west_bengal,0.0,0.0,,,,
1999-08-01,West Bengal,west_bengal,0.0,0.0,,,,
1999-09-01,West Bengal,west_bengal,0.0,0.0,,,,
1999-10-01,West Bengal,west_bengal,0.0,0.0,,,,
1999-11-01,West Bengal,west_bengal,0.0,0.0,,,,
1999-12-01,West Bengal,west_bengal,0.0,0.0,,,,
2000-01-01,West Bengal,west_bengal,0.0,0.0,,,,
2000-02-01,West Bengal,west_bengal,0.0,0.0,,,,
2000-03-01,West Bengal,west_bengal,0.0,0.0,,,,
2000-04-01,West Bengal,west_bengal,0.0,0.0,,,,
2000-05-01,West Bengal,west_bengal,0.0,0.0,,,,
2000-06-01,West Bengal,west_bengal,0.0,0.0,,,,
2000-07-01,West Bengal,west_bengal,0.0,0.0,,,,
2000-08-01,West Bengal,west_bengal,0.0,0.0,,,,
2000-09-01,West Bengal,west_bengal,0.0,0.0,,,,
2000-10-01,West Bengal,west_bengal,0.0,0.0,,,,
2000-11-01,West Bengal,west_bengal,0.0,0.0,,,,
2000-12-01,West Bengal,west_bengal,0.0,0.0,,,,
2001-01-01,West Bengal,west_bengal,0.0,0.0,2901.06,3.8200000000000003,,
2001-02-01,West Bengal,west_bengal,0.0,0.0,2901.06,3.8200000000000003,,
2001-03-01,West Bengal,west_bengal,0.0,0.0,4351.59,5.7299999999999995,,
2001-04-01,West Bengal,west_bengal,0.0,0.0,5802.12,7.640000000000001,,
2001-05-01,West Bengal,west_bengal,0.0,0.0,7252.650000000001,9.55,,
2001-06-01,West Bengal,west_bengal,0.0,0.0,11604.24,15.280000000000001,,
2001-07-01,West Bengal,west_bengal,0.0,0.0,26109.539999999997,34.379999999999995,,
2001-08-01,West Bengal,west_bengal,0.0,0.0,31911.66,42.02,,
2001-09-01,West Bengal,west_bengal,0.0,0.0,26109.539999999997,34.379999999999995,,
2001-10-01,West Bengal,west_bengal,0.0,0.0,14505.300000000001,19.1,,
2001-11-01,West Bengal,west_bengal,0.0,0.0,7252.650000000001,9.55,,
2001-12-01,West Bengal,west_bengal,0.0,0.0,4351.59,5.7299999999999995,,
2002-01-01,West Bengal,west_bengal,0.0,0.0,3888.42,3.04,,
2002-02-01,West Bengal,west_bengal,0.0,0.0,3888.42,3.04,,
2002-03-01,West Bengal,west_bengal,0.0,0.0,5832.63,4.56,,
2002-04-01,West Bengal,west_bengal,0.0,0.0,7776.84,6.08,,
2002-05-01,West Bengal,west_bengal,0.0,0.0,9721.050000000001,7.6000000000000005,,
2002-06-01,West Bengal,west_bengal,0.0,0.0,15553.68,12.16,,
2002-07-01,West Bengal,west_bengal,0.0,0.0,34995.78,27.36,,
2002-08-01,West Bengal,west_bengal,0.0,0.0,42772.62,33.44,,
2002-09-01,West Bengal,west_bengal,0.0,0.0,34995.78,27.36,,
2002-10-01,West Bengal,west_bengal,0.0,0.0,19442.100000000002,15.200000000000001,,
2002-11-01,West Bengal,west_bengal,0.0,0.0,9721.050000000001,7.6000000000000005,,
2002-12-01,West Bengal,west_bengal,0.0,0.0,5832.63,4.56,,
2003-01-01,West Bengal,west_bengal,0.0,0.0,4676.04,4.28,,
2003-02-01,West Bengal,west_bengal,0.0,0.0,4676.04,4.28,,
2003-03-01,West Bengal,west_bengal,0.0,0.0,7014.0599999999995,6.42,,
2003-04-01,West Bengal,west_bengal,0.0,0.0,9352.08,8.56,,
2003-05-01,West Bengal,west_bengal,0.0,0.0,11690.1,10.700000000000001,,
2003-06-01,West Bengal,west_bengal,0.0,0.0,18704.16,17.12,,
2003-07-01,West Bengal,west_bengal,0.0,0.0,42084.36,38.519999999999996,,
2003-08-01,West Bengal,west_bengal,0.0,0.0,51436.44,47.08,,
2003-09-01,West Bengal,west_bengal,0.0,0.0,42084.36,38.519999999999996,,
2003-10-01,West Bengal,west_bengal,0.0,0.0,23380.2,21.400000000000002,,
2003-11-01,West Bengal,west_bengal,0.0,0.0,11690.1,10.700000000000001,,
2003-12-01,West Bengal,west_bengal,0.0,0.0,7014.0599999999995,6.42,,
2004-01-01,West Bengal,west_bengal,0.64,0.0,4418.08,3.6,,
2004-02-01,West Bengal,west_bengal,0.64,0.0,4418.08,3.6,,
2004-03-01,West Bengal,west_bengal,0.96,0.0,6627.12,5.3999999999999995,,
2004-04-01,West Bengal,west_bengal,1.28,0.0,8836.16,7.2,,
2004-05-01,West Bengal,west_bengal,1.6,0.0,11045.2,9.0,,
2004-06-01,West Bengal,west_bengal,2.56,0.0,17672.32,14.4,,
2004-07-01,West Bengal,west_bengal,5.76,0.0,39762.72,32.4,,
2004-08-01,West Bengal,west_bengal,7.04,0.0,48598.88,39.6,,
2004-09-01,West Bengal,west_bengal,5.76,0.0,39762.72,32.4,,
2004-10-01,West Bengal,west_bengal,3.2,0.0,22090.4,18.0,,
2004-11-01,West Bengal,west_bengal,1.6,0.0,11045.2,9.0,,
2004-12-01,West Bengal,west_bengal,0.96,0.0,6627.12,5.3999999999999995,,
2005-01-01,West Bengal,west_bengal,127.5,0.68,3719.28,3.5,,
2005-02-01,West Bengal,west_bengal,127.5,0.68,3719.28,3.5,,
2005-03-01,West Bengal,west_bengal,191.25,1.02,5578.92,5.25,,
2005-04-01,West Bengal,west_bengal,255.0,1.36,7438.56,7.0,,
2005-05-01,West Bengal,west_bengal,318.75,1.7000000000000002,9298.2,8.75,,
2005-06-01,West Bengal,west_bengal,510.0,2.72,14877.12,14.0,,
2005-07-01,West Bengal,west_bengal,1147.5,6.12,33473.52,31.5,,
2005-08-01,West Bengal,west_bengal,1402.5,7.48,40912.08,38.5,,
2005-09-01,West Bengal,west_bengal,1147.5,6.12,33473.52,31.5,,
2005-10-01,West Bengal,west_bengal,637.5,3.4000000000000004,18596.4,17.5,,
2005-11-01,West Bengal,west_bengal,318.75,1.7000000000000002,9298.2,8.75,,
2005-12-01,West Bengal,west_bengal,191.25,1.02,5578.92,5.25,,
2006-01-01,West Bengal,west_bengal,24.6,0.16,3192.92,4.0600000000000005,0.42,
2006-02-01,West Bengal,west_bengal,24.6,0.16,3192.92,4.0600000000000005,0.42,
2006-03-01,West Bengal,west_bengal,36.9,0.24,4789.38,6.09,0.63,
2006-04-01,West Bengal,west_bengal,49.2,0.32,6385.84,8.120000000000001,0.84,
2006-05-01,West Bengal,west_bengal,61.5,0.4,7982.3,10.15,1.05,
2006-06-01,West Bengal,west_bengal,98.4,0.64,12771.68,16.240000000000002,1.68,
2006-07-01,West Bengal,west_bengal,221.4,1.44,28736.28,36.54,3.78,
2006-08-01,West Bengal,west_bengal,270.6,1.76,35122.12,44.660000000000004,4.62,
2006-09-01,West Bengal,west_bengal,221.4,1.44,28736.28,36.54,3.78,
2006-10-01,West Bengal,west_bengal,123.0,0.8,15964.6,20.3,2.1,
2006-11-01,West Bengal,west_bengal,61.5,0.4,7982.3,10.15,1.05,
2006-12-01,West Bengal,west_bengal,36.9,0.24,4789.38,6.09,0.63,
2007-01-01,West Bengal,west_bengal,1.9000000000000001,0.08,1755.08,1.92,382.76,
2007-02-01,West Bengal,west_bengal,1.9000000000000001,0.08,1755.08,1.92,382.76,
2007-03-01,West Bengal,west_bengal,2.85,0.12,2632.62,2.88,574.14,
2007-04-01,West Bengal,west_bengal,3.8000000000000003,0.16,3510.16,3.84,765.52,
2007-05-01,West Bengal,west_bengal,4.75,0.2,4387.7,4.800000000000001,956.9000000000001,
2007-06-01,West Bengal,west_bengal,7.6000000000000005,0.32,7020.32,7.68,1531.04,
2007-07-01,West Bengal,west_bengal,17.099999999999998,0.72,15795.72,17.28,3444.8399999999997,
2007-08-01,West Bengal,west_bengal,20.9,0.88,19305.88,21.12,4210.36,
2007-09-01,West Bengal,west_bengal,17.099999999999998,0.72,15795.72,17.28,3444.8399999999997,
2007-10-01,West Bengal,west_bengal,9.5,0.4,8775.4,9.600000000000001,1913.8000000000002,
2007-11-01,West Bengal,west_bengal,4.75,0.2,4387.7,4.800000000000001,956.9000000000001,
2007-12-01,West Bengal,west_bengal,2.85,0.12,2632.62,2.88,574.14,
2008-01-01,West Bengal,west_bengal,20.76,0.14,1788.8600000000001,2.08,357.96,
2008-02-01,West Bengal,west_bengal,20.76,0.14,1788.8600000000001,2.08,357.96,
2008-03-01,West Bengal,west_bengal,31.14,0.21,2683.29,3.12,536.9399999999999,
2008-04-01,West Bengal,west_bengal,41.52,0.28,3577.7200000000003,4.16,715.92,
2008-05-01,West Bengal,west_bengal,51.900000000000006,0.35000000000000003,4472.150000000001,5.2,894.9000000000001,
2008-06-01,West Bengal,west_bengal,83.04,0.56,7155.4400000000005,8.32,1431.84,
2008-07-01,West Bengal,west_bengal,186.84,1.26,16099.74,18.72,3221.64,
2008-08-01,West Bengal,west_bengal,228.36,1.54,19677.46,22.88,3937.56,
2008-09-01,West Bengal,west_bengal,186.84,1.26,16099.74,18.72,3221.64,
2008-10-01,West Bengal,west_bengal,103.80000000000001,0.7000000000000001,8944.300000000001,10.4,1789.8000000000002,
2008-11-01,West Bengal,west_bengal,51.900000000000006,0.35000000000000003,4472.150000000001,5.2,894.9000000000001,
2008-12-01,West Bengal,west_bengal,31.14,0.21,2683.29,3.12,536.9399999999999,
2009-01-01,West Bengal,west_bengal,7.98,0.0,2824.2200000000003,1.48,105.4,
2009-02-01,West Bengal,west_bengal,7.98,0.0,2824.2200000000003,1.48,105.4,
2009-03-01,West Bengal,west_bengal,11.969999999999999,0.0,4236.33,2.2199999999999998,158.1,
2009-04-01,West Bengal,west_bengal,15.96,0.0,5648.4400000000005,2.96,210.8,
2009-05-01,West Bengal,west_bengal,19.950000000000003,0.0,7060.55,3.7,263.5,
2009-06-01,West Bengal,west_bengal,31.92,0.0,11296.880000000001,5.92,421.6,
2009-07-01,West Bengal,west_bengal,71.82,0.0,25417.98,13.32,948.5999999999999,
2009-08-01,West Bengal,west_bengal,87.78,0.0,31066.420000000002,16.28,1159.4,
2009-09-01,West Bengal,west_bengal,71.82,0.0,25417.98,13.32,948.5999999999999,
2009-10-01,West Bengal,west_bengal,39.900000000000006,0.0,14121.1,7.4,527.0,
2009-11-01,West Bengal,west_bengal,19.950000000000003,0.0,7060.55,3.7,263.5,
2009-12-01,West Bengal,west_bengal,11.969999999999999,0.0,4236.33,2.2199999999999998,158.1,
2010-01-01,West Bengal,west_bengal,16.1,0.02,2695.9,0.9400000000000001,410.06,
2010-02-01,West Bengal,west_bengal,16.1,0.02,2695.9,0.9400000000000001,410.06,
2010-03-01,West Bengal,west_bengal,24.15,0.03,4043.85,1.41,615.09,
2010-04-01,West Bengal,west_bengal,32.2,0.04,5391.8,1.8800000000000001,820.12,
2010-05-01,West Bengal,west_bengal,40.25,0.05,6739.75,2.35,1025.15,
2010-06-01,West Bengal,west_bengal,64.4,0.08,10783.6,3.7600000000000002,1640.24,
2010-07-01,West Bengal,west_bengal,144.9,0.18,24263.1,8.459999999999999,3690.54,
2010-08-01,West Bengal,west_bengal,177.1,0.22,29654.9,10.34,4510.66,
2010-09-01,West Bengal,west_bengal,144.9,0.18,24263.1,8.459999999999999,3690.54,
2010-10-01,West Bengal,west_bengal,80.5,0.1,13479.5,4.7,2050.3,
2010-11-01,West Bengal,west_bengal,40.25,0.05,6739.75,2.35,1025.15,
2010-12-01,West Bengal,west_bengal,24.15,0.03,4043.85,1.41,615.09,
2011-01-01,West Bengal,west_bengal,10.200000000000001,0.0,1327.3600000000001,0.38,89.64,
2011-02-01,West Bengal,west_bengal,10.200000000000001,0.0,1327.3600000000001,0.38,89.64,
2011-03-01,West Bengal,west_bengal,15.299999999999999,0.0,1991.04,0.57,134.46,
2011-04-01,West Bengal,west_bengal,20.400000000000002,0.0,2654.7200000000003,0.76,179.28,
2011-05-01,West Bengal,west_bengal,25.5,0.0,3318.4,0.9500000000000001,224.10000000000002,
2011-06-01,West Bengal,west_bengal,40.800000000000004,0.0,5309.4400000000005,1.52,358.56,
2011-07-01,West Bengal,west_bengal,91.8,0.0,11946.24,3.42,806.76,
2011-08-01,West Bengal,west_bengal,112.2,0.0,14600.960000000001,4.18,986.04,
2011-09-01,West Bengal,west_bengal,91.8,0.0,11946.24,3.42,806.76,
2011-10-01,West Bengal,west_bengal,51.0,0.0,6636.8,1.9000000000000001,448.20000000000005,
2011-11-01,West Bengal,west_bengal,25.5,0.0,3318.4,0.9500000000000001,224.10000000000002,
2011-12-01,West Bengal,west_bengal,15.299999999999999,0.0,1991.04,0.57,134.46,
2012-01-01,West Bengal,west_bengal,129.12,0.22,1115.8600000000001,0.6,27.62,
2012-02-01,West Bengal,west_bengal,129.12,0.22,1115.8600000000001,0.6,27.62,
2012-03-01,West Bengal,west_bengal,193.68,0.32999999999999996,1673.79,0.8999999999999999,41.43,
2012-04-01,West Bengal,west_bengal,258.24,0.44,2231.7200000000003,1.2,55.24,
2012-05-01,West Bengal,west_bengal,322.8,0.55,2789.65,1.5,69.05,
2012-06-01,West Bengal,west_bengal,516.48,0.88,4463.4400000000005,2.4,110.48,
2012-07-01,West Bengal,west_bengal,1162.08,1.98,10042.74,5.3999999999999995,248.57999999999998,
2012-08-01,West Bengal,west_bengal,1420.32,2.42,12274.460000000001,6.6,303.82,
2012-09-01,West Bengal,west_bengal,1162.08,1.98,10042.74,5.3999999999999995,248.57999999999998,
2012-10-01,West Bengal,west_bengal,645.6,1.1,5579.3,3.0,138.1,
2012-11-01,West Bengal,west_bengal,322.8,0.55,2789.65,1.5,69.05,
2012-12-01,West Bengal,west_bengal,193.68,0.32999999999999996,1673.79,0.8999999999999999,41.43,
2013-01-01,West Bengal,west_bengal,118.4,0.12,694.34,0.34,12.92,
2013-02-01,West Bengal,west_bengal,118.4,0.12,694.34,0.34,12.92,
2013-03-01,West Bengal,west_bengal,177.6,0.18,1041.51,0.51,19.38,
2013-04-01,West Bengal,west_bengal,236.8,0.24,1388.68,0.68,25.84,
2013-05-01,West Bengal,west_bengal,296.0,0.30000000000000004,1735.8500000000001,0.8500000000000001,32.300000000000004,
2013-06-01,West Bengal,west_bengal,473.6,0.48,2777.36,1.36,51.68,
2013-07-01,West Bengal,west_bengal,1065.6,1.08,6249.0599999999995,3.06,116.28,
2013-08-01,West Bengal,west_bengal,1302.4,1.32,7637.74,3.74,142.12,
2013-09-01,West Bengal,west_bengal,1065.6,1.08,6249.0599999999995,3.06,116.28,
2013-10-01,West Bengal,west_bengal,592.0,0.6000000000000001,3471.7000000000003,1.7000000000000002,64.60000000000001,
2013-11-01,West Bengal,west_bengal,296.0,0.30000000000000004,1735.8500000000001,0.8500000000000001,32.300000000000004,
2013-12-01,West Bengal,west_bengal,177.6,0.18,1041.51,0.51,19.38,
2014-01-01,West Bengal,west_bengal,,,529.6800000000001,1.32,20.64,
2014-02-01,West Bengal,west_bengal,,,529.6800000000001,1.32,20.64,
2014-03-01,West Bengal,west_bengal,,,794.52,1.98,30.959999999999997,
2014-04-01,West Bengal,west_bengal,,,1059.3600000000001,2.64,41.28,
2014-05-01,West Bengal,west_bengal,,,1324.2,3.3000000000000003,51.6,
2014-06-01,West Bengal,west_bengal,,,2118.7200000000003,5.28,82.56,
2014-07-01,West Bengal,west_bengal,,,4767.12,11.879999999999999,185.76,
2014-08-01,West Bengal,west_bengal,,,5826.4800000000005,14.52,227.04,
2014-09-01,West Bengal,west_bengal,,,4767.12,11.879999999999999,185.76,
2014-10-01,West Bengal,west_bengal,,,2648.4,6.6000000000000005,103.2,
2014-11-01,West Bengal,west_bengal,,,1324.2,3.3000000000000003,51.6,
2014-12-01,West Bengal,west_bengal,,,794.52,1.98,30.959999999999997,
2015-01-01,West Bengal,west_bengal,,,484.16,0.68,20.26,
2015-02-01,West Bengal,west_bengal,,,484.16,0.68,20.26,
2015-03-01,West Bengal,west_bengal,,,726.24,1.02,30.39,
2015-04-01,West Bengal,west_bengal,,,968.32,1.36,40.52,
2015-05-01,West Bengal,west_bengal,,,1210.4,1.7000000000000002,50.650000000000006,
2015-06-01,West Bengal,west_bengal,,,1936.64,2.72,81.04,
2015-07-01,West Bengal,west_bengal,,,4357.44,6.12,182.34,
2015-08-01,West Bengal,west_bengal,,,5325.76,7.48,222.86,
2015-09-01,West Bengal,west_bengal,,,4357.44,6.12,182.34,
2015-10-01,West Bengal,west_bengal,,,2420.8,3.4000000000000004,101.30000000000001,
2015-11-01,West Bengal,west_bengal,,,1210.4,1.7000000000000002,50.650000000000006,
2015-12-01,West Bengal,west_bengal,,,726.24,1.02,30.39,
2016-01-01,West Bengal,west_bengal,,,704.72,1.18,21.42,
2016-02-01,West Bengal,west_bengal,,,704.72,1.18,21.42,
2016-03-01,West Bengal,west_bengal,,,1057.08,1.77,32.129999999999995,
2016-04-01,West Bengal,west_bengal,,,1409.44,2.36,42.84,
2016-05-01,West Bengal,west_bengal,,,1761.8000000000002,2.95,53.550000000000004,
2016-06-01,West Bengal,west_bengal,,,2818.88,4.72,85.68,
2016-07-01,West Bengal,west_bengal,,,6342.48,10.62,192.78,
2016-08-01,West Bengal,west_bengal,,,7751.92,12.98,235.62,
2016-09-01,West Bengal,west_bengal,,,6342.48,10.62,192.78,
2016-10-01,West Bengal,west_bengal,,,3523.6000000000004,5.9,107.10000000000001,
2016-11-01,West Bengal,west_bengal,,,1761.8000000000002,2.95,53.550000000000004,
2016-12-01,West Bengal,west_bengal,,,1057.08,1.77,32.129999999999995,
2017-01-01,West Bengal,west_bengal,754.92,0.92,625.3000000000001,0.58,42.06,
2017-02-01,West Bengal,west_bengal,754.92,0.92,625.3000000000001,0.58,42.06,
2017-03-01,West Bengal,west_bengal,1132.3799999999999,1.38,937.9499999999999,0.87,63.089999999999996,
2017-04-01,West Bengal,west_bengal,1509.84,1.84,1250.6000000000001,1.16,84.12,
2017-05-01,West Bengal,west_bengal,1887.3000000000002,2.3000000000000003,1563.25,1.4500000000000002,105.15,
2017-06-01,West Bengal,west_bengal,3019.68,3.68,2501.2000000000003,2.32,168.24,
2017-07-01,West Bengal,west_bengal,6794.28,8.28,5627.7,5.22,378.53999999999996,
2017-08-01,West Bengal,west_bengal,8304.12,10.12,6878.3,6.38,462.66,
2017-09-01,West Bengal,west_bengal,6794.28,8.28,5627.7,5.22,378.53999999999996,
2017-10-01,West Bengal,west_bengal,3774.6000000000004,4.6000000000000005,3126.5,2.9000000000000004,210.3,
2017-11-01,West Bengal,west_bengal,1887.3000000000002,2.3000000000000003,1563.25,1.4500000000000002,105.15,
2017-12-01,West Bengal,west_bengal,1132.3799999999999,1.38,937.9499999999999,0.87,63.089999999999996,
2018-01-01,West Bengal,west_bengal,466.02,1.72,528.8,0.16,1.04,
2018-02-01,West Bengal,west_bengal,466.02,1.72,528.8,0.16,1.04,
2018-03-01,West Bengal,west_bengal,699.03,2.58,793.1999999999999,0.24,1.56,
2018-04-01,West Bengal,west_bengal,932.04,3.44,1057.6,0.32,2.08,
2018-05-01,West Bengal,west_bengal,1165.05,4.3,1322.0,0.4,2.6,
2018-06-01,West Bengal,west_bengal,1864.08,6.88,2115.2,0.64,4.16,
2018-07-01,West Bengal,west_bengal,4194.18,15.479999999999999,4759.2,1.44,9.36,
2018-08-01,West Bengal,west_bengal,5126.22,18.92,5816.8,1.76,11.44,
2018-09-01,West Bengal,west_bengal,4194.18,15.479999999999999,4759.2,1.44,9.36,
2018-10-01,West Bengal,west_bengal,2330.1,8.6,2644.0,0.8,5.2,
2018-11-01,West Bengal,west_bengal,1165.05,4.3,1322.0,0.4,2.6,
2018-12-01,West Bengal,west_bengal,699.03,2.58,793.1999999999999,0.24,1.56,
2019-01-01,West Bengal,west_bengal,958.5600000000001,0.54,518.5600000000001,0.12,0.0,
2019-02-01,West Bengal,west_bengal,958.5600000000001,0.54,518.5600000000001,0.12,0.0,
2019-03-01,West Bengal,west_bengal,1437.84,0.8099999999999999,777.8399999999999,0.18,0.0,
2019-04-01,West Bengal,west_bengal,1917.1200000000001,1.08,1037.1200000000001,0.24,0.0,
2019-05-01,West Bengal,west_bengal,2396.4,1.35,1296.4,0.30000000000000004,0.0,
2019-06-01,West Bengal,west_bengal,3834.2400000000002,2.16,2074.2400000000002,0.48,0.0,
2019-07-01,West Bengal,west_bengal,8627.039999999999,4.859999999999999,4667.04,1.08,0.0,
2019-08-01,West Bengal,west_bengal,10544.16,5.94,5704.16,1.32,0.0,
2019-09-01,West Bengal,west_bengal,8627.039999999999,4.859999999999999,4667.04,1.08,0.0,
2019-10-01,West Bengal,west_bengal,4792.8,2.7,2592.8,0.6000000000000001,0.0,
2019-11-01,West Bengal,west_bengal,2396.4,1.35,1296.4,0.30000000000000004,0.0,
2019-12-01,West Bengal,west_bengal,1437.84,0.8099999999999999,777.8399999999999,0.18,0.0,
2020-01-01,West Bengal,west_bengal,103.32000000000001,0.2,280.98,0.14,7.82,
2020-02-01,West Bengal,west_bengal,103.32000000000001,0.2,280.98,0.14,7.82,
2020-03-01,West Bengal,west_bengal,154.98,0.3,421.46999999999997,0.21,11.73,
2020-04-01,West Bengal,west_bengal,206.64000000000001,0.4,561.96,0.28,15.64,
2020-05-01,West Bengal,west_bengal,258.3,0.5,702.45,0.35000000000000003,19.55,
2020-06-01,West Bengal,west_bengal,413.28000000000003,0.8,1123.92,0.56,31.28,
2020-07-01,West Bengal,west_bengal,929.88,1.7999999999999998,2528.8199999999997,1.26,70.38,
2020-08-01,West Bengal,west_bengal,1136.52,2.2,3090.78,1.54,86.02,
2020-09-01,West Bengal,west_bengal,929.88,1.7999999999999998,2528.8199999999997,1.26,70.38,
2020-10-01,West Bengal,west_bengal,516.6,1.0,1404.9,0.7000000000000001,39.1,
2020-11-01,West Bengal,west_bengal,258.3,0.5,702.45,0.35000000000000003,19.55,
2020-12-01,West Bengal,west_bengal,154.98,0.3,421.46999999999997,0.21,11.73,
2021-01-01,West Bengal,west_bengal,165.28,0.14,579.74,0.06,3.08,
2021-02-01,West Bengal,west_bengal,165.28,0.14,579.74,0.06,3.08,
2021-03-01,West Bengal,west_bengal,247.92,0.21,869.61,0.09,4.62,
2021-04-01,West Bengal,west_bengal,330.56,0.28,1159.48,0.12,6.16,
2021-05-01,West Bengal,west_bengal,413.20000000000005,0.35000000000000003,1449.3500000000001,0.15000000000000002,7.7,
2021-06-01,West Bengal,west_bengal,661.12,0.56,2318.96,0.24,12.32,
2021-07-01,West Bengal,west_bengal,1487.52,1.26,5217.66,0.54,27.72,
2021-08-01,West Bengal,west_bengal,1818.08,1.54,6377.14,0.66,33.88,
2021-09-01,West Bengal,west_bengal,1487.52,1.26,5217.66,0.54,27.72,
2021-10-01,West Bengal,west_bengal,826.4000000000001,0.7000000000000001,2898.7000000000003,0.30000000000000004,15.4,
2021-11-01,West Bengal,west_bengal,413.20000000000005,0.35000000000000003,1449.3500000000001,0.15000000000000002,7.7,
2021-12-01,West Bengal,west_bengal,247.92,0.21,869.61,0.09,4.62,
2022-01-01,West Bengal,west_bengal,35.06,0.06,811.26,0.06,24.6,
2022-02-01,West Bengal,west_bengal,35.06,0.06,811.26,0.06,24.6,
2022-03-01,West Bengal,west_bengal,52.589999999999996,0.09,1216.8899999999999,0.09,36.9,
2022-04-01,West Bengal,west_bengal,70.12,0.12,1622.52,0.12,49.2,
2022-05-01,West Bengal,west_bengal,87.65,0.15000000000000002,2028.15,0.15000000000000002,61.5,
2022-06-01,West Bengal,west_bengal,140.24,0.24,3245.04,0.24,98.4,
2022-07-01,West Bengal,west_bengal,315.53999999999996,0.54,7301.34,0.54,221.4,
2022-08-01,West Bengal,west_bengal,385.66,0.66,8923.86,0.66,270.6,
2022-09-01,West Bengal,west_bengal,315.53999999999996,0.54,7301.34,0.54,221.4,
2022-10-01,West Bengal,west_bengal,175.3,0.30000000000000004,4056.3,0.30000000000000004,123.0,
2022-11-01,West Bengal,west_bengal,87.65,0.15000000000000002,2028.15,0.15000000000000002,61.5,
2022-12-01,West Bengal,west_bengal,52.589999999999996,0.09,1216.8899999999999,0.09,36.9,
