state_id,start_date,temp_mean_c,rainfall_mm
andaman_and_nicobar_islands,1999-01-01,27.03,62.62
andaman_and_nicobar_islands,1999-02-01,27.34,38.36
andaman_and_nicobar_islands,1999-03-01,27.58,28.52
andaman_and_nicobar_islands,1999-04-01,27.98,273.59999999999997
andaman_and_nicobar_islands,1999-05-01,28.33,266.59999999999997
andaman_and_nicobar_islands,1999-06-01,27.74,272.4
andaman_and_nicobar_islands,1999-07-01,27.87,370.45
andaman_and_nicobar_islands,1999-08-01,27.64,333.87
andaman_and_nicobar_islands,1999-09-01,27.49,292.2
andaman_and_nicobar_islands,1999-10-01,27.28,290.78000000000003
andaman_and_nicobar_islands,1999-11-01,27.39,102.9
andaman_and_nicobar_islands,1999-12-01,26.82,113.46000000000001
andaman_and_nicobar_islands,2000-01-01,26.86,33.17
andaman_and_nicobar_islands,2000-02-01,27.0,56.26
andaman_and_nicobar_islands,2000-03-01,27.65,162.75
andaman_and_nicobar_islands,2000-04-01,28.26,167.4
andaman_and_nicobar_islands,2000-05-01,28.37,346.27
andaman_and_nicobar_islands,2000-06-01,27.8,287.4
andaman_and_nicobar_islands,2000-07-01,27.87,159.96
andaman_and_nicobar_islands,2000-08-01,27.53,465.0
andaman_and_nicobar_islands,2000-09-01,27.58,203.1
andaman_and_nicobar_islands,2000-10-01,27.3,296.67
andaman_and_nicobar_islands,2000-11-01,27.69,110.4
andaman_and_nicobar_islands,2000-12-01,26.9,68.2
andaman_and_nicobar_islands,2001-01-01,26.38,89.89999999999999
andaman_and_nicobar_islands,2001-02-01,26.55,4.48
andaman_and_nicobar_islands,2001-03-01,27.49,120.28
andaman_and_nicobar_islands,2001-04-01,29.28,42.9
andaman_and_nicobar_islands,2001-05-01,28.94,681.6899999999999
andaman_and_nicobar_islands,2001-06-01,28.45,224.70000000000002
andaman_and_nicobar_islands,2001-07-01,28.05,252.96
andaman_and_nicobar_islands,2001-08-01,27.97,358.05
andaman_and_nicobar_islands,2001-09-01,27.53,341.70000000000005
andaman_and_nicobar_islands,2001-10-01,27.28,227.85
andaman_and_nicobar_islands,2001-11-01,27.28,104.7
andaman_and_nicobar_islands,2001-12-01,27.15,72.53999999999999
andaman_and_nicobar_islands,2002-01-01,26.87,8.99
andaman_and_nicobar_islands,2002-02-01,27.57,2.24
andaman_and_nicobar_islands,2002-03-01,28.37,15.81
andaman_and_nicobar_islands,2002-04-01,29.37,71.7
andaman_and_nicobar_islands,2002-05-01,29.05,327.98
andaman_and_nicobar_islands,2002-06-01,28.38,253.8
andaman_and_nicobar_islands,2002-07-01,28.7,364.25
andaman_and_nicobar_islands,2002-08-01,27.84,283.34000000000003
andaman_and_nicobar_islands,2002-09-01,27.74,375.3
andaman_and_nicobar_islands,2002-10-01,27.88,97.96000000000001
andaman_and_nicobar_islands,2002-11-01,27.95,304.8
andaman_and_nicobar_islands,2002-12-01,27.44,114.08
andaman_and_nicobar_islands,2003-01-01,26.73,22.94
andaman_and_nicobar_islands,2003-02-01,27.63,2.24
andaman_and_nicobar_islands,2003-03-01,28.19,91.76
andaman_and_nicobar_islands,2003-04-01,29.34,10.799999999999999
andaman_and_nicobar_islands,2003-05-01,29.43,276.21
andaman_and_nicobar_islands,2003-06-01,28.56,187.5
andaman_and_nicobar_islands,2003-07-01,27.75,496.93000000000006
andaman_and_nicobar_islands,2003-08-01,28.12,261.33
andaman_and_nicobar_islands,2003-09-01,27.84,304.20000000000005
andaman_and_nicobar_islands,2003-10-01,27.66,281.17
andaman_and_nicobar_islands,2003-11-01,28.19,63.6
andaman_and_nicobar_islands,2003-12-01,27.38,96.72
andaman_and_nicobar_islands,2004-01-01,27.04,57.970000000000006
andaman_and_nicobar_islands,2004-02-01,26.94,21.169999999999998
andaman_and_nicobar_islands,2004-03-01,28.23,17.05
andaman_and_nicobar_islands,2004-04-01,29.99,48.300000000000004
andaman_and_nicobar_islands,2004-05-01,28.73,562.65
andaman_and_nicobar_islands,2004-06-01,28.14,433.5
andaman_and_nicobar_islands,2004-07-01,28.1,310.31
andaman_and_nicobar_islands,2004-08-01,28.18,308.14
andaman_and_nicobar_islands,2004-09-01,27.71,351.90000000000003
andaman_and_nicobar_islands,2004-10-01,27.86,221.65
andaman_and_nicobar_islands,2004-11-01,28.45,211.79999999999998
andaman_and_nicobar_islands,2004-12-01,26.99,9.61
andaman_and_nicobar_islands,2005-01-01,26.67,58.9
andaman_and_nicobar_islands,2005-02-01,27.59,0.28
andaman_and_nicobar_islands,2005-03-01,28.64,10.23
andaman_and_nicobar_islands,2005-04-01,29.24,48.300000000000004
andaman_and_nicobar_islands,2005-05-01,28.94,286.13
andaman_and_nicobar_islands,2005-06-01,28.59,702.9
andaman_and_nicobar_islands,2005-07-01,28.22,458.48999999999995
andaman_and_nicobar_islands,2005-08-01,28.13,344.71999999999997
andaman_and_nicobar_islands,2005-09-01,27.83,538.2
andaman_and_nicobar_islands,2005-10-01,27.51,269.39
andaman_and_nicobar_islands,2005-11-01,27.63,279.0
andaman_and_nicobar_islands,2005-12-01,27.3,281.17
andaman_and_nicobar_islands,2006-01-01,26.84,11.16
andaman_and_nicobar_islands,2006-02-01,27.66,3.08
andaman_and_nicobar_islands,2006-03-01,28.07,35.65
andaman_and_nicobar_islands,2006-04-01,28.8,173.7
andaman_and_nicobar_islands,2006-05-01,28.87,338.83
andaman_and_nicobar_islands,2006-06-01,28.23,396.0
andaman_and_nicobar_islands,2006-07-01,28.32,178.25
andaman_and_nicobar_islands,2006-08-01,28.15,286.44
andaman_and_nicobar_islands,2006-09-01,27.54,636.0
andaman_and_nicobar_islands,2006-10-01,27.87,345.96
andaman_and_nicobar_islands,2006-11-01,28.21,85.8
andaman_and_nicobar_islands,2006-12-01,27.31,36.58
andaman_and_nicobar_islands,2007-01-01,26.84,2.48
andaman_and_nicobar_islands,2007-02-01,26.98,0.56
andaman_and_nicobar_islands,2007-03-01,27.48,2.1700000000000004
andaman_and_nicobar_islands,2007-04-01,29.24,62.400000000000006
andaman_and_nicobar_islands,2007-05-01,29.0,250.48
andaman_and_nicobar_islands,2007-06-01,28.72,345.9
andaman_and_nicobar_islands,2007-07-01,28.1,284.27
andaman_and_nicobar_islands,2007-08-01,28.0,439.27
andaman_and_nicobar_islands,2007-09-01,27.85,418.5
andaman_and_nicobar_islands,2007-10-01,27.61,279.31
andaman_and_nicobar_islands,2007-11-01,27.49,238.5
andaman_and_nicobar_islands,2007-12-01,27.03,49.6
andaman_and_nicobar_islands,2008-01-01,27.08,14.879999999999999
andaman_and_nicobar_islands,2008-02-01,27.58,30.16
andaman_and_nicobar_islands,2008-03-01,28.4,113.46000000000001
andaman_and_nicobar_islands,2008-04-01,28.76,271.2
andaman_and_nicobar_islands,2008-05-01,28.54,517.6999999999999
andaman_and_nicobar_islands,2008-06-01,28.44,314.40000000000003
andaman_and_nicobar_islands,2008-07-01,27.99,564.8199999999999
andaman_and_nicobar_islands,2008-08-01,27.61,359.59999999999997
andaman_and_nicobar_islands,2008-09-01,27.83,388.5
andaman_and_nicobar_islands,2008-10-01,28.09,248.0
andaman_and_nicobar_islands,2008-11-01,27.95,356.09999999999997
andaman_and_nicobar_islands,2008-12-01,27.03,9.92
andaman_and_nicobar_islands,2009-01-01,26.37,2.1700000000000004
andaman_and_nicobar_islands,2009-02-01,27.11,0.28
andaman_and_nicobar_islands,2009-03-01,28.62,27.28
andaman_and_nicobar_islands,2009-04-01,29.14,132.6
andaman_and_nicobar_islands,2009-05-01,28.99,349.98999999999995
andaman_and_nicobar_islands,2009-06-01,28.63,449.40000000000003
andaman_and_nicobar_islands,2009-07-01,28.2,249.55
andaman_and_nicobar_islands,2009-08-01,28.24,299.46
andaman_and_nicobar_islands,2009-09-01,28.17,327.0
andaman_and_nicobar_islands,2009-10-01,28.01,199.32999999999998
andaman_and_nicobar_islands,2009-11-01,28.25,82.5
andaman_and_nicobar_islands,2009-12-01,27.51,96.10000000000001
andaman_and_nicobar_islands,2010-01-01,27.28,63.24
andaman_and_nicobar_islands,2010-02-01,27.68,0.56
andaman_and_nicobar_islands,2010-03-01,28.94,4.340000000000001
andaman_and_nicobar_islands,2010-04-01,30.43,30.0
andaman_and_nicobar_islands,2010-05-01,30.34,288.3
andaman_and_nicobar_islands,2010-06-01,29.01,406.2
andaman_and_nicobar_islands,2010-07-01,28.13,474.61
andaman_and_nicobar_islands,2010-08-01,28.1,413.54
andaman_and_nicobar_islands,2010-09-01,27.96,279.9
andaman_and_nicobar_islands,2010-10-01,27.95,349.37
andaman_and_nicobar_islands,2010-11-01,27.81,233.1
andaman_and_nicobar_islands,2010-12-01,27.19,282.40999999999997
andaman_and_nicobar_islands,2011-01-01,26.79,123.69000000000001
andaman_and_nicobar_islands,2011-02-01,27.22,55.44
andaman_and_nicobar_islands,2011-03-01,27.6,284.89
andaman_and_nicobar_islands,2011-04-01,28.56,81.0
andaman_and_nicobar_islands,2011-05-01,28.9,362.39
andaman_and_nicobar_islands,2011-06-01,28.62,315.0
andaman_and_nicobar_islands,2011-07-01,28.04,576.29
andaman_and_nicobar_islands,2011-08-01,27.8,469.65000000000003
andaman_and_nicobar_islands,2011-09-01,27.75,518.4000000000001
andaman_and_nicobar_islands,2011-10-01,27.81,141.04999999999998
andaman_and_nicobar_islands,2011-11-01,28.24,66.3
andaman_and_nicobar_islands,2011-12-01,27.68,196.85
andaman_and_nicobar_islands,2012-01-01,26.83,42.160000000000004
andaman_and_nicobar_islands,2012-02-01,27.34,79.46000000000001
andaman_and_nicobar_islands,2012-03-01,27.98,14.879999999999999
andaman_and_nicobar_islands,2012-04-01,29.24,77.1
andaman_and_nicobar_islands,2012-05-01,28.94,478.33
andaman_and_nicobar_islands,2012-06-01,28.39,373.8
andaman_and_nicobar_islands,2012-07-01,28.09,308.76000000000005
andaman_and_nicobar_islands,2012-08-01,28.03,390.59999999999997
andaman_and_nicobar_islands,2012-09-01,27.34,714.6
andaman_and_nicobar_islands,2012-10-01,27.82,193.75
andaman_and_nicobar_islands,2012-11-01,28.14,321.0
andaman_and_nicobar_islands,2012-12-01,27.64,163.68
andaman_and_nicobar_islands,2013-01-01,27.12,29.45
andaman_and_nicobar_islands,2013-02-01,28.1,8.4
andaman_and_nicobar_islands,2013-03-01,28.82,6.51
andaman_and_nicobar_islands,2013-04-01,29.23,50.4
andaman_and_nicobar_islands,2013-05-01,29.32,566.6800000000001
andaman_and_nicobar_islands,2013-06-01,28.23,594.6
andaman_and_nicobar_islands,2013-07-01,27.77,597.6800000000001
andaman_and_nicobar_islands,2013-08-01,27.92,241.49
andaman_and_nicobar_islands,2013-09-01,27.71,450.9
andaman_and_nicobar_islands,2013-10-01,27.76,236.22
andaman_and_nicobar_islands,2013-11-01,28.2,378.0
andaman_and_nicobar_islands,2013-12-01,27.22,110.36
andaman_and_nicobar_islands,2014-01-01,26.81,2.1700000000000004
andaman_and_nicobar_islands,2014-02-01,26.75,0.56
andaman_and_nicobar_islands,2014-03-01,28.62,0.31
andaman_and_nicobar_islands,2014-04-01,29.47,6.9
andaman_and_nicobar_islands,2014-05-01,29.17,230.64000000000001
andaman_and_nicobar_islands,2014-06-01,28.66,392.1
andaman_and_nicobar_islands,2014-07-01,28.18,567.3000000000001
andaman_and_nicobar_islands,2014-08-01,27.97,252.96
andaman_and_nicobar_islands,2014-09-01,27.95,364.5
andaman_and_nicobar_islands,2014-10-01,27.98,431.21
andaman_and_nicobar_islands,2014-11-01,28.3,189.29999999999998
andaman_and_nicobar_islands,2014-12-01,28.2,50.220000000000006
andaman_and_nicobar_islands,2015-01-01,27.22,44.949999999999996
andaman_and_nicobar_islands,2015-02-01,27.5,3.36
andaman_and_nicobar_islands,2015-03-01,28.65,2.1700000000000004
andaman_and_nicobar_islands,2015-04-01,29.39,54.900000000000006
andaman_and_nicobar_islands,2015-05-01,29.42,323.33
andaman_and_nicobar_islands,2015-06-01,28.64,293.4
andaman_and_nicobar_islands,2015-07-01,28.58,258.54
andaman_and_nicobar_islands,2015-08-01,28.28,344.40999999999997
andaman_and_nicobar_islands,2015-09-01,27.83,379.8
andaman_and_nicobar_islands,2015-10-01,28.24,109.74
andaman_and_nicobar_islands,2015-11-01,28.56,148.8
andaman_and_nicobar_islands,2015-12-01,28.09,51.15
andaman_and_nicobar_islands,2016-01-01,27.41,23.25
andaman_and_nicobar_islands,2016-02-01,27.83,5.51
andaman_and_nicobar_islands,2016-03-01,29.04,4.6499999999999995
andaman_and_nicobar_islands,2016-04-01,30.23,1.7999999999999998
andaman_and_nicobar_islands,2016-05-01,30.6,249.86
andaman_and_nicobar_islands,2016-06-01,28.76,484.49999999999994
andaman_and_nicobar_islands,2016-07-01,28.33,295.73999999999995
andaman_and_nicobar_islands,2016-08-01,28.75,195.60999999999999
andaman_and_nicobar_islands,2016-09-01,27.93,504.9
andaman_and_nicobar_islands,2016-10-01,27.99,163.06
andaman_and_nicobar_islands,2016-11-01,28.24,166.2
andaman_and_nicobar_islands,2016-12-01,27.66,254.82000000000002
andaman_and_nicobar_islands,2017-01-01,27.05,99.82000000000001
andaman_and_nicobar_islands,2017-02-01,27.41,4.760000000000001
andaman_and_nicobar_islands,2017-03-01,28.17,16.43
andaman_and_nicobar_islands,2017-04-01,29.03,111.9
andaman_and_nicobar_islands,2017-05-01,29.45,406.40999999999997
andaman_and_nicobar_islands,2017-06-01,28.72,371.70000000000005
andaman_and_nicobar_islands,2017-07-01,28.26,378.51000000000005
andaman_and_nicobar_islands,2017-08-01,28.1,317.44
andaman_and_nicobar_islands,2017-09-01,28.16,320.7
andaman_and_nicobar_islands,2017-10-01,28.09,168.95000000000002
andaman_and_nicobar_islands,2017-11-01,28.32,209.70000000000002
andaman_and_nicobar_islands,2017-12-01,27.84,115.63
andaman_and_nicobar_islands,2018-01-01,27.25,92.07000000000001
andaman_and_nicobar_islands,2018-02-01,27.62,9.24
andaman_and_nicobar_islands,2018-03-01,28.54,20.77
andaman_and_nicobar_islands,2018-04-01,29.43,82.8
andaman_and_nicobar_islands,2018-05-01,29.28,290.15999999999997
andaman_and_nicobar_islands,2018-06-01,28.56,421.8
andaman_and_nicobar_islands,2018-07-01,28.32,233.11999999999998
andaman_and_nicobar_islands,2018-08-01,28.04,419.73999999999995
andaman_and_nicobar_islands,2018-09-01,27.94,209.70000000000002
andaman_and_nicobar_islands,2018-10-01,28.06,213.28
andaman_and_nicobar_islands,2018-11-01,28.29,207.3
andaman_and_nicobar_islands,2018-12-01,27.81,173.29
andaman_and_nicobar_islands,2019-01-01,27.7,31.93
andaman_and_nicobar_islands,2019-02-01,28.07,1.9600000000000002
andaman_and_nicobar_islands,2019-03-01,28.5,11.16
andaman_and_nicobar_islands,2019-04-01,29.95,48.300000000000004
andaman_and_nicobar_islands,2019-05-01,29.35,174.22
andaman_and_nicobar_islands,2019-06-01,28.94,465.9
andaman_and_nicobar_islands,2019-07-01,28.82,213.28
andaman_and_nicobar_islands,2019-08-01,28.22,625.89
andaman_and_nicobar_islands,2019-09-01,27.66,365.4
andaman_and_nicobar_islands,2019-10-01,28.63,105.39999999999999
andaman_and_nicobar_islands,2019-11-01,28.48,72.9
andaman_and_nicobar_islands,2019-12-01,27.73,9.92
andaman_and_nicobar_islands,2020-01-01,27.46,7.4399999999999995
andaman_and_nicobar_islands,2020-02-01,27.63,5.51
andaman_and_nicobar_islands,2020-03-01,28.36,4.6499999999999995
andaman_and_nicobar_islands,2020-04-01,29.58,31.5
andaman_and_nicobar_islands,2020-05-01,29.4,221.96
andaman_and_nicobar_islands,2020-06-01,28.57,246.60000000000002
andaman_and_nicobar_islands,2020-07-01,28.21,333.56
andaman_and_nicobar_islands,2020-08-01,28.58,270.63
andaman_and_nicobar_islands,2020-09-01,28.09,411.3
andaman_and_nicobar_islands,2020-10-01,27.82,341.93
andaman_and_nicobar_islands,2020-11-01,28.39,85.19999999999999
andaman_and_nicobar_islands,2020-12-01,27.71,88.03999999999999
andaman_and_nicobar_islands,2021-01-01,27.63,16.12
andaman_and_nicobar_islands,2021-02-01,27.7,18.2
andaman_and_nicobar_islands,2021-03-01,29.04,29.759999999999998
andaman_and_nicobar_islands,2021-04-01,28.79,54.6
andaman_and_nicobar_islands,2021-05-01,29.47,316.2
andaman_and_nicobar_islands,2021-06-01,29.02,222.6
andaman_and_nicobar_islands,2021-07-01,28.39,370.14
andaman_and_nicobar_islands,2021-08-01,28.09,373.55
andaman_and_nicobar_islands,2021-09-01,27.82,376.2
andaman_and_nicobar_islands,2021-10-01,27.94,268.46
andaman_and_nicobar_islands,2021-11-01,28.05,203.1
andaman_and_nicobar_islands,2021-12-01,27.45,77.5
andaman_and_nicobar_islands,2022-01-01,27.48,16.43
andaman_and_nicobar_islands,2022-02-01,27.53,58.519999999999996
andaman_and_nicobar_islands,2022-03-01,28.84,79.05
andaman_and_nicobar_islands,2022-04-01,29.53,43.5
andaman_and_nicobar_islands,2022-05-01,29.05,411.37
andaman_and_nicobar_islands,2022-06-01,28.21,189.0
andaman_and_nicobar_islands,2022-07-01,28.37,472.44
andaman_and_nicobar_islands,2022-08-01,28.23,302.56
andaman_and_nicobar_islands,2022-09-01,28.14,270.3
andaman_and_nicobar_islands,2022-10-01,27.83,259.46999999999997
andaman_and_nicobar_islands,2022-11-01,27.87,202.79999999999998
andaman_and_nicobar_islands,2022-12-01,27.82,129.27
andhra_pradesh,1999-01-01,22.74,0.31
andhra_pradesh,1999-02-01,26.76,3.9200000000000004
andhra_pradesh,1999-03-01,30.59,0.0
andhra_pradesh,1999-04-01,32.61,3.5999999999999996
andhra_pradesh,1999-05-01,32.65,26.349999999999998
andhra_pradesh,1999-06-01,30.95,44.7
andhra_pradesh,1999-07-01,29.47,100.13
andhra_pradesh,1999-08-01,28.99,86.8
andhra_pradesh,1999-09-01,28.5,75.6
andhra_pradesh,1999-10-01,26.75,109.42999999999999
andhra_pradesh,1999-11-01,25.31,35.4
andhra_pradesh,1999-12-01,23.94,3.1
andhra_pradesh,2000-01-01,25.4,0.0
andhra_pradesh,2000-02-01,26.97,73.36999999999999
andhra_pradesh,2000-03-01,28.69,0.0
andhra_pradesh,2000-04-01,33.08,2.1
andhra_pradesh,2000-05-01,33.26,51.46
andhra_pradesh,2000-06-01,29.09,159.60000000000002
andhra_pradesh,2000-07-01,28.11,128.96
andhra_pradesh,2000-08-01,27.25,297.90999999999997
andhra_pradesh,2000-09-01,27.21,120.9
andhra_pradesh,2000-10-01,26.38,70.05999999999999
andhra_pradesh,2000-11-01,25.16,43.5
andhra_pradesh,2000-12-01,23.16,20.150000000000002
andhra_pradesh,2001-01-01,24.59,1.8599999999999999
andhra_pradesh,2001-02-01,27.17,0.0
andhra_pradesh,2001-03-01,30.19,6.51
andhra_pradesh,2001-04-01,30.25,101.39999999999999
andhra_pradesh,2001-05-01,34.64,11.47
andhra_pradesh,2001-06-01,30.75,64.5
andhra_pradesh,2001-07-01,30.99,60.14
andhra_pradesh,2001-08-01,28.31,142.29
andhra_pradesh,2001-09-01,28.12,143.1
andhra_pradesh,2001-10-01,26.46,186.31
andhra_pradesh,2001-11-01,24.78,67.8
andhra_pradesh,2001-12-01,22.87,37.51
andhra_pradesh,2002-01-01,23.54,39.37
andhra_pradesh,2002-02-01,25.91,0.28
andhra_pradesh,2002-03-01,29.72,3.1
andhra_pradesh,2002-04-01,32.16,0.8999999999999999
andhra_pradesh,2002-05-01,34.95,33.17
andhra_pradesh,2002-06-01,30.99,51.3
andhra_pradesh,2002-07-01,31.26,53.94
andhra_pradesh,2002-08-01,28.86,167.71
andhra_pradesh,2002-09-01,29.33,39.0
andhra_pradesh,2002-10-01,26.44,265.67
andhra_pradesh,2002-11-01,23.96,58.199999999999996
andhra_pradesh,2002-12-01,23.22,23.25
andhra_pradesh,2003-01-01,23.95,2.1700000000000004
andhra_pradesh,2003-02-01,27.32,0.56
andhra_pradesh,2003-03-01,29.6,17.360000000000003
andhra_pradesh,2003-04-01,32.28,2.6999999999999997
andhra_pradesh,2003-05-01,35.76,3.7199999999999998
andhra_pradesh,2003-06-01,32.84,55.5
andhra_pradesh,2003-07-01,28.55,176.70000000000002
andhra_pradesh,2003-08-01,28.42,85.87
andhra_pradesh,2003-09-01,28.07,117.9
andhra_pradesh,2003-10-01,26.8,177.32
andhra_pradesh,2003-11-01,24.57,11.700000000000001
andhra_pradesh,2003-12-01,22.98,100.13
andhra_pradesh,2004-01-01,23.3,11.78
andhra_pradesh,2004-02-01,26.09,0.87
andhra_pradesh,2004-03-01,29.83,3.7199999999999998
andhra_pradesh,2004-04-01,32.57,24.3
andhra_pradesh,2004-05-01,30.68,79.98
andhra_pradesh,2004-06-01,30.6,52.5
andhra_pradesh,2004-07-01,28.83,116.55999999999999
andhra_pradesh,2004-08-01,29.7,54.56
andhra_pradesh,2004-09-01,28.31,143.1
andhra_pradesh,2004-10-01,26.44,151.9
andhra_pradesh,2004-11-01,24.1,43.8
andhra_pradesh,2004-12-01,23.51,0.0
andhra_pradesh,2005-01-01,25.43,9.92
andhra_pradesh,2005-02-01,27.6,1.9600000000000002
andhra_pradesh,2005-03-01,29.92,3.41
andhra_pradesh,2005-04-01,31.92,17.099999999999998
andhra_pradesh,2005-05-01,33.22,58.9
andhra_pradesh,2005-06-01,31.86,40.800000000000004
andhra_pradesh,2005-07-01,29.15,161.20000000000002
andhra_pradesh,2005-08-01,28.22,87.73
andhra_pradesh,2005-09-01,27.34,225.6
andhra_pradesh,2005-10-01,26.39,372.93
andhra_pradesh,2005-11-01,22.1,62.699999999999996
andhra_pradesh,2005-12-01,21.55,16.43
andhra_pradesh,2006-01-01,22.57,0.31
andhra_pradesh,2006-02-01,25.61,0.0
andhra_pradesh,2006-03-01,29.42,25.110000000000003
andhra_pradesh,2006-04-01,32.05,28.799999999999997
andhra_pradesh,2006-05-01,32.48,39.68
andhra_pradesh,2006-06-01,30.32,102.6
andhra_pradesh,2006-07-01,30.17,101.37
andhra_pradesh,2006-08-01,28.28,82.77
andhra_pradesh,2006-09-01,27.87,151.5
andhra_pradesh,2006-10-01,27.69,403.62
andhra_pradesh,2006-11-01,24.17,155.1
andhra_pradesh,2006-12-01,22.45,4.340000000000001
andhra_pradesh,2007-01-01,23.16,0.0
andhra_pradesh,2007-02-01,25.7,4.48
andhra_pradesh,2007-03-01,29.37,0.0
andhra_pradesh,2007-04-01,31.67,9.9
andhra_pradesh,2007-05-01,34.85,17.05
andhra_pradesh,2007-06-01,30.01,232.20000000000002
andhra_pradesh,2007-07-01,28.32,193.44
andhra_pradesh,2007-08-01,27.46,157.79
andhra_pradesh,2007-09-01,26.93,150.29999999999998
andhra_pradesh,2007-10-01,25.23,197.47
andhra_pradesh,2007-11-01,23.15,18.9
andhra_pradesh,2007-12-01,23.3,11.78
andhra_pradesh,2008-01-01,23.65,0.0
andhra_pradesh,2008-02-01,26.32,37.99
andhra_pradesh,2008-03-01,28.16,101.05999999999999
andhra_pradesh,2008-04-01,31.1,1.2
andhra_pradesh,2008-05-01,35.55,8.06
andhra_pradesh,2008-06-01,31.31,58.8
andhra_pradesh,2008-07-01,29.97,137.32999999999998
andhra_pradesh,2008-08-01,27.51,217.93
andhra_pradesh,2008-09-01,27.34,132.3
andhra_pradesh,2008-10-01,26.23,98.58
andhra_pradesh,2008-11-01,24.63,163.8
andhra_pradesh,2008-12-01,23.49,0.31
andhra_pradesh,2009-01-01,23.84,0.0
andhra_pradesh,2009-02-01,27.41,0.0
andhra_pradesh,2009-03-01,30.11,1.55
andhra_pradesh,2009-04-01,32.44,2.1
andhra_pradesh,2009-05-01,32.92,89.89999999999999
andhra_pradesh,2009-06-01,30.49,78.89999999999999
andhra_pradesh,2009-07-01,30.49,50.220000000000006
andhra_pradesh,2009-08-01,29.64,189.72
andhra_pradesh,2009-09-01,28.0,161.7
andhra_pradesh,2009-10-01,27.0,27.900000000000002
andhra_pradesh,2009-11-01,25.12,173.7
andhra_pradesh,2009-12-01,23.45,23.87
andhra_pradesh,2010-01-01,24.3,4.6499999999999995
andhra_pradesh,2010-02-01,26.64,0.0
andhra_pradesh,2010-03-01,30.43,0.0
andhra_pradesh,2010-04-01,33.08,11.700000000000001
andhra_pradesh,2010-05-01,33.42,165.85
andhra_pradesh,2010-06-01,30.42,94.80000000000001
andhra_pradesh,2010-07-01,28.03,219.48
andhra_pradesh,2010-08-01,28.1,153.45000000000002
andhra_pradesh,2010-09-01,27.2,219.9
andhra_pradesh,2010-10-01,26.53,194.99
andhra_pradesh,2010-11-01,25.25,132.0
andhra_pradesh,2010-12-01,21.73,56.42
andhra_pradesh,2011-01-01,21.99,0.0
andhra_pradesh,2011-02-01,25.23,27.16
andhra_pradesh,2011-03-01,28.99,0.0
andhra_pradesh,2011-04-01,30.82,22.2
andhra_pradesh,2011-05-01,34.12,27.900000000000002
andhra_pradesh,2011-06-01,31.7,51.3
andhra_pradesh,2011-07-01,29.79,123.38
andhra_pradesh,2011-08-01,28.76,148.18
andhra_pradesh,2011-09-01,29.01,33.0
andhra_pradesh,2011-10-01,28.26,86.17999999999999
andhra_pradesh,2011-11-01,25.85,29.099999999999998
andhra_pradesh,2011-12-01,25.44,13.33
andhra_pradesh,2012-01-01,24.13,36.89
andhra_pradesh,2012-02-01,26.88,0.0
andhra_pradesh,2012-03-01,30.29,2.79
andhra_pradesh,2012-04-01,31.88,9.9
andhra_pradesh,2012-05-01,34.5,42.160000000000004
andhra_pradesh,2012-06-01,32.41,72.30000000000001
andhra_pradesh,2012-07-01,29.42,122.14
andhra_pradesh,2012-08-01,28.78,118.11
andhra_pradesh,2012-09-01,27.9,159.9
andhra_pradesh,2012-10-01,26.04,186.93
andhra_pradesh,2012-11-01,23.69,129.0
andhra_pradesh,2012-12-01,23.36,5.58
andhra_pradesh,2013-01-01,24.69,0.0
andhra_pradesh,2013-02-01,26.01,53.199999999999996
andhra_pradesh,2013-03-01,29.02,0.0
andhra_pradesh,2013-04-01,31.6,39.0
andhra_pradesh,2013-05-01,34.33,15.5
andhra_pradesh,2013-06-01,30.12,99.3
andhra_pradesh,2013-07-01,28.81,131.13000000000002
andhra_pradesh,2013-08-01,28.02,211.42000000000002
andhra_pradesh,2013-09-01,27.24,129.9
andhra_pradesh,2013-10-01,26.53,312.48
andhra_pradesh,2013-11-01,23.92,60.3
andhra_pradesh,2013-12-01,22.01,0.0
andhra_pradesh,2014-01-01,23.73,0.0
andhra_pradesh,2014-02-01,25.54,3.9200000000000004
andhra_pradesh,2014-03-01,29.31,4.340000000000001
andhra_pradesh,2014-04-01,32.42,0.8999999999999999
andhra_pradesh,2014-05-01,32.8,42.779999999999994
andhra_pradesh,2014-06-01,33.92,16.200000000000003
andhra_pradesh,2014-07-01,30.55,126.17000000000002
andhra_pradesh,2014-08-01,28.95,112.53
andhra_pradesh,2014-09-01,27.74,140.70000000000002
andhra_pradesh,2014-10-01,26.93,148.49
andhra_pradesh,2014-11-01,24.12,82.5
andhra_pradesh,2014-12-01,23.21,32.24
andhra_pradesh,2015-01-01,23.41,1.55
andhra_pradesh,2015-02-01,25.74,0.0
andhra_pradesh,2015-03-01,29.25,1.24
andhra_pradesh,2015-04-01,31.19,23.400000000000002
andhra_pradesh,2015-05-01,34.16,6.51
andhra_pradesh,2015-06-01,29.85,146.7
andhra_pradesh,2015-07-01,30.87,66.64999999999999
andhra_pradesh,2015-08-01,29.22,137.95000000000002
andhra_pradesh,2015-09-01,28.49,99.6
andhra_pradesh,2015-10-01,28.39,50.839999999999996
andhra_pradesh,2015-11-01,25.49,118.2
andhra_pradesh,2015-12-01,24.17,18.599999999999998
andhra_pradesh,2016-01-01,24.9,1.8599999999999999
andhra_pradesh,2016-02-01,27.6,0.0
andhra_pradesh,2016-03-01,29.9,0.0
andhra_pradesh,2016-04-01,32.72,0.0
andhra_pradesh,2016-05-01,33.01,131.44
andhra_pradesh,2016-06-01,29.24,151.79999999999998
andhra_pradesh,2016-07-01,29.24,71.92
andhra_pradesh,2016-08-01,29.72,137.95000000000002
andhra_pradesh,2016-09-01,27.27,196.2
andhra_pradesh,2016-10-01,26.38,26.349999999999998
andhra_pradesh,2016-11-01,25.35,1.7999999999999998
andhra_pradesh,2016-12-01,24.34,21.7
andhra_pradesh,2017-01-01,25.13,0.0
andhra_pradesh,2017-02-01,26.78,0.0
andhra_pradesh,2017-03-01,30.18,2.1700000000000004
andhra_pradesh,2017-04-01,33.42,1.2
andhra_pradesh,2017-05-01,34.01,28.52
andhra_pradesh,2017-06-01,30.5,124.80000000000001
andhra_pradesh,2017-07-01,29.38,204.91
andhra_pradesh,2017-08-01,27.92,214.82999999999998
andhra_pradesh,2017-09-01,27.43,141.9
andhra_pradesh,2017-10-01,26.68,102.3
andhra_pradesh,2017-11-01,24.84,25.2
andhra_pradesh,2017-12-01,23.35,0.0
andhra_pradesh,2018-01-01,24.57,0.0
andhra_pradesh,2018-02-01,26.38,0.0
andhra_pradesh,2018-03-01,29.91,1.8599999999999999
andhra_pradesh,2018-04-01,31.94,24.9
andhra_pradesh,2018-05-01,32.8,18.29
andhra_pradesh,2018-06-01,31.11,84.0
andhra_pradesh,2018-07-01,29.96,109.42999999999999
andhra_pradesh,2018-08-01,28.74,169.88000000000002
andhra_pradesh,2018-09-01,28.61,65.1
andhra_pradesh,2018-10-01,28.16,24.8
andhra_pradesh,2018-11-01,26.97,35.4
andhra_pradesh,2018-12-01,24.67,51.46
andhra_pradesh,2019-01-01,23.55,19.53
andhra_pradesh,2019-02-01,27.02,3.64
andhra_pradesh,2019-03-01,30.31,5.2700000000000005
andhra_pradesh,2019-04-01,32.36,15.0
andhra_pradesh,2019-05-01,34.5,20.77
andhra_pradesh,2019-06-01,32.62,88.8
andhra_pradesh,2019-07-01,30.0,166.16
andhra_pradesh,2019-08-01,28.52,159.96
andhra_pradesh,2019-09-01,27.66,210.29999999999998
andhra_pradesh,2019-10-01,26.52,245.52
andhra_pradesh,2019-11-01,24.83,12.0
andhra_pradesh,2019-12-01,23.72,16.12
andhra_pradesh,2020-01-01,24.6,29.45
andhra_pradesh,2020-02-01,26.3,7.83
andhra_pradesh,2020-03-01,29.63,5.2700000000000005
andhra_pradesh,2020-04-01,31.92,21.0
andhra_pradesh,2020-05-01,34.22,9.299999999999999
andhra_pradesh,2020-06-01,30.73,115.19999999999999
andhra_pradesh,2020-07-01,28.34,224.75
andhra_pradesh,2020-08-01,27.84,139.19
andhra_pradesh,2020-09-01,27.33,263.09999999999997
andhra_pradesh,2020-10-01,26.58,124.61999999999999
andhra_pradesh,2020-11-01,24.85,228.3
andhra_pradesh,2020-12-01,22.35,5.58
andhra_pradesh,2021-01-01,24.38,3.1
andhra_pradesh,2021-02-01,25.38,25.76
andhra_pradesh,2021-03-01,29.44,0.0
andhra_pradesh,2021-04-01,32.16,12.6
andhra_pradesh,2021-05-01,32.05,57.35
andhra_pradesh,2021-06-01,30.78,96.60000000000001
andhra_pradesh,2021-07-01,28.72,205.53
andhra_pradesh,2021-08-01,28.74,139.81
andhra_pradesh,2021-09-01,27.92,163.20000000000002
andhra_pradesh,2021-10-01,26.93,88.97
andhra_pradesh,2021-11-01,25.16,188.4
andhra_pradesh,2021-12-01,22.52,1.55
andhra_pradesh,2022-01-01,23.29,36.89
andhra_pradesh,2022-02-01,25.47,0.0
andhra_pradesh,2022-03-01,30.4,0.31
andhra_pradesh,2022-04-01,32.16,0.3
andhra_pradesh,2022-05-01,31.44,111.91
andhra_pradesh,2022-06-01,30.38,83.1
andhra_pradesh,2022-07-01,28.48,206.15
andhra_pradesh,2022-08-01,28.11,121.83
andhra_pradesh,2022-09-01,28.09,119.4
andhra_pradesh,2022-10-01,25.85,214.21
andhra_pradesh,2022-11-01,23.93,39.300000000000004
andhra_pradesh,2022-12-01,24.26,66.64999999999999
arunachal_pradesh,1999-01-01,12.93,3.41
arunachal_pradesh,1999-02-01,17.03,1.9600000000000002
arunachal_pradesh,1999-03-01,18.69,35.029999999999994
arunachal_pradesh,1999-04-01,23.97,245.39999999999998
arunachal_pradesh,1999-05-01,24.1,157.79
arunachal_pradesh,1999-06-01,26.35,327.6
arunachal_pradesh,1999-07-01,26.22,274.65999999999997
arunachal_pradesh,1999-08-01,25.88,467.79
arunachal_pradesh,1999-09-01,25.49,237.89999999999998
arunachal_pradesh,1999-10-01,21.83,171.11999999999998
arunachal_pradesh,1999-11-01,17.5,9.3
arunachal_pradesh,1999-12-01,14.05,0.9299999999999999
arunachal_pradesh,2000-01-01,12.44,39.68
arunachal_pradesh,2000-02-01,12.29,24.07
arunachal_pradesh,2000-03-01,16.88,42.779999999999994
arunachal_pradesh,2000-04-01,21.24,232.20000000000002
arunachal_pradesh,2000-05-01,24.84,205.53
arunachal_pradesh,2000-06-01,26.27,354.3
arunachal_pradesh,2000-07-01,26.42,547.46
arunachal_pradesh,2000-08-01,25.85,337.28000000000003
arunachal_pradesh,2000-09-01,23.93,370.5
arunachal_pradesh,2000-10-01,22.07,30.69
arunachal_pradesh,2000-11-01,16.96,30.900000000000002
arunachal_pradesh,2000-12-01,13.83,2.1700000000000004
arunachal_pradesh,2001-01-01,12.34,10.85
arunachal_pradesh,2001-02-01,14.78,37.24
arunachal_pradesh,2001-03-01,18.31,38.13
arunachal_pradesh,2001-04-01,21.57,108.89999999999999
arunachal_pradesh,2001-05-01,24.97,194.68
arunachal_pradesh,2001-06-01,26.36,246.60000000000002
arunachal_pradesh,2001-07-01,27.21,362.08
arunachal_pradesh,2001-08-01,27.16,319.3
arunachal_pradesh,2001-09-01,24.89,243.59999999999997
arunachal_pradesh,2001-10-01,21.5,175.77
arunachal_pradesh,2001-11-01,17.78,16.5
arunachal_pradesh,2001-12-01,13.67,6.2
arunachal_pradesh,2002-01-01,12.83,38.44
arunachal_pradesh,2002-02-01,15.35,33.04
arunachal_pradesh,2002-03-01,18.55,83.39
arunachal_pradesh,2002-04-01,21.25,304.8
arunachal_pradesh,2002-05-01,23.52,157.17000000000002
arunachal_pradesh,2002-06-01,26.17,249.9
arunachal_pradesh,2002-07-01,26.15,481.73999999999995
arunachal_pradesh,2002-08-01,26.18,445.15999999999997
arunachal_pradesh,2002-09-01,24.35,264.3
arunachal_pradesh,2002-10-01,20.75,41.230000000000004
arunachal_pradesh,2002-11-01,17.17,34.8
arunachal_pradesh,2002-12-01,13.55,2.1700000000000004
arunachal_pradesh,2003-01-01,12.23,23.87
arunachal_pradesh,2003-02-01,14.03,28.560000000000002
arunachal_pradesh,2003-03-01,17.24,36.269999999999996
arunachal_pradesh,2003-04-01,21.85,165.0
arunachal_pradesh,2003-05-01,24.13,156.24
arunachal_pradesh,2003-06-01,25.48,327.9
arunachal_pradesh,2003-07-01,25.63,762.29
arunachal_pradesh,2003-08-01,26.67,453.84000000000003
arunachal_pradesh,2003-09-01,24.77,312.3
arunachal_pradesh,2003-10-01,21.46,163.06
arunachal_pradesh,2003-11-01,17.02,3.3
arunachal_pradesh,2003-12-01,13.82,2.48
arunachal_pradesh,2004-01-01,12.2,6.82
arunachal_pradesh,2004-02-01,14.39,27.549999999999997
arunachal_pradesh,2004-03-01,19.46,140.43
arunachal_pradesh,2004-04-01,20.91,194.1
arunachal_pradesh,2004-05-01,23.49,662.16
arunachal_pradesh,2004-06-01,25.03,320.7
arunachal_pradesh,2004-07-01,25.0,442.68
arunachal_pradesh,2004-08-01,26.49,404.23999999999995
arunachal_pradesh,2004-09-01,24.49,187.20000000000002
arunachal_pradesh,2004-10-01,20.2,188.48
arunachal_pradesh,2004-11-01,16.15,1.5
arunachal_pradesh,2004-12-01,13.18,15.19
arunachal_pradesh,2005-01-01,12.06,31.93
arunachal_pradesh,2005-02-01,14.44,69.72
arunachal_pradesh,2005-03-01,17.47,176.07999999999998
arunachal_pradesh,2005-04-01,20.64,224.70000000000002
arunachal_pradesh,2005-05-01,22.45,314.65000000000003
arunachal_pradesh,2005-06-01,26.48,352.2
arunachal_pradesh,2005-07-01,26.6,427.18
arunachal_pradesh,2005-08-01,26.32,403.0
arunachal_pradesh,2005-09-01,25.81,132.3
arunachal_pradesh,2005-10-01,21.61,87.73
arunachal_pradesh,2005-11-01,16.38,22.2
arunachal_pradesh,2005-12-01,14.09,0.0
arunachal_pradesh,2006-01-01,12.72,1.55
arunachal_pradesh,2006-02-01,16.12,120.67999999999999
arunachal_pradesh,2006-03-01,18.14,60.449999999999996
arunachal_pradesh,2006-04-01,21.15,236.1
arunachal_pradesh,2006-05-01,24.04,297.90999999999997
arunachal_pradesh,2006-06-01,25.83,506.70000000000005
arunachal_pradesh,2006-07-01,27.17,637.67
arunachal_pradesh,2006-08-01,27.48,338.52
arunachal_pradesh,2006-09-01,24.71,288.29999999999995
arunachal_pradesh,2006-10-01,21.7,109.12
arunachal_pradesh,2006-11-01,16.53,40.800000000000004
arunachal_pradesh,2006-12-01,13.87,12.4
arunachal_pradesh,2007-01-01,12.66,4.03
arunachal_pradesh,2007-02-01,13.01,78.68
arunachal_pradesh,2007-03-01,17.4,33.480000000000004
arunachal_pradesh,2007-04-01,21.07,273.0
arunachal_pradesh,2007-05-01,24.54,204.91
arunachal_pradesh,2007-06-01,25.54,452.1
arunachal_pradesh,2007-07-01,25.82,627.4399999999999
arunachal_pradesh,2007-08-01,27.0,327.67
arunachal_pradesh,2007-09-01,24.3,386.09999999999997
arunachal_pradesh,2007-10-01,21.67,88.35000000000001
arunachal_pradesh,2007-11-01,17.75,15.3
arunachal_pradesh,2007-12-01,13.25,5.89
arunachal_pradesh,2008-01-01,11.9,46.5
arunachal_pradesh,2008-02-01,13.0,21.169999999999998
arunachal_pradesh,2008-03-01,18.44,147.86999999999998
arunachal_pradesh,2008-04-01,21.55,240.29999999999998
arunachal_pradesh,2008-05-01,24.07,346.58
arunachal_pradesh,2008-06-01,25.58,633.3
arunachal_pradesh,2008-07-01,25.86,505.60999999999996
arunachal_pradesh,2008-08-01,25.35,469.34000000000003
arunachal_pradesh,2008-09-01,24.84,264.9
arunachal_pradesh,2008-10-01,21.16,128.65
arunachal_pradesh,2008-11-01,16.53,14.7
arunachal_pradesh,2008-12-01,14.27,1.8599999999999999
arunachal_pradesh,2009-01-01,13.19,38.44
arunachal_pradesh,2009-02-01,14.95,44.52
arunachal_pradesh,2009-03-01,18.02,44.019999999999996
arunachal_pradesh,2009-04-01,21.74,180.29999999999998
arunachal_pradesh,2009-05-01,23.98,205.84
arunachal_pradesh,2009-06-01,25.66,420.0
arunachal_pradesh,2009-07-01,26.47,440.2
arunachal_pradesh,2009-08-01,26.03,659.99
arunachal_pradesh,2009-09-01,25.35,228.9
arunachal_pradesh,2009-10-01,21.16,168.32999999999998
arunachal_pradesh,2009-11-01,16.85,17.099999999999998
arunachal_pradesh,2009-12-01,12.56,8.370000000000001
arunachal_pradesh,2010-01-01,12.99,0.0
arunachal_pradesh,2010-02-01,13.8,13.44
arunachal_pradesh,2010-03-01,18.64,179.79999999999998
arunachal_pradesh,2010-04-01,21.61,487.80000000000007
arunachal_pradesh,2010-05-01,23.14,394.94
arunachal_pradesh,2010-06-01,24.54,484.8
arunachal_pradesh,2010-07-01,25.76,492.90000000000003
arunachal_pradesh,2010-08-01,25.99,517.08
arunachal_pradesh,2010-09-01,24.38,613.8000000000001
arunachal_pradesh,2010-10-01,21.31,105.09
arunachal_pradesh,2010-11-01,16.99,49.8
arunachal_pradesh,2010-12-01,13.38,5.2700000000000005
arunachal_pradesh,2011-01-01,11.01,15.5
arunachal_pradesh,2011-02-01,14.37,12.32
arunachal_pradesh,2011-03-01,17.44,171.11999999999998
arunachal_pradesh,2011-04-01,20.98,153.6
arunachal_pradesh,2011-05-01,23.76,187.24
arunachal_pradesh,2011-06-01,25.78,358.8
arunachal_pradesh,2011-07-01,25.24,657.51
arunachal_pradesh,2011-08-01,25.92,341.62
arunachal_pradesh,2011-09-01,25.18,402.0
arunachal_pradesh,2011-10-01,21.24,21.080000000000002
arunachal_pradesh,2011-11-01,16.13,6.9
arunachal_pradesh,2011-12-01,13.75,25.419999999999998
arunachal_pradesh,2012-01-01,11.1,16.740000000000002
arunachal_pradesh,2012-02-01,14.06,8.41
arunachal_pradesh,2012-03-01,17.03,58.9
arunachal_pradesh,2012-04-01,20.5,318.29999999999995
arunachal_pradesh,2012-05-01,24.17,290.78000000000003
arunachal_pradesh,2012-06-01,25.06,562.5
arunachal_pradesh,2012-07-01,25.82,580.3199999999999
arunachal_pradesh,2012-08-01,26.57,466.23999999999995
arunachal_pradesh,2012-09-01,24.15,617.4
arunachal_pradesh,2012-10-01,21.37,162.44
arunachal_pradesh,2012-11-01,17.62,10.5
arunachal_pradesh,2012-12-01,14.56,15.19
arunachal_pradesh,2013-01-01,13.6,6.2
arunachal_pradesh,2013-02-01,17.86,5.32
arunachal_pradesh,2013-03-01,20.53,118.73
arunachal_pradesh,2013-04-01,21.9,189.0
arunachal_pradesh,2013-05-01,23.6,383.78000000000003
arunachal_pradesh,2013-06-01,26.51,387.6
arunachal_pradesh,2013-07-01,25.96,497.55
arunachal_pradesh,2013-08-01,26.19,460.34999999999997
arunachal_pradesh,2013-09-01,24.83,284.40000000000003
arunachal_pradesh,2013-10-01,21.3,203.35999999999999
arunachal_pradesh,2013-11-01,16.72,0.8999999999999999
arunachal_pradesh,2013-12-01,13.25,6.51
arunachal_pradesh,2014-01-01,13.41,3.41
arunachal_pradesh,2014-02-01,14.4,38.080000000000005
arunachal_pradesh,2014-03-01,19.03,34.410000000000004
arunachal_pradesh,2014-04-01,22.85,59.1
arunachal_pradesh,2014-05-01,23.78,474.61
arunachal_pradesh,2014-06-01,25.76,412.8
arunachal_pradesh,2014-07-01,26.35,323.02
arunachal_pradesh,2014-08-01,25.43,600.16
arunachal_pradesh,2014-09-01,24.65,424.20000000000005
arunachal_pradesh,2014-10-01,21.95,34.720000000000006
arunachal_pradesh,2014-11-01,17.95,9.9
arunachal_pradesh,2014-12-01,15.47,1.8599999999999999
arunachal_pradesh,2015-01-01,15.03,8.370000000000001
arunachal_pradesh,2015-02-01,16.03,39.76
arunachal_pradesh,2015-03-01,19.66,54.25
arunachal_pradesh,2015-04-01,20.17,258.59999999999997
arunachal_pradesh,2015-05-01,23.39,402.38
arunachal_pradesh,2015-06-01,24.51,603.6
arunachal_pradesh,2015-07-01,26.15,345.96
arunachal_pradesh,2015-08-01,25.29,859.63
arunachal_pradesh,2015-09-01,24.37,310.2
arunachal_pradesh,2015-10-01,21.72,87.73
arunachal_pradesh,2015-11-01,17.75,27.900000000000002
arunachal_pradesh,2015-12-01,13.77,13.33
arunachal_pradesh,2016-01-01,12.95,25.110000000000003
arunachal_pradesh,2016-02-01,16.0,83.52
arunachal_pradesh,2016-03-01,18.66,96.10000000000001
arunachal_pradesh,2016-04-01,21.11,409.5
arunachal_pradesh,2016-05-01,23.35,263.81
arunachal_pradesh,2016-06-01,25.53,417.3
arunachal_pradesh,2016-07-01,25.56,733.15
arunachal_pradesh,2016-08-01,27.46,204.6
arunachal_pradesh,2016-09-01,24.56,581.7
arunachal_pradesh,2016-10-01,22.44,143.22
arunachal_pradesh,2016-11-01,18.61,2.4
arunachal_pradesh,2016-12-01,16.28,7.13
arunachal_pradesh,2017-01-01,14.49,4.340000000000001
arunachal_pradesh,2017-02-01,16.6,70.56
arunachal_pradesh,2017-03-01,17.59,128.34
arunachal_pradesh,2017-04-01,21.21,383.4
arunachal_pradesh,2017-05-01,23.95,377.89
arunachal_pradesh,2017-06-01,25.44,613.2
arunachal_pradesh,2017-07-01,26.12,573.1899999999999
arunachal_pradesh,2017-08-01,26.58,602.33
arunachal_pradesh,2017-09-01,24.96,379.8
arunachal_pradesh,2017-10-01,22.71,264.43
arunachal_pradesh,2017-11-01,18.19,3.0
arunachal_pradesh,2017-12-01,16.04,1.24
arunachal_pradesh,2018-01-01,13.81,19.22
arunachal_pradesh,2018-02-01,15.61,37.24
arunachal_pradesh,2018-03-01,18.72,135.16
arunachal_pradesh,2018-04-01,21.52,154.8
arunachal_pradesh,2018-05-01,23.24,262.26000000000005
arunachal_pradesh,2018-06-01,25.75,381.90000000000003
arunachal_pradesh,2018-07-01,26.35,598.3000000000001
arunachal_pradesh,2018-08-01,26.63,281.79
arunachal_pradesh,2018-09-01,24.69,493.8
arunachal_pradesh,2018-10-01,20.91,57.970000000000006
arunachal_pradesh,2018-11-01,16.67,84.6
arunachal_pradesh,2018-12-01,14.65,19.22
arunachal_pradesh,2019-01-01,13.28,15.81
arunachal_pradesh,2019-02-01,15.26,77.83999999999999
arunachal_pradesh,2019-03-01,17.83,58.9
arunachal_pradesh,2019-04-01,21.77,137.4
arunachal_pradesh,2019-05-01,23.22,404.55
arunachal_pradesh,2019-06-01,26.17,487.19999999999993
arunachal_pradesh,2019-07-01,25.27,942.09
arunachal_pradesh,2019-08-01,27.39,211.10999999999999
arunachal_pradesh,2019-09-01,24.6,486.90000000000003
arunachal_pradesh,2019-10-01,21.95,153.14000000000001
arunachal_pradesh,2019-11-01,19.54,16.200000000000003
arunachal_pradesh,2019-12-01,13.82,3.41
arunachal_pradesh,2020-01-01,12.79,45.26
arunachal_pradesh,2020-02-01,15.46,40.019999999999996
arunachal_pradesh,2020-03-01,18.82,45.26
arunachal_pradesh,2020-04-01,20.45,260.4
arunachal_pradesh,2020-05-01,23.31,483.29
arunachal_pradesh,2020-06-01,25.01,879.9
arunachal_pradesh,2020-07-01,25.41,1209.93
arunachal_pradesh,2020-08-01,26.42,509.95
arunachal_pradesh,2020-09-01,24.97,673.2
arunachal_pradesh,2020-10-01,23.26,179.49
arunachal_pradesh,2020-11-01,17.53,35.4
arunachal_pradesh,2020-12-01,13.99,11.47
arunachal_pradesh,2021-01-01,13.51,17.669999999999998
arunachal_pradesh,2021-02-01,16.02,3.36
arunachal_pradesh,2021-03-01,18.85,80.60000000000001
arunachal_pradesh,2021-04-01,21.44,103.8
arunachal_pradesh,2021-05-01,23.51,363.01000000000005
arunachal_pradesh,2021-06-01,25.0,651.9
arunachal_pradesh,2021-07-01,26.34,299.15000000000003
arunachal_pradesh,2021-08-01,25.32,838.24
arunachal_pradesh,2021-09-01,25.68,138.6
arunachal_pradesh,2021-10-01,23.03,204.29
arunachal_pradesh,2021-11-01,16.74,4.8
arunachal_pradesh,2021-12-01,14.52,13.950000000000001
arunachal_pradesh,2022-01-01,12.5,36.58
arunachal_pradesh,2022-02-01,12.24,77.56
arunachal_pradesh,2022-03-01,20.21,94.24
arunachal_pradesh,2022-04-01,20.79,475.5
arunachal_pradesh,2022-05-01,23.45,496.0
arunachal_pradesh,2022-06-01,24.23,1026.6
arunachal_pradesh,2022-07-01,26.85,324.26000000000005
arunachal_pradesh,2022-08-01,27.1,320.84999999999997
arunachal_pradesh,2022-09-01,24.65,421.5
arunachal_pradesh,2022-10-01,21.39,502.2
arunachal_pradesh,2022-11-01,16.93,0.0
arunachal_pradesh,2022-12-01,14.26,29.139999999999997
assam,1999-01-01,16.35,1.24
assam,1999-02-01,21.12,0.0
assam,1999-03-01,24.14,21.389999999999997
assam,1999-04-01,30.0,66.0
assam,1999-05-01,28.69,181.04
assam,1999-06-01,30.01,124.80000000000001
assam,1999-07-01,28.53,161.51
assam,1999-08-01,27.96,287.37
assam,1999-09-01,27.17,198.6
assam,1999-10-01,24.72,110.05
assam,1999-11-01,20.3,2.6999999999999997
assam,1999-12-01,17.33,2.1700000000000004
assam,2000-01-01,16.15,12.4
assam,2000-02-01,16.89,7.54
assam,2000-03-01,22.57,27.59
assam,2000-04-01,27.17,133.20000000000002
assam,2000-05-01,28.26,210.79999999999998
assam,2000-06-01,28.46,286.8
assam,2000-07-01,28.52,179.79999999999998
assam,2000-08-01,28.05,227.54
assam,2000-09-01,26.71,159.29999999999998
assam,2000-10-01,25.11,71.3
assam,2000-11-01,20.35,24.0
assam,2000-12-01,16.61,5.89
assam,2001-01-01,15.22,2.79
assam,2001-02-01,19.01,36.120000000000005
assam,2001-03-01,23.17,20.77
assam,2001-04-01,27.42,103.2
assam,2001-05-01,28.32,168.64000000000001
assam,2001-06-01,28.3,184.5
assam,2001-07-01,29.45,139.81
assam,2001-08-01,29.57,126.48
assam,2001-09-01,27.44,134.70000000000002
assam,2001-10-01,25.38,79.98
assam,2001-11-01,21.92,20.1
assam,2001-12-01,17.19,2.79
assam,2002-01-01,17.25,9.61
assam,2002-02-01,19.98,8.4
assam,2002-03-01,24.45,55.49
assam,2002-04-01,26.63,147.89999999999998
assam,2002-05-01,27.93,156.85999999999999
assam,2002-06-01,29.26,146.7
assam,2002-07-01,28.49,247.69
assam,2002-08-01,27.85,255.75
assam,2002-09-01,27.15,118.5
assam,2002-10-01,24.45,38.44
assam,2002-11-01,21.0,45.0
assam,2002-12-01,17.45,27.28
assam,2003-01-01,15.36,5.2700000000000005
assam,2003-02-01,19.1,18.48
assam,2003-03-01,22.44,67.89
assam,2003-04-01,27.28,100.5
assam,2003-05-01,28.67,123.38
assam,2003-06-01,28.7,207.89999999999998
assam,2003-07-01,28.55,240.86999999999998
assam,2003-08-01,29.19,151.9
assam,2003-09-01,27.88,214.5
assam,2003-10-01,24.38,143.84
assam,2003-11-01,19.86,24.3
assam,2003-12-01,16.77,15.81
assam,2004-01-01,15.74,6.82
assam,2004-02-01,18.54,12.47
assam,2004-03-01,24.29,29.759999999999998
assam,2004-04-01,25.66,271.2
assam,2004-05-01,27.58,230.64000000000001
assam,2004-06-01,28.17,191.1
assam,2004-07-01,27.54,281.79
assam,2004-08-01,28.59,222.27
assam,2004-09-01,26.67,135.9
assam,2004-10-01,23.28,164.29999999999998
assam,2004-11-01,19.48,1.7999999999999998
assam,2004-12-01,16.87,5.58
assam,2005-01-01,15.47,12.09
assam,2005-02-01,19.71,21.0
assam,2005-03-01,23.99,97.34
assam,2005-04-01,26.06,135.9
assam,2005-05-01,26.92,176.07999999999998
assam,2005-06-01,29.43,120.3
assam,2005-07-01,29.18,192.20000000000002
assam,2005-08-01,28.63,322.71
assam,2005-09-01,27.87,131.4
assam,2005-10-01,24.49,104.47
assam,2005-11-01,19.93,9.3
assam,2005-12-01,17.54,3.7199999999999998
assam,2006-01-01,16.15,0.31
assam,2006-02-01,21.1,48.44
assam,2006-03-01,23.92,8.06
assam,2006-04-01,26.53,125.39999999999999
assam,2006-05-01,28.51,184.76
assam,2006-06-01,28.51,238.8
assam,2006-07-01,29.37,135.47
assam,2006-08-01,30.07,118.42
assam,2006-09-01,28.1,102.0
assam,2006-10-01,25.67,56.730000000000004
assam,2006-11-01,21.09,24.3
assam,2006-12-01,17.82,8.99
assam,2007-01-01,16.26,4.6499999999999995
assam,2007-02-01,18.07,75.88
assam,2007-03-01,22.28,20.150000000000002
assam,2007-04-01,26.28,177.0
assam,2007-05-01,28.16,174.53
assam,2007-06-01,28.03,264.6
assam,2007-07-01,28.15,276.52
assam,2007-08-01,28.56,170.5
assam,2007-09-01,26.63,213.3
assam,2007-10-01,24.47,75.33
assam,2007-11-01,20.71,75.3
assam,2007-12-01,16.24,13.950000000000001
assam,2008-01-01,15.67,30.07
assam,2008-02-01,16.99,10.73
assam,2008-03-01,23.25,81.22
assam,2008-04-01,26.67,115.8
assam,2008-05-01,28.11,159.03
assam,2008-06-01,28.17,225.0
assam,2008-07-01,28.0,270.01000000000005
assam,2008-08-01,27.44,253.89
assam,2008-09-01,27.12,108.3
assam,2008-10-01,24.29,83.08
assam,2008-11-01,20.23,4.2
assam,2008-12-01,18.53,5.2700000000000005
assam,2009-01-01,17.29,4.340000000000001
assam,2009-02-01,19.66,9.799999999999999
assam,2009-03-01,23.9,39.06
assam,2009-04-01,27.42,100.8
assam,2009-05-01,28.39,187.54999999999998
assam,2009-06-01,29.02,186.9
assam,2009-07-01,29.01,223.82
assam,2009-08-01,27.97,270.94
assam,2009-09-01,27.43,129.9
assam,2009-10-01,24.18,119.35000000000001
assam,2009-11-01,20.78,10.799999999999999
assam,2009-12-01,16.75,14.879999999999999
assam,2010-01-01,16.42,1.8599999999999999
assam,2010-02-01,18.91,2.52
assam,2010-03-01,24.95,115.01
assam,2010-04-01,26.87,237.3
assam,2010-05-01,27.23,209.56
assam,2010-06-01,27.57,403.5
assam,2010-07-01,27.99,243.35
assam,2010-08-01,27.82,207.39000000000001
assam,2010-09-01,26.84,240.29999999999998
assam,2010-10-01,24.31,90.52
assam,2010-11-01,20.99,18.9
assam,2010-12-01,16.59,15.81
assam,2011-01-01,14.75,14.879999999999999
assam,2011-02-01,18.73,6.72
assam,2011-03-01,22.69,78.74
assam,2011-04-01,25.88,76.2
assam,2011-05-01,27.6,207.70000000000002
assam,2011-06-01,28.19,237.89999999999998
assam,2011-07-01,27.6,288.3
assam,2011-08-01,27.53,277.76000000000005
assam,2011-09-01,27.28,178.8
assam,2011-10-01,24.77,12.4
assam,2011-11-01,19.95,34.199999999999996
assam,2011-12-01,17.45,4.03
assam,2012-01-01,15.25,11.16
assam,2012-02-01,18.48,4.64
assam,2012-03-01,23.05,36.269999999999996
assam,2012-04-01,26.32,190.5
assam,2012-05-01,28.61,145.70000000000002
assam,2012-06-01,28.06,372.9
assam,2012-07-01,28.14,259.78000000000003
assam,2012-08-01,28.1,177.63000000000002
assam,2012-09-01,27.2,219.9
assam,2012-10-01,25.15,103.85000000000001
assam,2012-11-01,21.04,18.9
assam,2012-12-01,18.01,12.4
assam,2013-01-01,16.81,1.24
assam,2013-02-01,21.13,6.44
assam,2013-03-01,24.9,31.0
assam,2013-04-01,27.18,115.5
assam,2013-05-01,27.2,303.8
assam,2013-06-01,29.14,172.5
assam,2013-07-01,28.22,305.65999999999997
assam,2013-08-01,27.43,242.73
assam,2013-09-01,27.12,171.9
assam,2013-10-01,24.62,121.52
assam,2013-11-01,20.54,0.3
assam,2013-12-01,17.69,2.79
assam,2014-01-01,17.78,0.9299999999999999
assam,2014-02-01,18.95,26.599999999999998
assam,2014-03-01,23.7,21.389999999999997
assam,2014-04-01,29.09,27.3
assam,2014-05-01,28.95,232.5
assam,2014-06-01,29.43,250.5
assam,2014-07-01,28.69,190.34
assam,2014-08-01,27.81,212.97
assam,2014-09-01,27.0,304.20000000000005
assam,2014-10-01,25.28,27.28
assam,2014-11-01,22.16,3.3
assam,2014-12-01,19.21,1.55
assam,2015-01-01,18.78,15.19
assam,2015-02-01,20.76,10.36
assam,2015-03-01,25.38,14.26
assam,2015-04-01,26.15,169.8
assam,2015-05-01,28.25,258.54
assam,2015-06-01,28.24,345.0
assam,2015-07-01,27.84,259.78000000000003
assam,2015-08-01,27.55,337.90000000000003
assam,2015-09-01,27.37,149.4
assam,2015-10-01,25.29,62.309999999999995
assam,2015-11-01,21.72,23.700000000000003
assam,2015-12-01,17.75,32.550000000000004
assam,2016-01-01,16.89,24.490000000000002
assam,2016-02-01,20.9,22.04
assam,2016-03-01,25.22,42.470000000000006
assam,2016-04-01,28.09,183.0
assam,2016-05-01,27.91,257.3
assam,2016-06-01,28.44,185.1
assam,2016-07-01,27.74,262.88
assam,2016-08-01,28.81,160.89000000000001
assam,2016-09-01,27.05,195.0
assam,2016-10-01,25.85,63.24
assam,2016-11-01,22.16,54.6
assam,2016-12-01,19.98,7.4399999999999995
assam,2017-01-01,18.71,0.9299999999999999
assam,2017-02-01,20.98,41.16
assam,2017-03-01,23.33,98.58
assam,2017-04-01,26.16,179.1
assam,2017-05-01,28.08,230.02
assam,2017-06-01,28.07,273.0
assam,2017-07-01,27.8,277.76000000000005
assam,2017-08-01,28.08,272.8
assam,2017-09-01,27.46,212.7
assam,2017-10-01,25.46,155.93
assam,2017-11-01,21.32,11.1
assam,2017-12-01,18.9,17.360000000000003
assam,2018-01-01,16.42,8.370000000000001
assam,2018-02-01,19.75,7.840000000000001
assam,2018-03-01,23.78,58.589999999999996
assam,2018-04-01,26.36,104.10000000000001
assam,2018-05-01,27.38,156.85999999999999
assam,2018-06-01,28.52,279.6
assam,2018-07-01,28.37,238.07999999999998
assam,2018-08-01,28.32,262.57
assam,2018-09-01,27.45,134.1
assam,2018-10-01,24.45,30.07
assam,2018-11-01,21.27,9.6
assam,2018-12-01,18.2,36.58
assam,2019-01-01,17.39,2.79
assam,2019-02-01,19.44,41.72
assam,2019-03-01,22.82,39.68
assam,2019-04-01,26.76,108.89999999999999
assam,2019-05-01,28.09,236.53
assam,2019-06-01,29.06,216.3
assam,2019-07-01,28.25,276.52
assam,2019-08-01,29.06,216.69
assam,2019-09-01,27.21,212.7
assam,2019-10-01,24.79,154.69
assam,2019-11-01,22.02,15.0
assam,2019-12-01,17.32,1.8599999999999999
assam,2020-01-01,16.49,15.81
assam,2020-02-01,18.86,11.889999999999999
assam,2020-03-01,23.52,16.12
assam,2020-04-01,26.13,132.0
assam,2020-05-01,27.55,251.40999999999997
assam,2020-06-01,27.74,241.8
assam,2020-07-01,27.82,202.43
assam,2020-08-01,28.48,164.92000000000002
assam,2020-09-01,27.66,193.8
assam,2020-10-01,26.85,140.43
assam,2020-11-01,21.98,11.4
assam,2020-12-01,18.13,0.31
assam,2021-01-01,17.5,8.06
assam,2021-02-01,19.74,3.08
assam,2021-03-01,24.6,39.37
assam,2021-04-01,27.4,44.7
assam,2021-05-01,28.65,141.98
assam,2021-06-01,28.83,192.6
assam,2021-07-01,29.09,199.95000000000002
assam,2021-08-01,28.31,174.53
assam,2021-09-01,28.61,131.1
assam,2021-10-01,26.79,86.8
assam,2021-11-01,21.32,2.1
assam,2021-12-01,18.85,8.680000000000001
assam,2022-01-01,17.1,17.05
assam,2022-02-01,17.11,45.080000000000005
assam,2022-03-01,25.21,26.04
assam,2022-04-01,26.82,174.29999999999998
assam,2022-05-01,27.27,254.51000000000002
assam,2022-06-01,27.18,291.6
assam,2022-07-01,28.82,148.18
assam,2022-08-01,29.47,90.83
assam,2022-09-01,28.12,100.19999999999999
assam,2022-10-01,25.25,134.85
assam,2022-11-01,21.66,0.0
assam,2022-12-01,18.92,6.51
bihar,1999-01-01,15.98,0.0
bihar,1999-02-01,21.53,0.56
bihar,1999-03-01,26.42,0.0
bihar,1999-04-01,32.87,0.0
bihar,1999-05-01,34.57,87.73
bihar,1999-06-01,33.72,121.2
bihar,1999-07-01,29.83,350.61
bihar,1999-08-01,28.36,221.96
bihar,1999-09-01,27.47,85.5
bihar,1999-10-01,25.02,84.01
bihar,1999-11-01,20.65,1.7999999999999998
bihar,1999-12-01,17.89,0.0
bihar,2000-01-01,17.19,2.79
bihar,2000-02-01,19.46,7.25
bihar,2000-03-01,25.57,7.4399999999999995
bihar,2000-04-01,32.86,14.399999999999999
bihar,2000-05-01,35.77,40.300000000000004
bihar,2000-06-01,32.46,212.7
bihar,2000-07-01,30.08,244.28
bihar,2000-08-01,29.1,174.22
bihar,2000-09-01,27.26,251.40000000000003
bihar,2000-10-01,25.47,0.9299999999999999
bihar,2000-11-01,21.68,0.0
bihar,2000-12-01,16.46,0.0
bihar,2001-01-01,15.62,7.4399999999999995
bihar,2001-02-01,20.8,1.68
bihar,2001-03-01,26.35,9.299999999999999
bihar,2001-04-01,32.26,6.3
bihar,2001-05-01,35.83,60.76
bihar,2001-06-01,31.47,296.09999999999997
bihar,2001-07-01,29.37,230.95000000000002
bihar,2001-08-01,29.11,169.26
bihar,2001-09-01,27.59,156.3
bihar,2001-10-01,25.71,114.39
bihar,2001-11-01,21.27,0.3
bihar,2001-12-01,16.18,0.0
bihar,2002-01-01,16.55,14.569999999999999
bihar,2002-02-01,20.15,9.520000000000001
bihar,2002-03-01,26.41,6.51
bihar,2002-04-01,32.62,4.2
bihar,2002-05-01,33.94,101.67999999999999
bihar,2002-06-01,33.97,88.5
bihar,2002-07-01,31.22,235.91
bihar,2002-08-01,28.73,285.82
bihar,2002-09-01,27.26,118.8
bihar,2002-10-01,24.86,82.77
bihar,2002-11-01,21.5,1.5
bihar,2002-12-01,17.59,4.96
bihar,2003-01-01,14.97,6.82
bihar,2003-02-01,20.58,40.32
bihar,2003-03-01,25.51,4.6499999999999995
bihar,2003-04-01,32.85,14.7
bihar,2003-05-01,34.83,21.7
bihar,2003-06-01,35.1,166.79999999999998
bihar,2003-07-01,30.77,304.11
bihar,2003-08-01,29.01,238.07999999999998
bihar,2003-09-01,27.99,150.9
bihar,2003-10-01,24.46,144.46
bihar,2003-11-01,19.13,0.6
bihar,2003-12-01,16.49,8.99
bihar,2004-01-01,15.4,18.29
bihar,2004-02-01,19.19,1.4500000000000002
bihar,2004-03-01,27.26,1.55
bihar,2004-04-01,32.6,23.1
bihar,2004-05-01,35.59,31.31
bihar,2004-06-01,32.65,267.9
bihar,2004-07-01,29.42,198.09
bihar,2004-08-01,28.81,224.13000000000002
bihar,2004-09-01,27.73,99.0
bihar,2004-10-01,25.23,22.32
bihar,2004-11-01,21.42,0.3
bihar,2004-12-01,18.05,0.62
bihar,2005-01-01,16.69,21.389999999999997
bihar,2005-02-01,21.52,24.08
bihar,2005-03-01,27.91,13.33
bihar,2005-04-01,31.77,5.3999999999999995
bihar,2005-05-01,35.5,6.82
bihar,2005-06-01,37.21,76.2
bihar,2005-07-01,30.27,286.75
bihar,2005-08-01,29.25,184.14000000000001
bihar,2005-09-01,28.23,109.5
bihar,2005-10-01,26.76,36.58
bihar,2005-11-01,20.36,0.3
bihar,2005-12-01,16.96,0.9299999999999999
bihar,2006-01-01,17.05,0.0
bihar,2006-02-01,23.46,0.0
bihar,2006-03-01,26.63,9.61
bihar,2006-04-01,32.2,11.4
bihar,2006-05-01,35.05,45.88
bihar,2006-06-01,31.59,277.2
bihar,2006-07-01,29.69,330.46
bihar,2006-08-01,28.55,206.77
bihar,2006-09-01,27.53,201.3
bihar,2006-10-01,25.44,5.58
bihar,2006-11-01,21.24,3.3
bihar,2006-12-01,17.89,0.31
bihar,2007-01-01,16.29,0.0
bihar,2007-02-01,19.92,52.919999999999995
bihar,2007-03-01,24.75,22.63
bihar,2007-04-01,32.11,27.900000000000002
bihar,2007-05-01,34.27,53.01
bihar,2007-06-01,34.76,83.1
bihar,2007-07-01,29.57,433.07
bihar,2007-08-01,28.64,272.8
bihar,2007-09-01,27.53,269.7
bihar,2007-10-01,24.17,41.85
bihar,2007-11-01,20.29,0.8999999999999999
bihar,2007-12-01,15.02,0.0
bihar,2008-01-01,15.14,54.87
bihar,2008-02-01,17.1,9.28
bihar,2008-03-01,25.8,2.79
bihar,2008-04-01,30.76,20.7
bihar,2008-05-01,34.64,49.6
bihar,2008-06-01,30.91,425.1
bihar,2008-07-01,28.78,330.77
bihar,2008-08-01,28.3,344.09999999999997
bihar,2008-09-01,27.59,114.6
bihar,2008-10-01,25.3,3.41
bihar,2008-11-01,20.29,0.0
bihar,2008-12-01,17.62,0.0
bihar,2009-01-01,17.37,4.340000000000001
bihar,2009-02-01,20.61,0.28
bihar,2009-03-01,26.64,1.8599999999999999
bihar,2009-04-01,32.06,1.2
bihar,2009-05-01,34.16,62.62
bihar,2009-06-01,35.49,72.30000000000001
bihar,2009-07-01,32.14,187.24
bihar,2009-08-01,30.03,213.28
bihar,2009-09-01,28.12,193.5
bihar,2009-10-01,24.39,42.470000000000006
bihar,2009-11-01,21.45,9.0
bihar,2009-12-01,17.74,3.41
bihar,2010-01-01,15.75,0.31
bihar,2010-02-01,20.67,5.88
bihar,2010-03-01,28.56,0.0
bihar,2010-04-01,34.21,0.6
bihar,2010-05-01,35.77,44.64
bihar,2010-06-01,36.21,69.0
bihar,2010-07-01,31.69,223.82
bihar,2010-08-01,29.89,206.15
bihar,2010-09-01,28.15,110.1
bihar,2010-10-01,26.23,81.84
bihar,2010-11-01,23.33,2.1
bihar,2010-12-01,17.11,4.340000000000001
bihar,2011-01-01,15.23,3.7199999999999998
bihar,2011-02-01,20.57,5.04
bihar,2011-03-01,27.01,4.96
bihar,2011-04-01,30.94,34.5
bihar,2011-05-01,35.4,36.269999999999996
bihar,2011-06-01,33.34,318.59999999999997
bihar,2011-07-01,29.73,116.25
bihar,2011-08-01,28.45,281.79
bihar,2011-09-01,27.35,278.4
bihar,2011-10-01,24.99,9.92
bihar,2011-11-01,20.62,0.0
bihar,2011-12-01,16.44,0.0
bihar,2012-01-01,16.15,21.080000000000002
bihar,2012-02-01,19.63,3.19
bihar,2012-03-01,25.08,8.370000000000001
bihar,2012-04-01,32.36,11.1
bihar,2012-05-01,35.73,24.490000000000002
bihar,2012-06-01,36.83,99.3
bihar,2012-07-01,30.54,300.7
bihar,2012-08-01,28.31,356.5
bihar,2012-09-01,27.13,177.89999999999998
bihar,2012-10-01,23.17,34.720000000000006
bihar,2012-11-01,17.8,22.8
bihar,2012-12-01,14.84,0.62
bihar,2013-01-01,13.54,4.340000000000001
bihar,2013-02-01,18.7,23.24
bihar,2013-03-01,25.53,2.48
bihar,2013-04-01,31.16,24.0
bihar,2013-05-01,34.18,84.94000000000001
bihar,2013-06-01,32.3,104.7
bihar,2013-07-01,30.93,97.03
bihar,2013-08-01,29.55,175.15
bihar,2013-09-01,28.24,217.20000000000002
bihar,2013-10-01,25.0,208.01
bihar,2013-11-01,19.02,0.0
bihar,2013-12-01,16.67,0.0
bihar,2014-01-01,15.77,37.199999999999996
bihar,2014-02-01,18.33,45.919999999999995
bihar,2014-03-01,24.37,9.92
bihar,2014-04-01,31.78,0.3
bihar,2014-05-01,35.07,83.7
bihar,2014-06-01,35.9,79.80000000000001
bihar,2014-07-01,30.33,246.45000000000002
bihar,2014-08-01,29.31,345.34000000000003
bihar,2014-09-01,27.58,199.2
bihar,2014-10-01,24.97,46.5
bihar,2014-11-01,19.69,0.0
bihar,2014-12-01,14.95,7.75
bihar,2015-01-01,15.52,25.73
bihar,2015-02-01,20.81,2.24
bihar,2015-03-01,25.22,23.56
bihar,2015-04-01,30.84,18.9
bihar,2015-05-01,35.84,26.97
bihar,2015-06-01,35.43,153.3
bihar,2015-07-01,29.58,398.65999999999997
bihar,2015-08-01,28.97,251.1
bihar,2015-09-01,28.05,84.6
bihar,2015-10-01,26.12,8.370000000000001
bihar,2015-11-01,23.78,0.0
bihar,2015-12-01,18.37,2.1700000000000004
bihar,2016-01-01,17.57,21.080000000000002
bihar,2016-02-01,22.57,5.800000000000001
bihar,2016-03-01,28.26,15.19
bihar,2016-04-01,35.02,0.3
bihar,2016-05-01,35.34,53.94
bihar,2016-06-01,35.44,67.2
bihar,2016-07-01,30.26,343.79
bihar,2016-08-01,29.0,213.59
bihar,2016-09-01,27.89,380.7
bihar,2016-10-01,24.71,79.67
bihar,2016-11-01,18.23,0.0
bihar,2016-12-01,14.94,0.0
bihar,2017-01-01,16.23,2.48
bihar,2017-02-01,20.19,0.0
bihar,2017-03-01,25.64,8.06
bihar,2017-04-01,32.98,3.3
bihar,2017-05-01,36.15,33.79
bihar,2017-06-01,35.67,65.4
bihar,2017-07-01,29.2,416.33
bihar,2017-08-01,28.78,293.88
bihar,2017-09-01,28.65,102.30000000000001
bihar,2017-10-01,26.57,26.66
bihar,2017-11-01,21.3,0.8999999999999999
bihar,2017-12-01,18.17,0.0
bihar,2018-01-01,14.99,0.0
bihar,2018-02-01,21.97,3.08
bihar,2018-03-01,27.69,1.8599999999999999
bihar,2018-04-01,32.19,19.5
bihar,2018-05-01,34.86,25.73
bihar,2018-06-01,35.77,81.60000000000001
bihar,2018-07-01,31.91,252.96
bihar,2018-08-01,28.99,243.35
bihar,2018-09-01,28.09,73.8
bihar,2018-10-01,26.1,9.92
bihar,2018-11-01,22.71,0.0
bihar,2018-12-01,16.53,8.99
bihar,2019-01-01,16.49,6.51
bihar,2019-02-01,21.04,19.88
bihar,2019-03-01,25.98,9.61
bihar,2019-04-01,33.04,11.4
bihar,2019-05-01,36.54,8.99
bihar,2019-06-01,37.05,66.9
bihar,2019-07-01,30.97,303.48999999999995
bihar,2019-08-01,29.47,202.11999999999998
bihar,2019-09-01,28.09,327.6
bihar,2019-10-01,24.31,19.22
bihar,2019-11-01,20.54,0.0
bihar,2019-12-01,14.67,22.009999999999998
bihar,2020-01-01,14.75,10.23
bihar,2020-02-01,17.41,24.07
bihar,2020-03-01,24.21,55.800000000000004
bihar,2020-04-01,30.21,16.5
bihar,2020-05-01,33.41,59.21
bihar,2020-06-01,31.47,248.7
bihar,2020-07-01,29.2,307.83
bihar,2020-08-01,28.93,180.42000000000002
bihar,2020-09-01,28.39,245.99999999999997
bihar,2020-10-01,26.28,68.2
bihar,2020-11-01,20.08,2.6999999999999997
bihar,2020-12-01,16.39,0.31
bihar,2021-01-01,16.87,0.31
bihar,2021-02-01,20.6,1.12
bihar,2021-03-01,27.71,1.55
bihar,2021-04-01,32.44,1.5
bihar,2021-05-01,32.28,218.85999999999999
bihar,2021-06-01,30.33,311.70000000000005
bihar,2021-07-01,29.28,294.19
bihar,2021-08-01,28.68,283.34000000000003
bihar,2021-09-01,27.98,157.79999999999998
bihar,2021-10-01,25.11,91.76
bihar,2021-11-01,18.95,2.4
bihar,2021-12-01,15.99,14.879999999999999
bihar,2022-01-01,14.71,15.19
bihar,2022-02-01,17.71,28.28
bihar,2022-03-01,26.22,0.0
bihar,2022-04-01,33.36,0.3
bihar,2022-05-01,34.72,28.52
bihar,2022-06-01,35.13,109.80000000000001
bihar,2022-07-01,31.99,108.80999999999999
bihar,2022-08-01,29.85,203.35999999999999
bihar,2022-09-01,28.21,121.79999999999998
bihar,2022-10-01,25.5,57.970000000000006
bihar,2022-11-01,20.53,0.0
bihar,2022-12-01,16.8,0.0
chandigarh,1999-01-01,13.2,43.4
chandigarh,1999-02-01,17.56,1.68
chandigarh,1999-03-01,23.12,0.9299999999999999
chandigarh,1999-04-01,30.15,0.0
chandigarh,1999-05-01,34.14,4.6499999999999995
chandigarh,1999-06-01,34.14,92.69999999999999
chandigarh,1999-07-01,32.87,163.68
chandigarh,1999-08-01,30.33,106.02
chandigarh,1999-09-01,29.42,107.69999999999999
chandigarh,1999-10-01,24.66,16.12
chandigarh,1999-11-01,20.03,1.2
chandigarh,1999-12-01,15.82,0.0
chandigarh,2000-01-01,14.25,29.45
chandigarh,2000-02-01,14.22,26.970000000000002
chandigarh,2000-03-01,21.06,12.4
chandigarh,2000-04-01,30.42,2.6999999999999997
chandigarh,2000-05-01,34.68,31.93
chandigarh,2000-06-01,32.36,198.0
chandigarh,2000-07-01,29.6,335.42
chandigarh,2000-08-01,29.41,98.58
chandigarh,2000-09-01,28.28,87.6
chandigarh,2000-10-01,25.02,0.0
chandigarh,2000-11-01,20.07,0.8999999999999999
chandigarh,2000-12-01,16.15,5.2700000000000005
chandigarh,2001-01-01,13.15,27.28
chandigarh,2001-02-01,17.34,4.2
chandigarh,2001-03-01,22.6,10.23
chandigarh,2001-04-01,28.0,39.6
chandigarh,2001-05-01,33.13,74.09
chandigarh,2001-06-01,32.05,168.3
chandigarh,2001-07-01,29.57,269.08
chandigarh,2001-08-01,28.7,237.77
chandigarh,2001-09-01,28.06,45.0
chandigarh,2001-10-01,25.28,0.9299999999999999
chandigarh,2001-11-01,20.01,0.6
chandigarh,2001-12-01,15.96,9.61
chandigarh,2002-01-01,13.95,15.81
chandigarh,2002-02-01,15.75,64.96
chandigarh,2002-03-01,22.31,22.94
chandigarh,2002-04-01,29.62,20.7
chandigarh,2002-05-01,35.18,27.28
chandigarh,2002-06-01,35.3,47.400000000000006
chandigarh,2002-07-01,34.98,93.0
chandigarh,2002-08-01,30.48,191.27
chandigarh,2002-09-01,26.35,190.5
chandigarh,2002-10-01,24.37,5.58
chandigarh,2002-11-01,19.87,0.0
chandigarh,2002-12-01,15.89,8.99
chandigarh,2003-01-01,13.43,56.730000000000004
chandigarh,2003-02-01,16.08,33.04
chandigarh,2003-03-01,21.25,16.43
chandigarh,2003-04-01,29.16,13.2
chandigarh,2003-05-01,32.39,14.26
chandigarh,2003-06-01,35.55,77.69999999999999
chandigarh,2003-07-01,29.31,381.61
chandigarh,2003-08-01,28.26,263.81
chandigarh,2003-09-01,26.81,153.6
chandigarh,2003-10-01,23.11,8.680000000000001
chandigarh,2003-11-01,18.45,3.9000000000000004
chandigarh,2003-12-01,15.34,15.19
chandigarh,2004-01-01,13.2,66.96000000000001
chandigarh,2004-02-01,16.57,2.32
chandigarh,2004-03-01,24.58,0.0
chandigarh,2004-04-01,30.66,51.3
chandigarh,2004-05-01,32.27,52.08
chandigarh,2004-06-01,32.93,114.3
chandigarh,2004-07-01,32.43,146.63000000000002
chandigarh,2004-08-01,27.82,405.79
chandigarh,2004-09-01,27.37,22.5
chandigarh,2004-10-01,22.9,51.15
chandigarh,2004-11-01,19.26,0.0
chandigarh,2004-12-01,15.82,6.82
chandigarh,2005-01-01,13.18,40.92
chandigarh,2005-02-01,15.08,57.39999999999999
chandigarh,2005-03-01,22.42,40.300000000000004
chandigarh,2005-04-01,26.77,5.7
chandigarh,2005-05-01,32.32,7.75
chandigarh,2005-06-01,35.64,96.0
chandigarh,2005-07-01,30.19,265.98
chandigarh,2005-08-01,30.2,143.84
chandigarh,2005-09-01,27.63,218.1
chandigarh,2005-10-01,23.52,1.55
chandigarh,2005-11-01,18.57,1.2
chandigarh,2005-12-01,14.33,0.31
chandigarh,2006-01-01,13.95,13.02
chandigarh,2006-02-01,21.12,1.68
chandigarh,2006-03-01,21.39,66.34
chandigarh,2006-04-01,28.28,4.2
chandigarh,2006-05-01,33.92,70.05999999999999
chandigarh,2006-06-01,33.32,73.2
chandigarh,2006-07-01,30.83,272.18
chandigarh,2006-08-01,28.63,160.89000000000001
chandigarh,2006-09-01,27.58,69.3
chandigarh,2006-10-01,25.35,8.99
chandigarh,2006-11-01,19.87,7.800000000000001
chandigarh,2006-12-01,15.0,13.64
chandigarh,2007-01-01,14.16,3.41
chandigarh,2007-02-01,15.79,141.96
chandigarh,2007-03-01,19.89,49.6
chandigarh,2007-04-01,29.36,11.4
chandigarh,2007-05-01,33.45,14.879999999999999
chandigarh,2007-06-01,35.25,83.1
chandigarh,2007-07-01,31.89,210.18
chandigarh,2007-08-01,29.04,294.19
chandigarh,2007-09-01,27.78,72.6
chandigarh,2007-10-01,23.93,7.13
chandigarh,2007-11-01,19.48,1.2
chandigarh,2007-12-01,14.83,3.41
chandigarh,2008-01-01,13.16,14.569999999999999
chandigarh,2008-02-01,15.35,8.120000000000001
chandigarh,2008-03-01,24.87,0.9299999999999999
chandigarh,2008-04-01,27.76,37.5
chandigarh,2008-05-01,31.32,128.96
chandigarh,2008-06-01,30.27,389.40000000000003
chandigarh,2008-07-01,28.83,232.5
chandigarh,2008-08-01,26.92,338.52
chandigarh,2008-09-01,25.43,249.3
chandigarh,2008-10-01,22.77,11.78
chandigarh,2008-11-01,18.64,5.1000000000000005
chandigarh,2008-12-01,16.33,0.9299999999999999
chandigarh,2009-01-01,15.28,13.02
chandigarh,2009-02-01,17.45,18.76
chandigarh,2009-03-01,22.56,28.52
chandigarh,2009-04-01,27.2,47.1
chandigarh,2009-05-01,33.24,33.17
chandigarh,2009-06-01,35.12,67.8
chandigarh,2009-07-01,33.0,226.29999999999998
chandigarh,2009-08-01,29.84,177.32
chandigarh,2009-09-01,26.86,186.0
chandigarh,2009-10-01,23.1,37.51
chandigarh,2009-11-01,18.82,2.4
chandigarh,2009-12-01,14.92,0.0
chandigarh,2010-01-01,13.95,11.78
chandigarh,2010-02-01,16.82,23.24
chandigarh,2010-03-01,25.44,0.9299999999999999
chandigarh,2010-04-01,31.64,0.8999999999999999
chandigarh,2010-05-01,34.76,11.16
chandigarh,2010-06-01,33.82,144.0
chandigarh,2010-07-01,29.38,449.5
chandigarh,2010-08-01,27.85,311.55
chandigarh,2010-09-01,25.48,354.3
chandigarh,2010-10-01,23.0,6.51
chandigarh,2010-11-01,18.98,8.100000000000001
chandigarh,2010-12-01,13.37,29.759999999999998
chandigarh,2011-01-01,11.67,5.58
chandigarh,2011-02-01,15.8,34.16
chandigarh,2011-03-01,21.64,11.16
chandigarh,2011-04-01,26.82,15.0
chandigarh,2011-05-01,33.98,45.88
chandigarh,2011-06-01,31.76,237.89999999999998
chandigarh,2011-07-01,28.88,277.14
chandigarh,2011-08-01,27.62,327.36
chandigarh,2011-09-01,25.94,278.09999999999997
chandigarh,2011-10-01,22.62,7.75
chandigarh,2011-11-01,19.01,0.3
chandigarh,2011-12-01,14.3,7.13
chandigarh,2012-01-01,12.0,20.77
chandigarh,2012-02-01,14.87,1.74
chandigarh,2012-03-01,21.34,7.4399999999999995
chandigarh,2012-04-01,27.68,34.5
chandigarh,2012-05-01,33.04,3.41
chandigarh,2012-06-01,36.22,36.0
chandigarh,2012-07-01,32.15,242.10999999999999
chandigarh,2012-08-01,28.88,301.01000000000005
chandigarh,2012-09-01,26.26,182.10000000000002
chandigarh,2012-10-01,23.2,2.79
chandigarh,2012-11-01,18.7,3.5999999999999996
chandigarh,2012-12-01,14.69,16.43
chandigarh,2013-01-01,12.21,50.839999999999996
chandigarh,2013-02-01,15.28,117.32000000000001
chandigarh,2013-03-01,21.47,20.46
chandigarh,2013-04-01,27.75,3.0
chandigarh,2013-05-01,34.2,6.51
chandigarh,2013-06-01,32.54,326.70000000000005
chandigarh,2013-07-01,29.2,390.59999999999997
chandigarh,2013-08-01,27.27,368.90000000000003
chandigarh,2013-09-01,26.3,87.9
chandigarh,2013-10-01,23.83,19.22
chandigarh,2013-11-01,17.76,6.0
chandigarh,2013-12-01,14.33,6.2
chandigarh,2014-01-01,13.16,73.47
chandigarh,2014-02-01,14.62,66.64
chandigarh,2014-03-01,19.85,44.949999999999996
chandigarh,2014-04-01,26.02,26.7
chandigarh,2014-05-01,31.7,28.52
chandigarh,2014-06-01,36.57,37.5
chandigarh,2014-07-01,32.83,129.27
chandigarh,2014-08-01,30.79,183.52
chandigarh,2014-09-01,26.62,207.6
chandigarh,2014-10-01,24.2,27.28
chandigarh,2014-11-01,19.39,2.1
chandigarh,2014-12-01,13.88,25.73
chandigarh,2015-01-01,12.68,27.59
chandigarh,2015-02-01,17.3,31.080000000000002
chandigarh,2015-03-01,19.66,138.26
chandigarh,2015-04-01,26.36,54.0
chandigarh,2015-05-01,32.83,10.540000000000001
chandigarh,2015-06-01,33.68,118.5
chandigarh,2015-07-01,29.13,387.19
chandigarh,2015-08-01,27.99,262.88
chandigarh,2015-09-01,26.94,72.30000000000001
chandigarh,2015-10-01,24.66,13.950000000000001
chandigarh,2015-11-01,20.35,4.5
chandigarh,2015-12-01,14.96,9.92
chandigarh,2016-01-01,14.38,8.99
chandigarh,2016-02-01,17.42,18.56
chandigarh,2016-03-01,22.95,64.78999999999999
chandigarh,2016-04-01,29.44,11.700000000000001
chandigarh,2016-05-01,33.33,64.48
chandigarh,2016-06-01,34.28,119.10000000000001
chandigarh,2016-07-01,30.62,305.04
chandigarh,2016-08-01,28.22,230.02
chandigarh,2016-09-01,27.66,58.5
chandigarh,2016-10-01,24.83,7.4399999999999995
chandigarh,2016-11-01,19.96,0.0
chandigarh,2016-12-01,16.33,4.96
chandigarh,2017-01-01,13.23,94.86
chandigarh,2017-02-01,17.13,11.200000000000001
chandigarh,2017-03-01,21.22,28.830000000000002
chandigarh,2017-04-01,29.47,39.300000000000004
chandigarh,2017-05-01,33.32,47.74
chandigarh,2017-06-01,32.62,208.20000000000002
chandigarh,2017-07-01,30.08,252.03000000000003
chandigarh,2017-08-01,27.98,349.98999999999995
chandigarh,2017-09-01,26.14,181.2
chandigarh,2017-10-01,24.01,0.0
chandigarh,2017-11-01,18.37,1.5
chandigarh,2017-12-01,15.42,17.98
chandigarh,2018-01-01,12.99,14.879999999999999
chandigarh,2018-02-01,17.28,26.32
chandigarh,2018-03-01,23.07,12.709999999999999
chandigarh,2018-04-01,28.68,33.300000000000004
chandigarh,2018-05-01,32.89,33.17
chandigarh,2018-06-01,32.91,199.5
chandigarh,2018-07-01,29.08,401.14
chandigarh,2018-08-01,27.73,363.32
chandigarh,2018-09-01,25.46,306.6
chandigarh,2018-10-01,21.97,10.85
chandigarh,2018-11-01,17.83,12.299999999999999
chandigarh,2018-12-01,12.65,12.4
chandigarh,2019-01-01,11.86,52.39
chandigarh,2019-02-01,13.94,78.96
chandigarh,2019-03-01,18.84,32.550000000000004
chandigarh,2019-04-01,27.96,32.7
chandigarh,2019-05-01,31.75,26.04
chandigarh,2019-06-01,35.09,56.4
chandigarh,2019-07-01,30.94,309.07
chandigarh,2019-08-01,28.21,307.83
chandigarh,2019-09-01,26.89,177.0
chandigarh,2019-10-01,22.43,6.51
chandigarh,2019-11-01,18.93,31.5
chandigarh,2019-12-01,12.4,28.830000000000002
chandigarh,2020-01-01,10.96,84.63
chandigarh,2020-02-01,14.54,29.0
chandigarh,2020-03-01,18.48,115.94000000000001
chandigarh,2020-04-01,25.26,60.89999999999999
chandigarh,2020-05-01,30.33,84.94000000000001
chandigarh,2020-06-01,31.88,112.5
chandigarh,2020-07-01,30.26,337.28000000000003
chandigarh,2020-08-01,28.26,322.71
chandigarh,2020-09-01,27.34,29.4
chandigarh,2020-10-01,24.7,0.0
chandigarh,2020-11-01,18.36,19.8
chandigarh,2020-12-01,14.53,13.02
chandigarh,2021-01-01,13.48,22.63
chandigarh,2021-02-01,17.72,27.439999999999998
chandigarh,2021-03-01,23.72,14.26
chandigarh,2021-04-01,27.18,40.2
chandigarh,2021-05-01,30.53,82.46000000000001
chandigarh,2021-06-01,32.08,119.10000000000001
chandigarh,2021-07-01,30.5,418.5
chandigarh,2021-08-01,28.08,210.49
chandigarh,2021-09-01,26.4,244.8
chandigarh,2021-10-01,23.39,47.74
chandigarh,2021-11-01,17.88,0.3
chandigarh,2021-12-01,13.65,5.2700000000000005
chandigarh,2022-01-01,11.76,149.42000000000002
chandigarh,2022-02-01,13.79,43.68
chandigarh,2022-03-01,23.63,0.62
chandigarh,2022-04-01,30.66,0.8999999999999999
chandigarh,2022-05-01,32.76,68.51
chandigarh,2022-06-01,33.85,108.3
chandigarh,2022-07-01,29.13,488.25
chandigarh,2022-08-01,27.61,221.03
chandigarh,2022-09-01,26.42,321.90000000000003
chandigarh,2022-10-01,22.39,48.67
chandigarh,2022-11-01,18.08,2.4
chandigarh,2022-12-01,14.6,0.9299999999999999
chhattisgarh,1999-01-01,17.34,0.31
chhattisgarh,1999-02-01,24.74,10.08
chhattisgarh,1999-03-01,29.33,0.0
chhattisgarh,1999-04-01,34.34,0.0
chhattisgarh,1999-05-01,36.56,22.94
chhattisgarh,1999-06-01,31.32,141.6
chhattisgarh,1999-07-01,28.05,181.97
chhattisgarh,1999-08-01,26.72,407.03000000000003
chhattisgarh,1999-09-01,26.06,218.7
chhattisgarh,1999-10-01,24.28,44.019999999999996
chhattisgarh,1999-11-01,20.01,0.3
chhattisgarh,1999-12-01,17.48,0.0
chhattisgarh,2000-01-01,18.76,3.1
chhattisgarh,2000-02-01,21.6,24.36
chhattisgarh,2000-03-01,27.1,0.31
chhattisgarh,2000-04-01,34.42,1.2
chhattisgarh,2000-05-01,35.34,41.54
chhattisgarh,2000-06-01,29.87,294.0
chhattisgarh,2000-07-01,27.15,300.7
chhattisgarh,2000-08-01,27.18,124.0
chhattisgarh,2000-09-01,26.7,76.8
chhattisgarh,2000-10-01,25.77,1.55
chhattisgarh,2000-11-01,23.14,0.0
chhattisgarh,2000-12-01,19.44,0.0
chhattisgarh,2001-01-01,19.86,6.82
chhattisgarh,2001-02-01,24.39,0.28
chhattisgarh,2001-03-01,29.5,21.7
chhattisgarh,2001-04-01,32.54,16.200000000000003
chhattisgarh,2001-05-01,36.61,33.480000000000004
chhattisgarh,2001-06-01,28.49,337.5
chhattisgarh,2001-07-01,26.43,305.34999999999997
chhattisgarh,2001-08-01,26.76,292.95
chhattisgarh,2001-09-01,26.91,116.10000000000001
chhattisgarh,2001-10-01,24.43,79.98
chhattisgarh,2001-11-01,21.22,3.5999999999999996
chhattisgarh,2001-12-01,17.44,0.0
chhattisgarh,2002-01-01,18.46,17.98
chhattisgarh,2002-02-01,23.02,7.28
chhattisgarh,2002-03-01,28.72,17.669999999999998
chhattisgarh,2002-04-01,33.76,1.5
chhattisgarh,2002-05-01,37.47,20.46
chhattisgarh,2002-06-01,32.37,214.2
chhattisgarh,2002-07-01,29.35,106.02
chhattisgarh,2002-08-01,26.75,298.53000000000003
chhattisgarh,2002-09-01,25.92,87.9
chhattisgarh,2002-10-01,24.27,32.550000000000004
chhattisgarh,2002-11-01,21.36,0.6
chhattisgarh,2002-12-01,20.62,0.31
chhattisgarh,2003-01-01,19.9,0.62
chhattisgarh,2003-02-01,23.92,42.56
chhattisgarh,2003-03-01,27.55,34.720000000000006
chhattisgarh,2003-04-01,34.25,16.8
chhattisgarh,2003-05-01,36.64,0.0
chhattisgarh,2003-06-01,33.93,90.89999999999999
chhattisgarh,2003-07-01,27.94,314.65000000000003
chhattisgarh,2003-08-01,26.69,462.52
chhattisgarh,2003-09-01,25.95,327.6
chhattisgarh,2003-10-01,24.34,124.30999999999999
chhattisgarh,2003-11-01,20.6,0.3
chhattisgarh,2003-12-01,16.91,17.98
chhattisgarh,2004-01-01,17.24,53.63
chhattisgarh,2004-02-01,19.7,2.9000000000000004
chhattisgarh,2004-03-01,28.47,15.19
chhattisgarh,2004-04-01,33.78,20.1
chhattisgarh,2004-05-01,35.68,29.45
chhattisgarh,2004-06-01,31.23,249.3
chhattisgarh,2004-07-01,27.49,269.7
chhattisgarh,2004-08-01,26.67,187.54999999999998
chhattisgarh,2004-09-01,26.94,187.5
chhattisgarh,2004-10-01,23.33,20.46
chhattisgarh,2004-11-01,20.42,2.1
chhattisgarh,2004-12-01,18.35,0.9299999999999999
chhattisgarh,2005-01-01,18.97,83.39
chhattisgarh,2005-02-01,22.93,5.88
chhattisgarh,2005-03-01,28.82,6.51
chhattisgarh,2005-04-01,32.44,8.4
chhattisgarh,2005-05-01,35.34,29.139999999999997
chhattisgarh,2005-06-01,35.3,120.9
chhattisgarh,2005-07-01,27.51,523.28
chhattisgarh,2005-08-01,26.7,330.46
chhattisgarh,2005-09-01,26.53,295.79999999999995
chhattisgarh,2005-10-01,24.09,120.59
chhattisgarh,2005-11-01,18.82,0.0
chhattisgarh,2005-12-01,16.64,1.8599999999999999
chhattisgarh,2006-01-01,18.13,0.0
chhattisgarh,2006-02-01,24.24,0.0
chhattisgarh,2006-03-01,26.71,48.050000000000004
chhattisgarh,2006-04-01,32.75,28.2
chhattisgarh,2006-05-01,35.17,70.67999999999999
chhattisgarh,2006-06-01,32.08,71.7
chhattisgarh,2006-07-01,27.67,333.87
chhattisgarh,2006-08-01,26.46,305.04
chhattisgarh,2006-09-01,26.38,237.3
chhattisgarh,2006-10-01,24.9,12.4
chhattisgarh,2006-11-01,21.59,6.9
chhattisgarh,2006-12-01,19.14,0.31
chhattisgarh,2007-01-01,19.51,0.0
chhattisgarh,2007-02-01,23.31,31.360000000000003
chhattisgarh,2007-03-01,27.75,4.340000000000001
chhattisgarh,2007-04-01,33.98,3.3
chhattisgarh,2007-05-01,36.71,20.46
chhattisgarh,2007-06-01,31.99,541.1999999999999
chhattisgarh,2007-07-01,26.94,329.21999999999997
chhattisgarh,2007-08-01,26.66,252.34000000000003
chhattisgarh,2007-09-01,26.35,215.70000000000002
chhattisgarh,2007-10-01,23.37,13.64
chhattisgarh,2007-11-01,20.14,12.0
chhattisgarh,2007-12-01,18.1,0.31
chhattisgarh,2008-01-01,18.54,6.51
chhattisgarh,2008-02-01,20.37,9.57
chhattisgarh,2008-03-01,27.83,28.52
chhattisgarh,2008-04-01,32.82,7.800000000000001
chhattisgarh,2008-05-01,37.08,4.340000000000001
chhattisgarh,2008-06-01,29.81,235.8
chhattisgarh,2008-07-01,27.16,192.82
chhattisgarh,2008-08-01,26.89,227.54
chhattisgarh,2008-09-01,26.29,316.8
chhattisgarh,2008-10-01,24.14,10.540000000000001
chhattisgarh,2008-11-01,20.81,2.1
chhattisgarh,2008-12-01,19.23,0.0
chhattisgarh,2009-01-01,20.54,6.51
chhattisgarh,2009-02-01,24.37,0.0
chhattisgarh,2009-03-01,29.02,2.79
chhattisgarh,2009-04-01,33.02,9.0
chhattisgarh,2009-05-01,36.98,12.4
chhattisgarh,2009-06-01,35.25,60.3
chhattisgarh,2009-07-01,27.62,527.62
chhattisgarh,2009-08-01,27.16,267.84000000000003
chhattisgarh,2009-09-01,27.15,77.1
chhattisgarh,2009-10-01,24.11,36.89
chhattisgarh,2009-11-01,21.47,60.6
chhattisgarh,2009-12-01,19.27,14.569999999999999
chhattisgarh,2010-01-01,17.97,11.16
chhattisgarh,2010-02-01,23.85,5.04
chhattisgarh,2010-03-01,30.79,1.55
chhattisgarh,2010-04-01,35.13,10.200000000000001
chhattisgarh,2010-05-01,36.38,15.81
chhattisgarh,2010-06-01,33.87,119.7
chhattisgarh,2010-07-01,28.19,408.89
chhattisgarh,2010-08-01,27.39,204.6
chhattisgarh,2010-09-01,26.5,276.90000000000003
chhattisgarh,2010-10-01,24.64,57.660000000000004
chhattisgarh,2010-11-01,22.59,29.099999999999998
chhattisgarh,2010-12-01,17.6,54.56
chhattisgarh,2011-01-01,16.83,0.0
chhattisgarh,2011-02-01,21.95,11.200000000000001
chhattisgarh,2011-03-01,28.35,3.1
chhattisgarh,2011-04-01,30.28,107.4
chhattisgarh,2011-05-01,35.63,22.63
chhattisgarh,2011-06-01,30.95,192.0
chhattisgarh,2011-07-01,27.79,351.84999999999997
chhattisgarh,2011-08-01,26.69,450.12
chhattisgarh,2011-09-01,25.78,362.4
chhattisgarh,2011-10-01,24.12,4.03
chhattisgarh,2011-11-01,20.41,0.0
chhattisgarh,2011-12-01,17.77,17.05
chhattisgarh,2012-01-01,18.25,48.980000000000004
chhattisgarh,2012-02-01,21.84,5.22
chhattisgarh,2012-03-01,27.36,1.24
chhattisgarh,2012-04-01,33.63,16.5
chhattisgarh,2012-05-01,36.8,4.340000000000001
chhattisgarh,2012-06-01,32.62,222.0
chhattisgarh,2012-07-01,27.08,528.5500000000001
chhattisgarh,2012-08-01,26.37,461.90000000000003
chhattisgarh,2012-09-01,26.25,202.20000000000002
chhattisgarh,2012-10-01,23.38,19.53
chhattisgarh,2012-11-01,20.19,26.1
chhattisgarh,2012-12-01,18.23,0.9299999999999999
chhattisgarh,2013-01-01,18.26,0.9299999999999999
chhattisgarh,2013-02-01,22.49,15.680000000000001
chhattisgarh,2013-03-01,28.19,5.89
chhattisgarh,2013-04-01,32.37,37.5
chhattisgarh,2013-05-01,37.5,2.79
chhattisgarh,2013-06-01,29.65,351.3
chhattisgarh,2013-07-01,27.34,492.59000000000003
chhattisgarh,2013-08-01,26.39,390.29
chhattisgarh,2013-09-01,26.39,159.0
chhattisgarh,2013-10-01,24.26,187.54999999999998
chhattisgarh,2013-11-01,19.79,0.3
chhattisgarh,2013-12-01,17.38,0.0
chhattisgarh,2014-01-01,18.24,3.1
chhattisgarh,2014-02-01,20.7,61.879999999999995
chhattisgarh,2014-03-01,25.87,19.22
chhattisgarh,2014-04-01,32.6,34.5
chhattisgarh,2014-05-01,35.41,5.89
chhattisgarh,2014-06-01,34.62,85.19999999999999
chhattisgarh,2014-07-01,28.93,459.73
chhattisgarh,2014-08-01,26.54,244.9
chhattisgarh,2014-09-01,26.04,235.2
chhattisgarh,2014-10-01,24.37,89.59
chhattisgarh,2014-11-01,20.36,0.0
chhattisgarh,2014-12-01,16.56,6.2
chhattisgarh,2015-01-01,17.13,14.879999999999999
chhattisgarh,2015-02-01,22.23,4.2
chhattisgarh,2015-03-01,27.19,26.349999999999998
chhattisgarh,2015-04-01,31.76,26.4
chhattisgarh,2015-05-01,36.63,7.4399999999999995
chhattisgarh,2015-06-01,31.28,242.4
chhattisgarh,2015-07-01,27.36,279.62
chhattisgarh,2015-08-01,27.1,293.57
chhattisgarh,2015-09-01,26.71,232.20000000000002
chhattisgarh,2015-10-01,24.99,9.299999999999999
chhattisgarh,2015-11-01,21.96,0.0
chhattisgarh,2015-12-01,19.96,8.99
chhattisgarh,2016-01-01,19.39,4.6499999999999995
chhattisgarh,2016-02-01,25.95,2.9000000000000004
chhattisgarh,2016-03-01,29.8,17.669999999999998
chhattisgarh,2016-04-01,35.41,5.1000000000000005
chhattisgarh,2016-05-01,35.8,45.57
chhattisgarh,2016-06-01,33.01,138.6
chhattisgarh,2016-07-01,27.73,357.43
chhattisgarh,2016-08-01,26.52,290.46999999999997
chhattisgarh,2016-09-01,26.26,323.09999999999997
chhattisgarh,2016-10-01,23.84,66.03
chhattisgarh,2016-11-01,19.49,0.0
chhattisgarh,2016-12-01,16.8,0.0
chhattisgarh,2017-01-01,18.33,3.1
chhattisgarh,2017-02-01,22.81,2.24
chhattisgarh,2017-03-01,28.2,10.540000000000001
chhattisgarh,2017-04-01,34.6,0.6
chhattisgarh,2017-05-01,37.74,16.43
chhattisgarh,2017-06-01,32.03,196.2
chhattisgarh,2017-07-01,27.47,384.40000000000003
chhattisgarh,2017-08-01,26.9,276.52
chhattisgarh,2017-09-01,26.84,222.6
chhattisgarh,2017-10-01,25.48,59.21
chhattisgarh,2017-11-01,20.61,0.3
chhattisgarh,2017-12-01,17.57,0.0
chhattisgarh,2018-01-01,17.5,0.0
chhattisgarh,2018-02-01,23.28,15.120000000000001
chhattisgarh,2018-03-01,29.29,0.9299999999999999
chhattisgarh,2018-04-01,32.66,39.300000000000004
chhattisgarh,2018-05-01,35.94,34.720000000000006
chhattisgarh,2018-06-01,31.57,126.3
chhattisgarh,2018-07-01,27.52,356.19
chhattisgarh,2018-08-01,26.6,392.46
chhattisgarh,2018-09-01,25.89,92.69999999999999
chhattisgarh,2018-10-01,24.43,6.51
chhattisgarh,2018-11-01,21.97,0.0
chhattisgarh,2018-12-01,17.91,57.660000000000004
chhattisgarh,2019-01-01,17.24,11.16
chhattisgarh,2019-02-01,22.11,15.120000000000001
chhattisgarh,2019-03-01,27.94,20.46
chhattisgarh,2019-04-01,34.03,9.3
chhattisgarh,2019-05-01,37.06,7.13
chhattisgarh,2019-06-01,34.36,106.5
chhattisgarh,2019-07-01,28.12,383.78000000000003
chhattisgarh,2019-08-01,26.82,451.05
chhattisgarh,2019-09-01,26.41,479.1
chhattisgarh,2019-10-01,24.17,80.60000000000001
chhattisgarh,2019-11-01,20.58,0.3
chhattisgarh,2019-12-01,17.01,2.48
chhattisgarh,2020-01-01,16.57,28.21
chhattisgarh,2020-02-01,18.52,85.26
chhattisgarh,2020-03-01,24.74,64.17
chhattisgarh,2020-04-01,31.03,37.2
chhattisgarh,2020-05-01,32.8,122.14
chhattisgarh,2020-06-01,29.36,352.2
chhattisgarh,2020-07-01,27.6,283.96
chhattisgarh,2020-08-01,26.79,519.25
chhattisgarh,2020-09-01,27.22,166.79999999999998
chhattisgarh,2020-10-01,25.19,63.24
chhattisgarh,2020-11-01,20.38,6.3
chhattisgarh,2020-12-01,18.07,0.62
chhattisgarh,2021-01-01,18.89,2.1700000000000004
chhattisgarh,2021-02-01,21.77,8.12
chhattisgarh,2021-03-01,28.96,6.2
chhattisgarh,2021-04-01,32.76,5.7
chhattisgarh,2021-05-01,32.47,110.67
chhattisgarh,2021-06-01,29.41,251.09999999999997
chhattisgarh,2021-07-01,27.61,462.21
chhattisgarh,2021-08-01,27.06,196.54
chhattisgarh,2021-09-01,26.55,322.8
chhattisgarh,2021-10-01,24.68,30.69
chhattisgarh,2021-11-01,21.2,27.3
chhattisgarh,2021-12-01,17.54,84.94000000000001
chhattisgarh,2022-01-01,16.48,29.45
chhattisgarh,2022-02-01,19.67,17.92
chhattisgarh,2022-03-01,27.81,0.31
chhattisgarh,2022-04-01,34.5,7.800000000000001
chhattisgarh,2022-05-01,35.34,43.4
chhattisgarh,2022-06-01,32.85,114.0
chhattisgarh,2022-07-01,27.81,366.42
chhattisgarh,2022-08-01,26.58,543.12
chhattisgarh,2022-09-01,26.37,198.6
chhattisgarh,2022-10-01,23.8,87.11
chhattisgarh,2022-11-01,19.25,0.0
chhattisgarh,2022-12-01,18.34,0.0
dadra_and_nagar_haveli_and_daman_and_diu,1999-01-01,22.35,0.0
dadra_and_nagar_haveli_and_daman_and_diu,1999-02-01,26.85,1.68
dadra_and_nagar_haveli_and_daman_and_diu,1999-03-01,28.8,0.0
dadra_and_nagar_haveli_and_daman_and_diu,1999-04-01,31.05,0.0
dadra_and_nagar_haveli_and_daman_and_diu,1999-05-01,29.97,14.879999999999999
dadra_and_nagar_haveli_and_daman_and_diu,1999-06-01,28.39,245.39999999999998
dadra_and_nagar_haveli_and_daman_and_diu,1999-07-01,26.93,307.21
dadra_and_nagar_haveli_and_daman_and_diu,1999-08-01,26.12,113.77
dadra_and_nagar_haveli_and_daman_and_diu,1999-09-01,26.55,181.79999999999998
dadra_and_nagar_haveli_and_daman_and_diu,1999-10-01,25.18,212.04
dadra_and_nagar_haveli_and_daman_and_diu,1999-11-01,24.13,0.0
dadra_and_nagar_haveli_and_daman_and_diu,1999-12-01,23.92,0.0
dadra_and_nagar_haveli_and_daman_and_diu,2000-01-01,23.87,0.0
dadra_and_nagar_haveli_and_daman_and_diu,2000-02-01,23.6,0.0
dadra_and_nagar_haveli_and_daman_and_diu,2000-03-01,27.11,0.0
dadra_and_nagar_haveli_and_daman_and_diu,2000-04-01,30.93,0.0
dadra_and_nagar_haveli_and_daman_and_diu,2000-05-01,29.63,81.84
dadra_and_nagar_haveli_and_daman_and_diu,2000-06-01,28.88,98.7
dadra_and_nagar_haveli_and_daman_and_diu,2000-07-01,26.29,503.13
dadra_and_nagar_haveli_and_daman_and_diu,2000-08-01,26.43,228.16
dadra_and_nagar_haveli_and_daman_and_diu,2000-09-01,26.6,31.8
dadra_and_nagar_haveli_and_daman_and_diu,2000-10-01,28.02,17.98
dadra_and_nagar_haveli_and_daman_and_diu,2000-11-01,27.36,0.8999999999999999
dadra_and_nagar_haveli_and_daman_and_diu,2000-12-01,24.94,7.4399999999999995
dadra_and_nagar_haveli_and_daman_and_diu,2001-01-01,23.66,0.0
dadra_and_nagar_haveli_and_daman_and_diu,2001-02-01,24.79,0.0
dadra_and_nagar_haveli_and_daman_and_diu,2001-03-01,26.96,0.0
dadra_and_nagar_haveli_and_daman_and_diu,2001-04-01,30.81,0.6
dadra_and_nagar_haveli_and_daman_and_diu,2001-05-01,31.02,56.730000000000004
dadra_and_nagar_haveli_and_daman_and_diu,2001-06-01,27.69,474.0
dadra_and_nagar_haveli_and_daman_and_diu,2001-07-01,26.21,485.77
dadra_and_nagar_haveli_and_daman_and_diu,2001-08-01,25.73,353.71
dadra_and_nagar_haveli_and_daman_and_diu,2001-09-01,26.42,46.2
dadra_and_nagar_haveli_and_daman_and_diu,2001-10-01,26.61,88.35000000000001
dadra_and_nagar_haveli_and_daman_and_diu,2001-11-01,26.1,1.2
dadra_and_nagar_haveli_and_daman_and_diu,2001-12-01,25.17,0.0
dadra_and_nagar_haveli_and_daman_and_diu,2002-01-01,22.52,0.0
dadra_and_nagar_haveli_and_daman_and_diu,2002-02-01,25.31,0.28
dadra_and_nagar_haveli_and_daman_and_diu,2002-03-01,28.56,3.1
dadra_and_nagar_haveli_and_daman_and_diu,2002-04-01,31.11,1.5
dadra_and_nagar_haveli_and_daman_and_diu,2002-05-01,31.65,1.24
dadra_and_nagar_haveli_and_daman_and_diu,2002-06-01,29.1,570.6
dadra_and_nagar_haveli_and_daman_and_diu,2002-07-01,26.77,111.91
dadra_and_nagar_haveli_and_daman_and_diu,2002-08-01,25.61,595.8199999999999
dadra_and_nagar_haveli_and_daman_and_diu,2002-09-01,25.77,126.0
dadra_and_nagar_haveli_and_daman_and_diu,2002-10-01,27.9,2.48
dadra_and_nagar_haveli_and_daman_and_diu,2002-11-01,27.5,0.3
dadra_and_nagar_haveli_and_daman_and_diu,2002-12-01,25.01,0.0
dadra_and_nagar_haveli_and_daman_and_diu,2003-01-01,24.95,0.0
dadra_and_nagar_haveli_and_daman_and_diu,2003-02-01,25.09,41.44
dadra_and_nagar_haveli_and_daman_and_diu,2003-03-01,27.53,0.0
dadra_and_nagar_haveli_and_daman_and_diu,2003-04-01,30.86,0.6
dadra_and_nagar_haveli_and_daman_and_diu,2003-05-01,31.4,0.0
dadra_and_nagar_haveli_and_daman_and_diu,2003-06-01,29.06,677.1
dadra_and_nagar_haveli_and_daman_and_diu,2003-07-01,26.94,850.33
dadra_and_nagar_haveli_and_daman_and_diu,2003-08-01,26.12,437.71999999999997
dadra_and_nagar_haveli_and_daman_and_diu,2003-09-01,25.82,281.70000000000005
dadra_and_nagar_haveli_and_daman_and_diu,2003-10-01,25.2,31.93
dadra_and_nagar_haveli_and_daman_and_diu,2003-11-01,25.62,0.0
dadra_and_nagar_haveli_and_daman_and_diu,2003-12-01,24.31,0.31
dadra_and_nagar_haveli_and_daman_and_diu,2004-01-01,23.09,0.9299999999999999
dadra_and_nagar_haveli_and_daman_and_diu,2004-02-01,25.22,0.0
dadra_and_nagar_haveli_and_daman_and_diu,2004-03-01,30.03,0.0
dadra_and_nagar_haveli_and_daman_and_diu,2004-04-01,30.36,0.0
dadra_and_nagar_haveli_and_daman_and_diu,2004-05-01,31.43,24.8
dadra_and_nagar_haveli_and_daman_and_diu,2004-06-01,28.63,450.9
dadra_and_nagar_haveli_and_daman_and_diu,2004-07-01,26.73,791.74
dadra_and_nagar_haveli_and_daman_and_diu,2004-08-01,25.78,969.99
dadra_and_nagar_haveli_and_daman_and_diu,2004-09-01,26.58,113.1
dadra_and_nagar_haveli_and_daman_and_diu,2004-10-01,25.48,46.19
dadra_and_nagar_haveli_and_daman_and_diu,2004-11-01,26.61,1.2
dadra_and_nagar_haveli_and_daman_and_diu,2004-12-01,25.03,0.31
dadra_and_nagar_haveli_and_daman_and_diu,2005-01-01,22.42,0.9299999999999999
dadra_and_nagar_haveli_and_daman_and_diu,2005-02-01,24.4,0.0
dadra_and_nagar_haveli_and_daman_and_diu,2005-03-01,27.86,0.31
dadra_and_nagar_haveli_and_daman_and_diu,2005-04-01,30.66,6.6
dadra_and_nagar_haveli_and_daman_and_diu,2005-05-01,31.27,8.99
dadra_and_nagar_haveli_and_daman_and_diu,2005-06-01,30.09,1158.9
dadra_and_nagar_haveli_and_daman_and_diu,2005-07-01,26.59,710.83
dadra_and_nagar_haveli_and_daman_and_diu,2005-08-01,25.88,403.31
dadra_and_nagar_haveli_and_daman_and_diu,2005-09-01,26.25,641.7
dadra_and_nagar_haveli_and_daman_and_diu,2005-10-01,25.19,52.699999999999996
dadra_and_nagar_haveli_and_daman_and_diu,2005-11-01,23.88,0.0
dadra_and_nagar_haveli_and_daman_and_diu,2005-12-01,23.0,0.0
dadra_and_nagar_haveli_and_daman_and_diu,2006-01-01,23.77,0.0
dadra_and_nagar_haveli_and_daman_and_diu,2006-02-01,27.58,0.0
dadra_and_nagar_haveli_and_daman_and_diu,2006-03-01,27.73,6.82
dadra_and_nagar_haveli_and_daman_and_diu,2006-04-01,29.72,0.0
dadra_and_nagar_haveli_and_daman_and_diu,2006-05-01,31.19,31.0
dadra_and_nagar_haveli_and_daman_and_diu,2006-06-01,28.5,419.40000000000003
dadra_and_nagar_haveli_and_daman_and_diu,2006-07-01,26.25,1022.0699999999999
dadra_and_nagar_haveli_and_daman_and_diu,2006-08-01,25.4,905.1999999999999
dadra_and_nagar_haveli_and_daman_and_diu,2006-09-01,26.12,245.1
dadra_and_nagar_haveli_and_daman_and_diu,2006-10-01,26.31,65.41
dadra_and_nagar_haveli_and_daman_and_diu,2006-11-01,24.75,24.3
dadra_and_nagar_haveli_and_daman_and_diu,2006-12-01,24.46,0.62
dadra_and_nagar_haveli_and_daman_and_diu,2007-01-01,24.38,0.31
dadra_and_nagar_haveli_and_daman_and_diu,2007-02-01,24.88,2.8000000000000003
dadra_and_nagar_haveli_and_daman_and_diu,2007-03-01,28.44,0.0
dadra_and_nagar_haveli_and_daman_and_diu,2007-04-01,31.14,24.3
dadra_and_nagar_haveli_and_daman_and_diu,2007-05-01,31.33,0.62
dadra_and_nagar_haveli_and_daman_and_diu,2007-06-01,28.82,450.9
dadra_and_nagar_haveli_and_daman_and_diu,2007-07-01,26.95,601.4
dadra_and_nagar_haveli_and_daman_and_diu,2007-08-01,26.25,831.7299999999999
dadra_and_nagar_haveli_and_daman_and_diu,2007-09-01,26.33,474.9
dadra_and_nagar_haveli_and_daman_and_diu,2007-10-01,24.77,0.62
dadra_and_nagar_haveli_and_daman_and_diu,2007-11-01,24.97,5.1000000000000005
dadra_and_nagar_haveli_and_daman_and_diu,2007-12-01,24.58,0.0
dadra_and_nagar_haveli_and_daman_and_diu,2008-01-01,22.28,0.0
dadra_and_nagar_haveli_and_daman_and_diu,2008-02-01,23.23,0.58
dadra_and_nagar_haveli_and_daman_and_diu,2008-03-01,28.38,0.9299999999999999
dadra_and_nagar_haveli_and_daman_and_diu,2008-04-01,30.64,0.6
dadra_and_nagar_haveli_and_daman_and_diu,2008-05-01,30.44,0.0
dadra_and_nagar_haveli_and_daman_and_diu,2008-06-01,28.13,442.8
dadra_and_nagar_haveli_and_daman_and_diu,2008-07-01,26.45,560.4799999999999
dadra_and_nagar_haveli_and_daman_and_diu,2008-08-01,25.76,650.0699999999999
dadra_and_nagar_haveli_and_daman_and_diu,2008-09-01,25.99,572.4
dadra_and_nagar_haveli_and_daman_and_diu,2008-10-01,25.73,30.38
dadra_and_nagar_haveli_and_daman_and_diu,2008-11-01,25.35,0.3
dadra_and_nagar_haveli_and_daman_and_diu,2008-12-01,25.92,0.62
dadra_and_nagar_haveli_and_daman_and_diu,2009-01-01,25.14,0.0
dadra_and_nagar_haveli_and_daman_and_diu,2009-02-01,25.96,0.0
dadra_and_nagar_haveli_and_daman_and_diu,2009-03-01,29.11,6.82
dadra_and_nagar_haveli_and_daman_and_diu,2009-04-01,32.29,1.2
dadra_and_nagar_haveli_and_daman_and_diu,2009-05-01,31.15,3.1
dadra_and_nagar_haveli_and_daman_and_diu,2009-06-01,30.18,77.69999999999999
dadra_and_nagar_haveli_and_daman_and_diu,2009-07-01,26.64,1102.98
dadra_and_nagar_haveli_and_daman_and_diu,2009-08-01,26.48,235.29
dadra_and_nagar_haveli_and_daman_and_diu,2009-09-01,26.82,176.4
dadra_and_nagar_haveli_and_daman_and_diu,2009-10-01,26.23,108.19000000000001
dadra_and_nagar_haveli_and_daman_and_diu,2009-11-01,24.66,62.699999999999996
dadra_and_nagar_haveli_and_daman_and_diu,2009-12-01,24.1,0.62
dadra_and_nagar_haveli_and_daman_and_diu,2010-01-01,24.39,1.24
dadra_and_nagar_haveli_and_daman_and_diu,2010-02-01,25.12,0.0
dadra_and_nagar_haveli_and_daman_and_diu,2010-03-01,29.28,0.62
dadra_and_nagar_haveli_and_daman_and_diu,2010-04-01,31.57,0.3
dadra_and_nagar_haveli_and_daman_and_diu,2010-05-01,32.42,3.1
dadra_and_nagar_haveli_and_daman_and_diu,2010-06-01,28.89,330.0
dadra_and_nagar_haveli_and_daman_and_diu,2010-07-01,26.98,750.51
dadra_and_nagar_haveli_and_daman_and_diu,2010-08-01,26.4,584.66
dadra_and_nagar_haveli_and_daman_and_diu,2010-09-01,26.52,409.8
dadra_and_nagar_haveli_and_daman_and_diu,2010-10-01,26.38,185.38000000000002
dadra_and_nagar_haveli_and_daman_and_diu,2010-11-01,25.18,72.30000000000001
dadra_and_nagar_haveli_and_daman_and_diu,2010-12-01,21.01,0.0
dadra_and_nagar_haveli_and_daman_and_diu,2011-01-01,21.81,0.0
dadra_and_nagar_haveli_and_daman_and_diu,2011-02-01,25.09,0.0
dadra_and_nagar_haveli_and_daman_and_diu,2011-03-01,28.83,0.0
dadra_and_nagar_haveli_and_daman_and_diu,2011-04-01,30.64,0.6
dadra_and_nagar_haveli_and_daman_and_diu,2011-05-01,31.01,0.0
dadra_and_nagar_haveli_and_daman_and_diu,2011-06-01,29.24,143.7
dadra_and_nagar_haveli_and_daman_and_diu,2011-07-01,26.8,602.64
dadra_and_nagar_haveli_and_daman_and_diu,2011-08-01,26.06,642.01
dadra_and_nagar_haveli_and_daman_and_diu,2011-09-01,25.88,320.4
dadra_and_nagar_haveli_and_daman_and_diu,2011-10-01,26.24,43.089999999999996
dadra_and_nagar_haveli_and_daman_and_diu,2011-11-01,26.39,0.0
dadra_and_nagar_haveli_and_daman_and_diu,2011-12-01,24.84,0.0
dadra_and_nagar_haveli_and_daman_and_diu,2012-01-01,21.72,0.0
dadra_and_nagar_haveli_and_daman_and_diu,2012-02-01,24.27,0.0
dadra_and_nagar_haveli_and_daman_and_diu,2012-03-01,27.18,0.0
dadra_and_nagar_haveli_and_daman_and_diu,2012-04-01,30.51,0.3
dadra_and_nagar_haveli_and_daman_and_diu,2012-05-01,30.43,5.2700000000000005
dadra_and_nagar_haveli_and_daman_and_diu,2012-06-01,29.35,133.8
dadra_and_nagar_haveli_and_daman_and_diu,2012-07-01,27.12,376.03000000000003
dadra_and_nagar_haveli_and_daman_and_diu,2012-08-01,26.25,228.47
dadra_and_nagar_haveli_and_daman_and_diu,2012-09-01,26.03,493.8
dadra_and_nagar_haveli_and_daman_and_diu,2012-10-01,26.74,86.17999999999999
dadra_and_nagar_haveli_and_daman_and_diu,2012-11-01,24.32,0.0
dadra_and_nagar_haveli_and_daman_and_diu,2012-12-01,24.74,0.0
dadra_and_nagar_haveli_and_daman_and_diu,2013-01-01,22.99,0.0
dadra_and_nagar_haveli_and_daman_and_diu,2013-02-01,25.03,15.680000000000001
dadra_and_nagar_haveli_and_daman_and_diu,2013-03-01,28.41,0.0
dadra_and_nagar_haveli_and_daman_and_diu,2013-04-01,29.72,1.2
dadra_and_nagar_haveli_and_daman_and_diu,2013-05-01,31.36,0.0
dadra_and_nagar_haveli_and_daman_and_diu,2013-06-01,27.72,854.0999999999999
dadra_and_nagar_haveli_and_daman_and_diu,2013-07-01,25.92,846.3000000000001
dadra_and_nagar_haveli_and_daman_and_diu,2013-08-01,25.62,363.63
dadra_and_nagar_haveli_and_daman_and_diu,2013-09-01,26.06,282.3
dadra_and_nagar_haveli_and_daman_and_diu,2013-10-01,25.41,56.730000000000004
dadra_and_nagar_haveli_and_daman_and_diu,2013-11-01,24.4,2.1
dadra_and_nagar_haveli_and_daman_and_diu,2013-12-01,23.26,1.24
dadra_and_nagar_haveli_and_daman_and_diu,2014-01-01,22.88,6.51
dadra_and_nagar_haveli_and_daman_and_diu,2014-02-01,23.97,1.68
dadra_and_nagar_haveli_and_daman_and_diu,2014-03-01,27.75,6.82
dadra_and_nagar_haveli_and_daman_and_diu,2014-04-01,30.57,1.2
dadra_and_nagar_haveli_and_daman_and_diu,2014-05-01,31.63,20.150000000000002
dadra_and_nagar_haveli_and_daman_and_diu,2014-06-01,30.68,46.5
dadra_and_nagar_haveli_and_daman_and_diu,2014-07-01,27.72,895.28
dadra_and_nagar_haveli_and_daman_and_diu,2014-08-01,26.24,396.18
dadra_and_nagar_haveli_and_daman_and_diu,2014-09-01,26.05,329.1
dadra_and_nagar_haveli_and_daman_and_diu,2014-10-01,26.64,23.87
dadra_and_nagar_haveli_and_daman_and_diu,2014-11-01,26.08,21.0
dadra_and_nagar_haveli_and_daman_and_diu,2014-12-01,23.66,4.340000000000001
dadra_and_nagar_haveli_and_daman_and_diu,2015-01-01,23.05,2.1700000000000004
dadra_and_nagar_haveli_and_daman_and_diu,2015-02-01,25.57,0.28
dadra_and_nagar_haveli_and_daman_and_diu,2015-03-01,28.0,25.110000000000003
dadra_and_nagar_haveli_and_daman_and_diu,2015-04-01,29.73,8.100000000000001
dadra_and_nagar_haveli_and_daman_and_diu,2015-05-01,31.95,4.340000000000001
dadra_and_nagar_haveli_and_daman_and_diu,2015-06-01,28.58,531.5999999999999
dadra_and_nagar_haveli_and_daman_and_diu,2015-07-01,26.98,275.28000000000003
dadra_and_nagar_haveli_and_daman_and_diu,2015-08-01,26.42,102.92
dadra_and_nagar_haveli_and_daman_and_diu,2015-09-01,26.26,432.9
dadra_and_nagar_haveli_and_daman_and_diu,2015-10-01,27.28,32.86
dadra_and_nagar_haveli_and_daman_and_diu,2015-11-01,26.38,4.5
dadra_and_nagar_haveli_and_daman_and_diu,2015-12-01,25.01,0.0
dadra_and_nagar_haveli_and_daman_and_diu,2016-01-01,23.91,0.0
dadra_and_nagar_haveli_and_daman_and_diu,2016-02-01,25.39,0.87
dadra_and_nagar_haveli_and_daman_and_diu,2016-03-01,29.25,1.8599999999999999
dadra_and_nagar_haveli_and_daman_and_diu,2016-04-01,30.59,0.3
dadra_and_nagar_haveli_and_daman_and_diu,2016-05-01,31.68,13.33
dadra_and_nagar_haveli_and_daman_and_diu,2016-06-01,30.03,228.6
dadra_and_nagar_haveli_and_daman_and_diu,2016-07-01,26.43,696.26
dadra_and_nagar_haveli_and_daman_and_diu,2016-08-01,25.88,488.56
dadra_and_nagar_haveli_and_daman_and_diu,2016-09-01,25.64,409.8
dadra_and_nagar_haveli_and_daman_and_diu,2016-10-01,24.8,88.03999999999999
dadra_and_nagar_haveli_and_daman_and_diu,2016-11-01,23.32,0.0
dadra_and_nagar_haveli_and_daman_and_diu,2016-12-01,24.45,0.0
dadra_and_nagar_haveli_and_daman_and_diu,2017-01-01,23.55,0.0
dadra_and_nagar_haveli_and_daman_and_diu,2017-02-01,26.53,0.0
dadra_and_nagar_haveli_and_daman_and_diu,2017-03-01,28.21,0.31
dadra_and_nagar_haveli_and_daman_and_diu,2017-04-01,30.27,0.0
dadra_and_nagar_haveli_and_daman_and_diu,2017-05-01,31.93,5.2700000000000005
dadra_and_nagar_haveli_and_daman_and_diu,2017-06-01,28.9,357.9
dadra_and_nagar_haveli_and_daman_and_diu,2017-07-01,26.56,722.61
dadra_and_nagar_haveli_and_daman_and_diu,2017-08-01,26.19,401.45
dadra_and_nagar_haveli_and_daman_and_diu,2017-09-01,26.63,197.7
dadra_and_nagar_haveli_and_daman_and_diu,2017-10-01,26.66,77.19000000000001
dadra_and_nagar_haveli_and_daman_and_diu,2017-11-01,24.01,0.0
dadra_and_nagar_haveli_and_daman_and_diu,2017-12-01,22.57,42.160000000000004
dadra_and_nagar_haveli_and_daman_and_diu,2018-01-01,23.98,0.0
dadra_and_nagar_haveli_and_daman_and_diu,2018-02-01,26.75,0.0
dadra_and_nagar_haveli_and_daman_and_diu,2018-03-01,29.1,0.0
dadra_and_nagar_haveli_and_daman_and_diu,2018-04-01,30.8,0.3
dadra_and_nagar_haveli_and_daman_and_diu,2018-05-01,31.72,0.0
dadra_and_nagar_haveli_and_daman_and_diu,2018-06-01,29.47,302.4
dadra_and_nagar_haveli_and_daman_and_diu,2018-07-01,26.33,902.1
dadra_and_nagar_haveli_and_daman_and_diu,2018-08-01,25.78,198.4
dadra_and_nagar_haveli_and_daman_and_diu,2018-09-01,25.78,55.800000000000004
dadra_and_nagar_haveli_and_daman_and_diu,2018-10-01,28.18,12.09
dadra_and_nagar_haveli_and_daman_and_diu,2018-11-01,27.83,1.7999999999999998
dadra_and_nagar_haveli_and_daman_and_diu,2018-12-01,23.36,0.0
dadra_and_nagar_haveli_and_daman_and_diu,2019-01-01,22.28,0.0
dadra_and_nagar_haveli_and_daman_and_diu,2019-02-01,24.19,0.0
dadra_and_nagar_haveli_and_daman_and_diu,2019-03-01,27.54,0.0
dadra_and_nagar_haveli_and_daman_and_diu,2019-04-01,31.14,3.3
dadra_and_nagar_haveli_and_daman_and_diu,2019-05-01,31.13,0.0
dadra_and_nagar_haveli_and_daman_and_diu,2019-06-01,29.86,288.29999999999995
dadra_and_nagar_haveli_and_daman_and_diu,2019-07-01,27.17,784.3000000000001
dadra_and_nagar_haveli_and_daman_and_diu,2019-08-01,26.2,513.0500000000001
dadra_and_nagar_haveli_and_daman_and_diu,2019-09-01,26.28,601.1999999999999
dadra_and_nagar_haveli_and_daman_and_diu,2019-10-01,25.77,97.96000000000001
dadra_and_nagar_haveli_and_daman_and_diu,2019-11-01,24.53,37.8
dadra_and_nagar_haveli_and_daman_and_diu,2019-12-01,23.31,0.31
dadra_and_nagar_haveli_and_daman_and_diu,2020-01-01,21.71,0.0
dadra_and_nagar_haveli_and_daman_and_diu,2020-02-01,25.63,0.0
dadra_and_nagar_haveli_and_daman_and_diu,2020-03-01,26.87,1.55
dadra_and_nagar_haveli_and_daman_and_diu,2020-04-01,31.61,1.2
dadra_and_nagar_haveli_and_daman_and_diu,2020-05-01,32.53,4.03
dadra_and_nagar_haveli_and_daman_and_diu,2020-06-01,28.35,362.7
dadra_and_nagar_haveli_and_daman_and_diu,2020-07-01,27.25,472.75
dadra_and_nagar_haveli_and_daman_and_diu,2020-08-01,26.51,922.87
dadra_and_nagar_haveli_and_daman_and_diu,2020-09-01,26.75,237.89999999999998
dadra_and_nagar_haveli_and_daman_and_diu,2020-10-01,26.64,55.49
dadra_and_nagar_haveli_and_daman_and_diu,2020-11-01,24.43,0.6
dadra_and_nagar_haveli_and_daman_and_diu,2020-12-01,23.53,23.87
dadra_and_nagar_haveli_and_daman_and_diu,2021-01-01,24.24,4.03
dadra_and_nagar_haveli_and_daman_and_diu,2021-02-01,25.95,2.8000000000000003
dadra_and_nagar_haveli_and_daman_and_diu,2021-03-01,29.33,0.62
dadra_and_nagar_haveli_and_daman_and_diu,2021-04-01,30.74,8.4
dadra_and_nagar_haveli_and_daman_and_diu,2021-05-01,30.92,152.52
dadra_and_nagar_haveli_and_daman_and_diu,2021-06-01,28.38,314.7
dadra_and_nagar_haveli_and_daman_and_diu,2021-07-01,27.31,364.25
dadra_and_nagar_haveli_and_daman_and_diu,2021-08-01,26.06,363.01000000000005
dadra_and_nagar_haveli_and_daman_and_diu,2021-09-01,26.17,630.6
dadra_and_nagar_haveli_and_daman_and_diu,2021-10-01,25.63,47.74
dadra_and_nagar_haveli_and_daman_and_diu,2021-11-01,24.75,21.9
dadra_and_nagar_haveli_and_daman_and_diu,2021-12-01,21.79,62.309999999999995
dadra_and_nagar_haveli_and_daman_and_diu,2022-01-01,21.07,0.9299999999999999
dadra_and_nagar_haveli_and_daman_and_diu,2022-02-01,24.02,0.0
dadra_and_nagar_haveli_and_daman_and_diu,2022-03-01,29.84,1.55
dadra_and_nagar_haveli_and_daman_and_diu,2022-04-01,31.77,0.0
dadra_and_nagar_haveli_and_daman_and_diu,2022-05-01,31.25,12.09
dadra_and_nagar_haveli_and_daman_and_diu,2022-06-01,29.28,220.8
dadra_and_nagar_haveli_and_daman_and_diu,2022-07-01,26.31,1008.4300000000001
dadra_and_nagar_haveli_and_daman_and_diu,2022-08-01,26.06,482.36
dadra_and_nagar_haveli_and_daman_and_diu,2022-09-01,26.22,436.2
dadra_and_nagar_haveli_and_daman_and_diu,2022-10-01,24.94,118.11
dadra_and_nagar_haveli_and_daman_and_diu,2022-11-01,23.22,0.0
dadra_and_nagar_haveli_and_daman_and_diu,2022-12-01,24.48,3.7199999999999998
delhi,1999-01-01,13.68,42.470000000000006
delhi,1999-02-01,17.75,1.12
delhi,1999-03-01,24.12,0.31
delhi,1999-04-01,31.48,0.0
delhi,1999-05-01,35.79,11.16
delhi,1999-06-01,36.38,58.199999999999996
delhi,1999-07-01,34.33,144.15
delhi,1999-08-01,32.24,90.52
delhi,1999-09-01,30.27,106.5
delhi,1999-10-01,26.32,14.569999999999999
delhi,1999-11-01,21.54,0.0
delhi,1999-12-01,16.69,0.31
delhi,2000-01-01,14.96,16.43
delhi,2000-02-01,15.22,33.059999999999995
delhi,2000-03-01,22.14,12.709999999999999
delhi,2000-04-01,31.9,4.8
delhi,2000-05-01,36.28,25.110000000000003
delhi,2000-06-01,34.49,145.8
delhi,2000-07-01,31.28,199.02
delhi,2000-08-01,30.64,169.26
delhi,2000-09-01,30.18,31.200000000000003
delhi,2000-10-01,26.9,0.0
delhi,2000-11-01,21.82,0.6
delhi,2000-12-01,16.36,2.48
delhi,2001-01-01,13.71,11.47
delhi,2001-02-01,18.38,10.36
delhi,2001-03-01,24.12,3.7199999999999998
delhi,2001-04-01,29.74,25.5
delhi,2001-05-01,35.56,43.4
delhi,2001-06-01,34.31,116.39999999999999
delhi,2001-07-01,32.07,162.44
delhi,2001-08-01,31.1,91.14
delhi,2001-09-01,30.94,39.6
delhi,2001-10-01,27.51,5.2700000000000005
delhi,2001-11-01,21.8,0.0
delhi,2001-12-01,16.42,1.24
delhi,2002-01-01,14.1,26.97
delhi,2002-02-01,16.84,30.800000000000004
delhi,2002-03-01,24.08,3.7199999999999998
delhi,2002-04-01,31.7,6.3
delhi,2002-05-01,36.29,96.72
delhi,2002-06-01,36.08,45.0
delhi,2002-07-01,37.87,12.709999999999999
delhi,2002-08-01,32.12,149.73
delhi,2002-09-01,27.42,192.3
delhi,2002-10-01,25.71,2.1700000000000004
delhi,2002-11-01,21.1,0.0
delhi,2002-12-01,16.67,27.900000000000002
delhi,2003-01-01,13.48,29.45
delhi,2003-02-01,17.26,15.680000000000001
delhi,2003-03-01,23.22,4.96
delhi,2003-04-01,31.32,2.6999999999999997
delhi,2003-05-01,34.31,7.4399999999999995
delhi,2003-06-01,36.7,122.4
delhi,2003-07-01,29.94,493.83
delhi,2003-08-01,29.03,191.57999999999998
delhi,2003-09-01,27.67,122.99999999999999
delhi,2003-10-01,23.63,11.78
delhi,2003-11-01,18.89,0.8999999999999999
delhi,2003-12-01,15.35,22.94
delhi,2004-01-01,13.34,20.150000000000002
delhi,2004-02-01,17.43,0.29
delhi,2004-03-01,25.93,0.0
delhi,2004-04-01,32.05,76.5
delhi,2004-05-01,34.05,11.16
delhi,2004-06-01,35.17,85.8
delhi,2004-07-01,34.1,78.74
delhi,2004-08-01,29.23,258.84999999999997
delhi,2004-09-01,29.34,22.5
delhi,2004-10-01,25.19,73.47
delhi,2004-11-01,20.54,0.0
delhi,2004-12-01,16.36,0.9299999999999999
delhi,2005-01-01,13.91,10.23
delhi,2005-02-01,16.86,36.96
delhi,2005-03-01,24.32,28.52
delhi,2005-04-01,29.1,7.199999999999999
delhi,2005-05-01,34.37,6.2
delhi,2005-06-01,37.46,65.1
delhi,2005-07-01,30.89,220.72
delhi,2005-08-01,31.78,115.01
delhi,2005-09-01,28.62,227.10000000000002
delhi,2005-10-01,24.04,0.31
delhi,2005-11-01,19.48,0.8999999999999999
delhi,2005-12-01,14.24,0.62
delhi,2006-01-01,14.3,1.8599999999999999
delhi,2006-02-01,22.69,0.0
delhi,2006-03-01,23.34,27.28
delhi,2006-04-01,30.89,3.0
delhi,2006-05-01,35.82,53.63
delhi,2006-06-01,34.44,101.7
delhi,2006-07-01,31.55,249.86
delhi,2006-08-01,29.6,100.44000000000001
delhi,2006-09-01,28.91,101.10000000000001
delhi,2006-10-01,27.35,6.82
delhi,2006-11-01,21.23,0.6
delhi,2006-12-01,16.19,4.6499999999999995
delhi,2007-01-01,14.79,1.55
delhi,2007-02-01,17.57,76.44
delhi,2007-03-01,21.94,41.85
delhi,2007-04-01,31.48,1.2
delhi,2007-05-01,34.65,54.56
delhi,2007-06-01,36.15,141.3
delhi,2007-07-01,32.3,193.13000000000002
delhi,2007-08-01,29.27,205.84
delhi,2007-09-01,29.28,91.5
delhi,2007-10-01,24.99,0.62
delhi,2007-11-01,20.6,0.8999999999999999
delhi,2007-12-01,15.38,1.24
delhi,2008-01-01,14.22,2.1700000000000004
delhi,2008-02-01,16.38,3.19
delhi,2008-03-01,26.39,1.24
delhi,2008-04-01,29.71,30.3
delhi,2008-05-01,33.11,112.84
delhi,2008-06-01,32.36,122.69999999999999
delhi,2008-07-01,30.53,218.85999999999999
delhi,2008-08-01,28.28,258.23
delhi,2008-09-01,27.06,169.2
delhi,2008-10-01,24.54,3.7199999999999998
delhi,2008-11-01,19.81,2.6999999999999997
delhi,2008-12-01,17.08,0.0
delhi,2009-01-01,15.25,4.03
delhi,2009-02-01,18.25,5.32
delhi,2009-03-01,24.87,6.82
delhi,2009-04-01,30.13,5.7
delhi,2009-05-01,35.74,45.26
delhi,2009-06-01,36.67,32.400000000000006
delhi,2009-07-01,34.9,155.31
delhi,2009-08-01,31.29,206.46
delhi,2009-09-01,27.53,177.0
delhi,2009-10-01,23.91,41.54
delhi,2009-11-01,19.82,15.9
delhi,2009-12-01,15.58,2.1700000000000004
delhi,2010-01-01,14.32,6.51
delhi,2010-02-01,17.82,24.36
delhi,2010-03-01,26.62,0.62
delhi,2010-04-01,33.3,1.2
delhi,2010-05-01,36.77,6.82
delhi,2010-06-01,37.43,12.9
delhi,2010-07-01,31.94,300.08
delhi,2010-08-01,28.78,336.96999999999997
delhi,2010-09-01,26.57,293.09999999999997
delhi,2010-10-01,24.07,4.96
delhi,2010-11-01,19.4,25.8
delhi,2010-12-01,13.22,8.680000000000001
delhi,2011-01-01,11.2,0.9299999999999999
delhi,2011-02-01,16.53,40.04
delhi,2011-03-01,22.39,3.41
delhi,2011-04-01,28.93,10.200000000000001
delhi,2011-05-01,35.86,30.38
delhi,2011-06-01,34.74,118.5
delhi,2011-07-01,30.75,164.60999999999999
delhi,2011-08-01,28.71,228.78
delhi,2011-09-01,27.06,207.3
delhi,2011-10-01,24.49,1.55
delhi,2011-11-01,20.71,0.0
delhi,2011-12-01,15.24,0.9299999999999999
delhi,2012-01-01,12.79,22.009999999999998
delhi,2012-02-01,15.79,1.4500000000000002
delhi,2012-03-01,23.31,4.03
delhi,2012-04-01,30.09,18.3
delhi,2012-05-01,35.06,2.48
delhi,2012-06-01,38.43,15.0
delhi,2012-07-01,33.66,155.61999999999998
delhi,2012-08-01,29.35,353.71
delhi,2012-09-01,26.73,89.4
delhi,2012-10-01,23.89,5.2700000000000005
delhi,2012-11-01,18.64,1.2
delhi,2012-12-01,14.51,4.6499999999999995
delhi,2013-01-01,11.97,31.0
delhi,2013-02-01,15.8,83.44
delhi,2013-03-01,22.77,10.85
delhi,2013-04-01,29.87,6.9
delhi,2013-05-01,35.69,4.6499999999999995
delhi,2013-06-01,34.41,178.8
delhi,2013-07-01,30.18,329.53000000000003
delhi,2013-08-01,28.24,329.53000000000003
delhi,2013-09-01,27.01,110.4
delhi,2013-10-01,23.96,71.61
delhi,2013-11-01,17.41,1.5
delhi,2013-12-01,14.29,8.06
delhi,2014-01-01,13.22,28.52
delhi,2014-02-01,15.23,56.0
delhi,2014-03-01,21.17,22.009999999999998
delhi,2014-04-01,28.13,10.799999999999999
delhi,2014-05-01,33.75,40.61
delhi,2014-06-01,37.6,39.6
delhi,2014-07-01,33.8,120.28
delhi,2014-08-01,31.34,170.5
delhi,2014-09-01,29.18,69.0
delhi,2014-10-01,26.43,8.06
delhi,2014-11-01,20.5,0.0
delhi,2014-12-01,14.36,24.490000000000002
delhi,2015-01-01,12.64,33.17
delhi,2015-02-01,18.09,5.32
delhi,2015-03-01,21.32,87.11
delhi,2015-04-01,27.98,35.099999999999994
delhi,2015-05-01,35.15,7.4399999999999995
delhi,2015-06-01,35.24,96.9
delhi,2015-07-01,30.76,230.02
delhi,2015-08-01,29.58,212.35
delhi,2015-09-01,29.17,50.699999999999996
delhi,2015-10-01,26.41,11.16
delhi,2015-11-01,21.58,0.8999999999999999
delhi,2015-12-01,15.9,1.55
delhi,2016-01-01,15.62,0.31
delhi,2016-02-01,18.58,3.48
delhi,2016-03-01,24.93,22.32
delhi,2016-04-01,32.08,0.3
delhi,2016-05-01,35.54,48.67
delhi,2016-06-01,36.47,79.5
delhi,2016-07-01,30.93,323.95
delhi,2016-08-01,28.7,153.76
delhi,2016-09-01,28.81,40.800000000000004
delhi,2016-10-01,26.2,4.96
delhi,2016-11-01,20.5,0.0
delhi,2016-12-01,16.76,0.0
delhi,2017-01-01,14.38,26.04
delhi,2017-02-01,17.92,0.56
delhi,2017-03-01,23.81,13.950000000000001
delhi,2017-04-01,32.1,8.100000000000001
delhi,2017-05-01,35.95,17.98
delhi,2017-06-01,34.95,140.39999999999998
delhi,2017-07-01,30.97,159.03
delhi,2017-08-01,30.49,143.53
delhi,2017-09-01,28.53,158.1
delhi,2017-10-01,25.78,0.0
delhi,2017-11-01,19.2,0.0
delhi,2017-12-01,15.36,4.6499999999999995
delhi,2018-01-01,13.59,3.1
delhi,2018-02-01,19.23,3.36
delhi,2018-03-01,25.49,1.55
delhi,2018-04-01,31.09,21.0
delhi,2018-05-01,35.43,9.61
delhi,2018-06-01,36.37,46.800000000000004
delhi,2018-07-01,31.81,375.40999999999997
delhi,2018-08-01,28.79,208.94
delhi,2018-09-01,26.62,170.39999999999998
delhi,2018-10-01,23.65,2.79
delhi,2018-11-01,19.53,2.4
delhi,2018-12-01,13.57,0.31
delhi,2019-01-01,12.75,36.89
delhi,2019-02-01,15.51,28.0
delhi,2019-03-01,21.32,8.680000000000001
delhi,2019-04-01,30.71,19.2
delhi,2019-05-01,34.24,14.26
delhi,2019-06-01,37.68,10.200000000000001
delhi,2019-07-01,33.62,183.52
delhi,2019-08-01,30.05,174.53
delhi,2019-09-01,29.6,77.4
delhi,2019-10-01,25.54,13.33
delhi,2019-11-01,21.31,13.5
delhi,2019-12-01,12.88,39.06
delhi,2020-01-01,12.7,29.45
delhi,2020-02-01,15.86,17.11
delhi,2020-03-01,21.23,65.10000000000001
delhi,2020-04-01,28.32,18.6
delhi,2020-05-01,33.64,52.08
delhi,2020-06-01,35.01,38.4
delhi,2020-07-01,32.92,212.66
delhi,2020-08-01,30.11,165.85
delhi,2020-09-01,30.31,14.399999999999999
delhi,2020-10-01,26.24,0.0
delhi,2020-11-01,19.59,5.3999999999999995
delhi,2020-12-01,15.35,1.8599999999999999
delhi,2021-01-01,13.23,39.06
delhi,2021-02-01,18.74,3.64
delhi,2021-03-01,25.93,2.1700000000000004
delhi,2021-04-01,29.95,3.5999999999999996
delhi,2021-05-01,31.91,110.67
delhi,2021-06-01,33.3,90.3
delhi,2021-07-01,32.05,334.8
delhi,2021-08-01,28.91,141.98
delhi,2021-09-01,27.23,197.4
delhi,2021-10-01,24.13,118.73
delhi,2021-11-01,17.55,0.0
delhi,2021-12-01,13.49,3.7199999999999998
delhi,2022-01-01,11.98,75.33
delhi,2022-02-01,15.12,27.72
delhi,2022-03-01,24.71,0.0
delhi,2022-04-01,32.77,0.0
delhi,2022-05-01,35.01,41.54
delhi,2022-06-01,35.89,52.2
delhi,2022-07-01,32.66,146.32
delhi,2022-08-01,31.09,58.9
delhi,2022-09-01,29.7,257.1
delhi,2022-10-01,23.58,132.36999999999998
delhi,2022-11-01,18.49,0.0
delhi,2022-12-01,14.31,0.0
goa,1999-01-01,22.38,0.0
goa,1999-02-01,26.79,1.4000000000000001
goa,1999-03-01,28.79,0.0
goa,1999-04-01,28.7,0.6
goa,1999-05-01,26.44,166.78
goa,1999-06-01,24.37,489.29999999999995
goa,1999-07-01,23.65,618.14
goa,1999-08-01,23.48,136.71
goa,1999-09-01,23.62,101.39999999999999
goa,1999-10-01,24.03,150.35
goa,1999-11-01,23.13,2.1
goa,1999-12-01,22.81,0.0
goa,2000-01-01,24.82,0.9299999999999999
goa,2000-02-01,24.54,2.9000000000000004
goa,2000-03-01,27.44,0.0
goa,2000-04-01,29.04,17.099999999999998
goa,2000-05-01,27.03,145.07999999999998
goa,2000-06-01,24.32,422.4
goa,2000-07-01,23.32,464.69
goa,2000-08-01,23.54,266.29
goa,2000-09-01,24.21,160.5
goa,2000-10-01,23.91,82.46000000000001
goa,2000-11-01,22.99,7.5
goa,2000-12-01,22.43,4.03
goa,2001-01-01,24.78,1.55
goa,2001-02-01,26.15,0.0
goa,2001-03-01,26.77,0.0
goa,2001-04-01,29.21,17.7
goa,2001-05-01,27.96,76.26
goa,2001-06-01,24.77,258.59999999999997
goa,2001-07-01,23.81,402.07
goa,2001-08-01,23.44,245.21
goa,2001-09-01,23.76,85.19999999999999
goa,2001-10-01,23.49,98.89
goa,2001-11-01,24.28,18.3
goa,2001-12-01,23.36,0.9299999999999999
goa,2002-01-01,23.63,0.0
goa,2002-02-01,26.68,0.84
goa,2002-03-01,28.57,0.0
goa,2002-04-01,29.93,10.5
goa,2002-05-01,28.2,51.46
goa,2002-06-01,25.12,511.79999999999995
goa,2002-07-01,24.26,177.63000000000002
goa,2002-08-01,23.7,349.37
goa,2002-09-01,23.83,57.9
goa,2002-10-01,24.73,137.32999999999998
goa,2002-11-01,24.56,2.4
goa,2002-12-01,23.84,0.0
goa,2003-01-01,25.03,0.31
goa,2003-02-01,26.87,3.36
goa,2003-03-01,28.38,13.950000000000001
goa,2003-04-01,29.74,31.200000000000003
goa,2003-05-01,29.57,13.950000000000001
goa,2003-06-01,26.12,396.90000000000003
goa,2003-07-01,24.3,373.23999999999995
goa,2003-08-01,24.07,206.77
goa,2003-09-01,23.93,87.6
goa,2003-10-01,24.25,109.74
goa,2003-11-01,24.35,3.3
goa,2003-12-01,23.75,2.79
goa,2004-01-01,23.78,0.0
goa,2004-02-01,26.2,0.0
goa,2004-03-01,29.2,1.8599999999999999
goa,2004-04-01,29.51,16.5
goa,2004-05-01,26.86,198.09
goa,2004-06-01,24.4,372.9
goa,2004-07-01,23.92,316.82
goa,2004-08-01,23.52,346.27
goa,2004-09-01,23.86,118.8
goa,2004-10-01,23.7,61.07
goa,2004-11-01,23.76,25.8
goa,2004-12-01,23.05,0.0
goa,2005-01-01,24.5,0.9299999999999999
goa,2005-02-01,26.05,0.28
goa,2005-03-01,27.81,0.62
goa,2005-04-01,28.9,57.3
goa,2005-05-01,28.69,48.67
goa,2005-06-01,25.38,559.2
goa,2005-07-01,24.16,732.53
goa,2005-08-01,23.77,343.48
goa,2005-09-01,23.88,382.8
goa,2005-10-01,23.84,121.83
goa,2005-11-01,20.81,3.0
goa,2005-12-01,21.67,0.0
goa,2006-01-01,23.45,0.0
goa,2006-02-01,25.93,0.0
goa,2006-03-01,26.76,26.349999999999998
goa,2006-04-01,28.96,5.3999999999999995
goa,2006-05-01,28.1,275.59000000000003
goa,2006-06-01,24.62,475.2
goa,2006-07-01,23.81,394.01000000000005
goa,2006-08-01,23.36,385.64
goa,2006-09-01,24.17,272.4
goa,2006-10-01,24.12,190.03
goa,2006-11-01,23.06,37.2
goa,2006-12-01,21.69,0.0
goa,2007-01-01,23.47,0.0
goa,2007-02-01,25.06,0.0
goa,2007-03-01,28.13,0.31
goa,2007-04-01,29.48,27.6
goa,2007-05-01,28.26,84.94000000000001
goa,2007-06-01,25.12,736.8
goa,2007-07-01,24.18,530.1
goa,2007-08-01,23.72,553.97
goa,2007-09-01,23.98,404.40000000000003
goa,2007-10-01,23.68,67.27
goa,2007-11-01,21.17,49.5
goa,2007-12-01,22.26,0.9299999999999999
goa,2008-01-01,22.54,0.0
goa,2008-02-01,24.61,11.600000000000001
goa,2008-03-01,26.71,95.78999999999999
goa,2008-04-01,27.62,32.400000000000006
goa,2008-05-01,27.71,47.43
goa,2008-06-01,24.8,393.0
goa,2008-07-01,24.27,311.55
goa,2008-08-01,23.77,507.15999999999997
goa,2008-09-01,23.7,284.40000000000003
goa,2008-10-01,23.79,42.470000000000006
goa,2008-11-01,23.4,24.3
goa,2008-12-01,22.99,8.99
goa,2009-01-01,24.34,0.0
goa,2009-02-01,26.7,0.0
goa,2009-03-01,28.69,8.99
goa,2009-04-01,29.44,14.1
goa,2009-05-01,28.34,51.46
goa,2009-06-01,25.11,348.90000000000003
goa,2009-07-01,23.92,773.76
goa,2009-08-01,24.1,221.96
goa,2009-09-01,24.45,314.7
goa,2009-10-01,23.61,198.09
goa,2009-11-01,22.95,111.0
goa,2009-12-01,22.2,14.879999999999999
goa,2010-01-01,23.24,9.61
goa,2010-02-01,25.69,0.0
goa,2010-03-01,28.95,0.0
goa,2010-04-01,29.32,18.9
goa,2010-05-01,29.2,49.910000000000004
goa,2010-06-01,25.76,511.79999999999995
goa,2010-07-01,23.93,720.75
goa,2010-08-01,23.88,426.25
goa,2010-09-01,24.07,333.29999999999995
goa,2010-10-01,24.05,165.85
goa,2010-11-01,23.37,128.7
goa,2010-12-01,20.54,1.8599999999999999
goa,2011-01-01,21.68,0.0
goa,2011-02-01,23.8,0.84
goa,2011-03-01,28.14,0.0
goa,2011-04-01,28.07,37.5
goa,2011-05-01,28.26,43.4
goa,2011-06-01,25.19,309.3
goa,2011-07-01,23.97,567.3000000000001
goa,2011-08-01,23.69,530.41
goa,2011-09-01,23.69,243.0
goa,2011-10-01,24.27,96.72
goa,2011-11-01,23.16,12.299999999999999
goa,2011-12-01,23.49,0.0
goa,2012-01-01,23.46,0.0
goa,2012-02-01,26.11,0.0
goa,2012-03-01,27.58,0.0
goa,2012-04-01,28.48,54.300000000000004
goa,2012-05-01,28.66,14.879999999999999
goa,2012-06-01,25.23,506.99999999999994
goa,2012-07-01,23.98,362.39
goa,2012-08-01,23.82,398.04
goa,2012-09-01,23.76,161.4
goa,2012-10-01,23.75,78.74
goa,2012-11-01,23.26,35.099999999999994
goa,2012-12-01,23.63,0.0
goa,2013-01-01,24.68,0.0
goa,2013-02-01,26.4,8.4
goa,2013-03-01,28.47,1.55
goa,2013-04-01,28.47,16.8
goa,2013-05-01,28.12,85.25
goa,2013-06-01,24.77,428.09999999999997
goa,2013-07-01,23.58,708.66
goa,2013-08-01,23.5,239.94
goa,2013-09-01,23.67,276.0
goa,2013-10-01,23.74,102.3
goa,2013-11-01,22.6,2.4
goa,2013-12-01,21.84,0.0
goa,2014-01-01,24.08,0.0
goa,2014-02-01,25.16,0.84
goa,2014-03-01,27.81,8.370000000000001
goa,2014-04-01,29.61,15.600000000000001
goa,2014-05-01,28.3,128.03
goa,2014-06-01,25.9,268.8
goa,2014-07-01,24.31,653.79
goa,2014-08-01,23.83,571.9499999999999
goa,2014-09-01,24.07,139.5
goa,2014-10-01,24.03,185.07
goa,2014-11-01,22.13,27.900000000000002
goa,2014-12-01,22.03,18.91
goa,2015-01-01,22.25,0.31
goa,2015-02-01,25.27,7.28
goa,2015-03-01,26.99,26.04
goa,2015-04-01,28.61,30.3
goa,2015-05-01,28.35,92.69000000000001
goa,2015-06-01,25.06,464.40000000000003
goa,2015-07-01,24.38,324.26000000000005
goa,2015-08-01,24.23,283.03000000000003
goa,2015-09-01,24.13,166.5
goa,2015-10-01,24.64,73.16
goa,2015-11-01,24.64,17.7
goa,2015-12-01,24.9,1.24
goa,2016-01-01,24.4,0.0
goa,2016-02-01,26.54,0.0
goa,2016-03-01,28.73,7.4399999999999995
goa,2016-04-01,29.83,12.299999999999999
goa,2016-05-01,29.25,34.410000000000004
goa,2016-06-01,25.18,595.2
goa,2016-07-01,23.84,685.72
goa,2016-08-01,23.72,388.12
goa,2016-09-01,23.39,161.7
goa,2016-10-01,22.86,71.3
goa,2016-11-01,22.3,13.8
goa,2016-12-01,23.45,1.24
goa,2017-01-01,24.35,0.0
goa,2017-02-01,26.5,0.0
goa,2017-03-01,27.45,0.62
goa,2017-04-01,29.53,6.3
goa,2017-05-01,28.88,67.89
goa,2017-06-01,25.29,346.2
goa,2017-07-01,24.3,401.45
goa,2017-08-01,24.18,291.71
goa,2017-09-01,24.49,299.7
goa,2017-10-01,24.1,126.17000000000002
goa,2017-11-01,22.09,2.4
goa,2017-12-01,22.3,6.2
goa,2018-01-01,23.66,0.62
goa,2018-02-01,26.08,0.84
goa,2018-03-01,28.13,11.78
goa,2018-04-01,29.84,15.0
goa,2018-05-01,28.05,122.14
goa,2018-06-01,24.94,572.7
goa,2018-07-01,23.88,454.46
goa,2018-08-01,23.51,258.23
goa,2018-09-01,23.7,118.8
goa,2018-10-01,24.28,57.35
goa,2018-11-01,24.54,9.9
goa,2018-12-01,23.97,3.41
goa,2019-01-01,23.66,0.0
goa,2019-02-01,26.21,0.0
goa,2019-03-01,27.63,12.709999999999999
goa,2019-04-01,29.76,20.1
goa,2019-05-01,29.51,7.13
goa,2019-06-01,26.66,448.8
goa,2019-07-01,24.38,726.33
goa,2019-08-01,24.11,905.51
goa,2019-09-01,23.95,376.2
goa,2019-10-01,24.07,388.73999999999995
goa,2019-11-01,23.04,18.0
goa,2019-12-01,23.09,1.55
goa,2020-01-01,23.04,0.31
goa,2020-02-01,25.56,1.4500000000000002
goa,2020-03-01,27.58,12.4
goa,2020-04-01,29.84,36.6
goa,2020-05-01,29.93,47.43
goa,2020-06-01,25.09,549.9
goa,2020-07-01,24.15,709.9
goa,2020-08-01,24.01,688.1999999999999
goa,2020-09-01,24.0,459.3
goa,2020-10-01,23.91,238.07999999999998
goa,2020-11-01,23.04,0.6
goa,2020-12-01,22.42,4.03
goa,2021-01-01,24.36,11.78
goa,2021-02-01,25.14,10.92
goa,2021-03-01,28.76,4.340000000000001
goa,2021-04-01,29.46,32.1
goa,2021-05-01,27.14,316.2
goa,2021-06-01,24.68,554.4
goa,2021-07-01,24.0,728.8100000000001
goa,2021-08-01,23.91,181.35
goa,2021-09-01,24.02,288.29999999999995
goa,2021-10-01,24.46,155.31
goa,2021-11-01,23.64,127.8
goa,2021-12-01,21.52,60.76
goa,2022-01-01,21.29,0.0
goa,2022-02-01,24.39,0.0
goa,2022-03-01,28.52,9.92
goa,2022-04-01,29.05,51.0
goa,2022-05-01,27.77,84.01
goa,2022-06-01,25.23,430.5
goa,2022-07-01,24.03,608.53
goa,2022-08-01,23.8,363.32
goa,2022-09-01,23.82,273.0
goa,2022-10-01,23.42,111.91
goa,2022-11-01,22.58,3.5999999999999996
goa,2022-12-01,23.91,7.13
gujarat,1999-01-01,19.92,0.31
gujarat,1999-02-01,24.34,10.92
gujarat,1999-03-01,27.43,0.0
gujarat,1999-04-01,32.05,0.0
gujarat,1999-05-01,32.58,5.58
gujarat,1999-06-01,31.61,72.9
gujarat,1999-07-01,30.12,97.96000000000001
gujarat,1999-08-01,30.41,16.43
gujarat,1999-09-01,31.09,53.1
gujarat,1999-10-01,27.37,61.38
gujarat,1999-11-01,25.04,0.0
gujarat,1999-12-01,21.19,0.0
gujarat,2000-01-01,20.9,0.0
gujarat,2000-02-01,21.42,0.0
gujarat,2000-03-01,26.43,0.0
gujarat,2000-04-01,31.88,0.0
gujarat,2000-05-01,33.21,17.98
gujarat,2000-06-01,33.25,21.9
gujarat,2000-07-01,28.34,241.49
gujarat,2000-08-01,28.58,73.16
gujarat,2000-09-01,29.66,7.199999999999999
gujarat,2000-10-01,30.59,4.03
gujarat,2000-11-01,25.92,0.0
gujarat,2000-12-01,21.87,0.9299999999999999
gujarat,2001-01-01,19.54,0.0
gujarat,2001-02-01,22.52,0.0
gujarat,2001-03-01,27.02,0.0
gujarat,2001-04-01,31.38,5.1000000000000005
gujarat,2001-05-01,33.09,14.879999999999999
gujarat,2001-06-01,30.7,73.5
gujarat,2001-07-01,28.35,137.02
gujarat,2001-08-01,27.88,127.1
gujarat,2001-09-01,29.5,23.700000000000003
gujarat,2001-10-01,29.92,12.709999999999999
gujarat,2001-11-01,25.53,0.0
gujarat,2001-12-01,22.13,0.0
gujarat,2002-01-01,19.11,0.0
gujarat,2002-02-01,21.95,0.0
gujarat,2002-03-01,28.36,1.24
gujarat,2002-04-01,31.42,0.0
gujarat,2002-05-01,33.74,2.79
gujarat,2002-06-01,32.4,161.1
gujarat,2002-07-01,29.74,22.63
gujarat,2002-08-01,28.88,118.11
gujarat,2002-09-01,28.92,23.400000000000002
gujarat,2002-10-01,30.58,0.0
gujarat,2002-11-01,26.1,1.2
gujarat,2002-12-01,22.16,0.62
gujarat,2003-01-01,20.97,1.24
gujarat,2003-02-01,23.32,8.68
gujarat,2003-03-01,26.85,0.0
gujarat,2003-04-01,31.64,2.6999999999999997
gujarat,2003-05-01,32.92,0.0
gujarat,2003-06-01,31.57,153.6
gujarat,2003-07-01,28.37,334.18
gujarat,2003-08-01,27.05,280.23999999999995
gujarat,2003-09-01,26.83,27.0
gujarat,2003-10-01,26.64,8.370000000000001
gujarat,2003-11-01,24.61,0.0
gujarat,2003-12-01,20.31,0.0
gujarat,2004-01-01,20.14,0.31
gujarat,2004-02-01,22.88,0.0
gujarat,2004-03-01,29.04,0.0
gujarat,2004-04-01,31.61,0.0
gujarat,2004-05-01,32.12,40.92
gujarat,2004-06-01,31.23,122.4
gujarat,2004-07-01,29.05,196.85
gujarat,2004-08-01,26.6,282.09999999999997
gujarat,2004-09-01,27.34,23.400000000000002
gujarat,2004-10-01,26.06,19.53
gujarat,2004-11-01,25.55,0.0
gujarat,2004-12-01,22.33,0.0
gujarat,2005-01-01,18.88,0.0
gujarat,2005-02-01,22.02,0.0
gujarat,2005-03-01,27.15,0.0
gujarat,2005-04-01,30.67,0.0
gujarat,2005-05-01,32.84,4.6499999999999995
gujarat,2005-06-01,32.38,313.8
gujarat,2005-07-01,28.03,140.11999999999998
gujarat,2005-08-01,27.25,122.45
gujarat,2005-09-01,27.23,246.9
gujarat,2005-10-01,25.9,0.31
gujarat,2005-11-01,23.57,0.0
gujarat,2005-12-01,19.17,0.0
gujarat,2006-01-01,20.11,0.0
gujarat,2006-02-01,25.9,0.0
gujarat,2006-03-01,26.66,2.1700000000000004
gujarat,2006-04-01,30.62,0.0
gujarat,2006-05-01,33.41,0.62
gujarat,2006-06-01,31.63,110.1
gujarat,2006-07-01,28.27,379.13
gujarat,2006-08-01,26.56,221.34
gujarat,2006-09-01,26.95,118.2
gujarat,2006-10-01,26.4,1.24
gujarat,2006-11-01,23.37,0.8999999999999999
gujarat,2006-12-01,21.19,0.0
gujarat,2007-01-01,20.25,0.0
gujarat,2007-02-01,24.03,1.4000000000000001
gujarat,2007-03-01,27.39,0.0
gujarat,2007-04-01,32.42,0.0
gujarat,2007-05-01,33.54,1.8599999999999999
gujarat,2007-06-01,31.71,147.6
gujarat,2007-07-01,28.35,318.98999999999995
gujarat,2007-08-01,27.33,478.64
gujarat,2007-09-01,27.13,174.29999999999998
gujarat,2007-10-01,25.06,0.0
gujarat,2007-11-01,23.95,13.2
gujarat,2007-12-01,19.45,0.0
gujarat,2008-01-01,18.49,0.0
gujarat,2008-02-01,20.07,0.29
gujarat,2008-03-01,28.14,0.0
gujarat,2008-04-01,31.15,2.1
gujarat,2008-05-01,32.27,0.0
gujarat,2008-06-01,30.68,107.69999999999999
gujarat,2008-07-01,29.2,106.33
gujarat,2008-08-01,27.32,218.85999999999999
gujarat,2008-09-01,27.24,236.7
gujarat,2008-10-01,26.74,3.1
gujarat,2008-11-01,23.67,3.0
gujarat,2008-12-01,22.7,0.9299999999999999
gujarat,2009-01-01,21.6,0.0
gujarat,2009-02-01,23.75,0.0
gujarat,2009-03-01,27.83,26.04
gujarat,2009-04-01,31.62,0.0
gujarat,2009-05-01,33.77,0.0
gujarat,2009-06-01,32.85,24.3
gujarat,2009-07-01,28.73,377.58
gujarat,2009-08-01,27.89,134.85
gujarat,2009-09-01,28.09,11.700000000000001
gujarat,2009-10-01,28.21,6.2
gujarat,2009-11-01,25.0,2.4
gujarat,2009-12-01,21.71,0.0
gujarat,2010-01-01,20.78,0.62
gujarat,2010-02-01,22.51,0.0
gujarat,2010-03-01,28.79,0.0
gujarat,2010-04-01,32.65,0.0
gujarat,2010-05-01,34.34,0.0
gujarat,2010-06-01,32.15,76.2
gujarat,2010-07-01,28.73,431.21
gujarat,2010-08-01,27.22,436.79
gujarat,2010-09-01,26.72,162.89999999999998
gujarat,2010-10-01,26.51,22.32
gujarat,2010-11-01,23.06,83.39999999999999
gujarat,2010-12-01,17.71,0.62
gujarat,2011-01-01,17.32,0.0
gujarat,2011-02-01,22.41,0.0
gujarat,2011-03-01,27.48,0.0
gujarat,2011-04-01,31.35,0.0
gujarat,2011-05-01,32.85,0.0
gujarat,2011-06-01,33.39,10.799999999999999
gujarat,2011-07-01,28.71,328.90999999999997
gujarat,2011-08-01,27.24,255.13000000000002
gujarat,2011-09-01,26.36,192.3
gujarat,2011-10-01,26.31,0.0
gujarat,2011-11-01,24.67,0.0
gujarat,2011-12-01,20.31,0.0
gujarat,2012-01-01,18.19,0.0
gujarat,2012-02-01,20.58,0.0
gujarat,2012-03-01,26.17,0.0
gujarat,2012-04-01,31.1,0.8999999999999999
gujarat,2012-05-01,32.63,0.0
gujarat,2012-06-01,32.55,33.0
gujarat,2012-07-01,30.09,69.75
gujarat,2012-08-01,29.6,83.08
gujarat,2012-09-01,27.29,224.4
gujarat,2012-10-01,26.85,0.31
gujarat,2012-11-01,23.76,0.0
gujarat,2012-12-01,22.32,0.0
gujarat,2013-01-01,19.19,0.9299999999999999
gujarat,2013-02-01,22.93,0.28
gujarat,2013-03-01,27.18,0.0
gujarat,2013-04-01,30.27,19.8
gujarat,2013-05-01,33.25,0.0
gujarat,2013-06-01,30.55,174.0
gujarat,2013-07-01,27.8,244.59
gujarat,2013-08-01,27.01,142.29
gujarat,2013-09-01,27.78,445.79999999999995
gujarat,2013-10-01,26.1,44.019999999999996
gujarat,2013-11-01,21.7,0.0
gujarat,2013-12-01,18.79,0.0
gujarat,2014-01-01,18.04,2.79
gujarat,2014-02-01,21.48,0.28
gujarat,2014-03-01,26.72,0.0
gujarat,2014-04-01,31.35,6.9
gujarat,2014-05-01,33.11,13.33
gujarat,2014-06-01,33.69,8.4
gujarat,2014-07-01,30.35,274.65999999999997
gujarat,2014-08-01,27.69,115.32000000000001
gujarat,2014-09-01,27.24,109.5
gujarat,2014-10-01,27.84,0.9299999999999999
gujarat,2014-11-01,26.29,7.5
gujarat,2014-12-01,19.85,0.0
gujarat,2015-01-01,19.42,4.96
gujarat,2015-02-01,23.63,0.0
gujarat,2015-03-01,26.77,14.879999999999999
gujarat,2015-04-01,31.76,6.0
gujarat,2015-05-01,33.61,5.2700000000000005
gujarat,2015-06-01,31.1,276.0
gujarat,2015-07-01,28.94,228.16
gujarat,2015-08-01,28.38,13.33
gujarat,2015-09-01,28.59,109.2
gujarat,2015-10-01,29.2,0.0
gujarat,2015-11-01,26.05,0.0
gujarat,2015-12-01,20.69,0.0
gujarat,2016-01-01,20.98,0.0
gujarat,2016-02-01,23.23,0.0
gujarat,2016-03-01,28.61,0.62
gujarat,2016-04-01,30.9,0.0
gujarat,2016-05-01,33.91,0.31
gujarat,2016-06-01,32.69,35.099999999999994
gujarat,2016-07-01,29.36,128.34
gujarat,2016-08-01,27.94,175.15
gujarat,2016-09-01,27.66,66.3
gujarat,2016-10-01,26.24,60.14
gujarat,2016-11-01,23.67,0.0
gujarat,2016-12-01,22.37,0.0
gujarat,2017-01-01,20.18,0.0
gujarat,2017-02-01,23.74,0.0
gujarat,2017-03-01,27.33,0.0
gujarat,2017-04-01,31.15,0.0
gujarat,2017-05-01,33.79,3.7199999999999998
gujarat,2017-06-01,31.42,142.5
gujarat,2017-07-01,27.67,554.28
gujarat,2017-08-01,27.29,170.81
gujarat,2017-09-01,27.0,43.5
gujarat,2017-10-01,27.42,3.41
gujarat,2017-11-01,23.19,0.0
gujarat,2017-12-01,20.38,5.58
gujarat,2018-01-01,21.12,0.0
gujarat,2018-02-01,24.48,0.0
gujarat,2018-03-01,28.28,0.0
gujarat,2018-04-01,31.96,0.0
gujarat,2018-05-01,34.06,0.0
gujarat,2018-06-01,33.47,32.400000000000006
gujarat,2018-07-01,28.93,185.07
gujarat,2018-08-01,27.62,135.47
gujarat,2018-09-01,27.49,21.599999999999998
gujarat,2018-10-01,29.46,0.9299999999999999
gujarat,2018-11-01,26.08,0.0
gujarat,2018-12-01,19.78,0.0
gujarat,2019-01-01,19.1,0.62
gujarat,2019-02-01,21.76,0.0
gujarat,2019-03-01,26.6,0.0
gujarat,2019-04-01,32.13,1.5
gujarat,2019-05-01,32.57,0.31
gujarat,2019-06-01,32.51,85.5
gujarat,2019-07-01,30.58,156.24
gujarat,2019-08-01,27.46,387.5
gujarat,2019-09-01,27.23,340.5
gujarat,2019-10-01,25.64,50.529999999999994
gujarat,2019-11-01,23.04,15.0
gujarat,2019-12-01,18.13,0.0
gujarat,2020-01-01,16.79,0.0
gujarat,2020-02-01,22.21,0.0
gujarat,2020-03-01,25.86,1.55
gujarat,2020-04-01,32.38,0.3
gujarat,2020-05-01,33.97,0.0
gujarat,2020-06-01,31.08,134.1
gujarat,2020-07-01,29.17,220.41
gujarat,2020-08-01,27.61,588.0699999999999
gujarat,2020-09-01,27.22,97.2
gujarat,2020-10-01,26.24,43.71
gujarat,2020-11-01,21.1,0.0
gujarat,2020-12-01,19.31,4.340000000000001
gujarat,2021-01-01,18.51,0.0
gujarat,2021-02-01,23.69,0.0
gujarat,2021-03-01,28.7,0.0
gujarat,2021-04-01,31.86,0.8999999999999999
gujarat,2021-05-01,32.67,57.970000000000006
gujarat,2021-06-01,31.7,120.9
gujarat,2021-07-01,29.51,127.72
gujarat,2021-08-01,28.61,53.63
gujarat,2021-09-01,27.52,389.1
gujarat,2021-10-01,25.63,2.79
gujarat,2021-11-01,22.84,3.0
gujarat,2021-12-01,19.37,4.96
gujarat,2022-01-01,18.66,1.8599999999999999
gujarat,2022-02-01,22.81,0.0
gujarat,2022-03-01,29.05,0.0
gujarat,2022-04-01,32.8,0.0
gujarat,2022-05-01,33.6,0.0
gujarat,2022-06-01,32.1,60.3
gujarat,2022-07-01,27.79,350.92
gujarat,2022-08-01,27.21,181.04
gujarat,2022-09-01,26.8,156.6
gujarat,2022-10-01,26.05,12.4
gujarat,2022-11-01,23.32,0.3
gujarat,2022-12-01,21.58,0.31
haryana,1999-01-01,13.72,29.139999999999997
haryana,1999-02-01,17.75,1.9600000000000002
haryana,1999-03-01,24.1,0.31
haryana,1999-04-01,30.89,0.0
haryana,1999-05-01,35.24,17.669999999999998
haryana,1999-06-01,36.28,51.9
haryana,1999-07-01,35.73,73.16
haryana,1999-08-01,34.24,35.339999999999996
haryana,1999-09-01,33.15,25.5
haryana,1999-10-01,27.78,4.96
haryana,1999-11-01,22.13,0.3
haryana,1999-12-01,16.77,0.0
haryana,2000-01-01,14.72,12.09
haryana,2000-02-01,14.62,23.779999999999998
haryana,2000-03-01,22.25,6.2
haryana,2000-04-01,31.67,2.1
haryana,2000-05-01,36.54,10.23
haryana,2000-06-01,35.08,83.1
haryana,2000-07-01,33.07,97.96000000000001
haryana,2000-08-01,33.13,56.730000000000004
haryana,2000-09-01,32.72,18.9
haryana,2000-10-01,28.44,0.0
haryana,2000-11-01,21.83,0.6
haryana,2000-12-01,16.45,2.79
haryana,2001-01-01,13.41,12.4
haryana,2001-02-01,17.94,7.5600000000000005
haryana,2001-03-01,23.95,2.79
haryana,2001-04-01,29.23,36.0
haryana,2001-05-01,35.35,72.53999999999999
haryana,2001-06-01,33.81,108.0
haryana,2001-07-01,32.49,116.55999999999999
haryana,2001-08-01,30.81,159.65
haryana,2001-09-01,30.8,23.700000000000003
haryana,2001-10-01,27.92,3.7199999999999998
haryana,2001-11-01,21.61,0.0
haryana,2001-12-01,16.41,1.55
haryana,2002-01-01,14.01,7.4399999999999995
haryana,2002-02-01,16.22,29.68
haryana,2002-03-01,24.09,5.2700000000000005
haryana,2002-04-01,31.47,1.5
haryana,2002-05-01,36.04,82.14999999999999
haryana,2002-06-01,36.46,26.7
haryana,2002-07-01,38.24,9.92
haryana,2002-08-01,33.94,71.61
haryana,2002-09-01,29.42,87.9
haryana,2002-10-01,27.12,0.9299999999999999
haryana,2002-11-01,21.82,0.0
haryana,2002-12-01,16.94,15.19
haryana,2003-01-01,13.64,20.77
haryana,2003-02-01,16.92,21.84
haryana,2003-03-01,23.03,4.340000000000001
haryana,2003-04-01,30.82,2.1
haryana,2003-05-01,33.83,21.080000000000002
haryana,2003-06-01,36.97,59.7
haryana,2003-07-01,30.58,381.3
haryana,2003-08-01,29.6,134.23
haryana,2003-09-01,29.08,50.699999999999996
haryana,2003-10-01,25.17,2.48
haryana,2003-11-01,19.76,0.8999999999999999
haryana,2003-12-01,15.79,12.709999999999999
haryana,2004-01-01,13.6,18.599999999999998
haryana,2004-02-01,17.86,0.58
haryana,2004-03-01,25.91,0.0
haryana,2004-04-01,31.83,57.599999999999994
haryana,2004-05-01,33.85,26.04
haryana,2004-06-01,35.42,58.8
haryana,2004-07-01,36.64,11.78
haryana,2004-08-01,30.6,194.99
haryana,2004-09-01,30.69,13.8
haryana,2004-10-01,25.45,49.6
haryana,2004-11-01,21.45,0.0
haryana,2004-12-01,16.69,4.96
haryana,2005-01-01,13.39,13.02
haryana,2005-02-01,15.56,53.76
haryana,2005-03-01,23.24,35.96
haryana,2005-04-01,28.32,18.0
haryana,2005-05-01,33.55,8.680000000000001
haryana,2005-06-01,37.61,70.5
haryana,2005-07-01,31.58,181.97
haryana,2005-08-01,32.89,41.85
haryana,2005-09-01,29.5,168.3
haryana,2005-10-01,25.18,0.0
haryana,2005-11-01,19.97,6.6
haryana,2005-12-01,14.59,0.0
haryana,2006-01-01,13.96,2.1700000000000004
haryana,2006-02-01,22.17,0.28
haryana,2006-03-01,22.8,27.59
haryana,2006-04-01,30.54,1.5
haryana,2006-05-01,35.93,47.12
haryana,2006-06-01,34.87,66.9
haryana,2006-07-01,32.85,117.49
haryana,2006-08-01,31.38,49.29
haryana,2006-09-01,30.26,72.0
haryana,2006-10-01,28.08,2.48
haryana,2006-11-01,21.57,1.7999999999999998
haryana,2006-12-01,15.35,6.2
haryana,2007-01-01,13.95,1.24
haryana,2007-02-01,16.98,87.64
haryana,2007-03-01,21.31,39.99
haryana,2007-04-01,31.29,4.5
haryana,2007-05-01,34.89,40.61
haryana,2007-06-01,36.04,149.4
haryana,2007-07-01,33.37,66.64999999999999
haryana,2007-08-01,31.65,117.49
haryana,2007-09-01,30.92,63.3
haryana,2007-10-01,26.3,0.9299999999999999
haryana,2007-11-01,21.63,0.6
haryana,2007-12-01,14.89,3.1
haryana,2008-01-01,13.11,4.03
haryana,2008-02-01,15.78,2.61
haryana,2008-03-01,25.97,0.31
haryana,2008-04-01,29.22,19.8
haryana,2008-05-01,33.22,83.7
haryana,2008-06-01,32.77,152.7
haryana,2008-07-01,32.03,121.52
haryana,2008-08-01,29.28,190.65
haryana,2008-09-01,28.49,121.79999999999998
haryana,2008-10-01,25.83,2.48
haryana,2008-11-01,20.39,6.6
haryana,2008-12-01,17.18,1.24
haryana,2009-01-01,15.04,10.23
haryana,2009-02-01,17.91,8.12
haryana,2009-03-01,24.2,11.47
haryana,2009-04-01,29.05,18.9
haryana,2009-05-01,35.72,32.550000000000004
haryana,2009-06-01,36.75,29.7
haryana,2009-07-01,35.52,88.35000000000001
haryana,2009-08-01,33.6,60.449999999999996
haryana,2009-09-01,29.06,171.6
haryana,2009-10-01,25.4,5.89
haryana,2009-11-01,20.05,3.9000000000000004
haryana,2009-12-01,15.87,0.62
haryana,2010-01-01,14.15,8.06
haryana,2010-02-01,17.6,11.200000000000001
haryana,2010-03-01,26.55,1.55
haryana,2010-04-01,32.71,1.5
haryana,2010-05-01,36.58,1.8599999999999999
haryana,2010-06-01,36.38,42.599999999999994
haryana,2010-07-01,32.92,204.6
haryana,2010-08-01,29.84,202.11999999999998
haryana,2010-09-01,27.07,189.0
haryana,2010-10-01,25.11,1.8599999999999999
haryana,2010-11-01,20.32,10.5
haryana,2010-12-01,13.91,20.77
haryana,2011-01-01,11.58,0.62
haryana,2011-02-01,16.62,32.48
haryana,2011-03-01,23.04,8.680000000000001
haryana,2011-04-01,28.4,18.6
haryana,2011-05-01,35.33,44.019999999999996
haryana,2011-06-01,35.22,60.6
haryana,2011-07-01,32.72,78.74
haryana,2011-08-01,30.65,139.19
haryana,2011-09-01,27.72,219.0
haryana,2011-10-01,25.33,0.31
haryana,2011-11-01,21.3,0.0
haryana,2011-12-01,15.41,1.24
haryana,2012-01-01,12.51,7.4399999999999995
haryana,2012-02-01,15.44,0.29
haryana,2012-03-01,22.82,1.8599999999999999
haryana,2012-04-01,29.3,24.9
haryana,2012-05-01,34.47,11.78
haryana,2012-06-01,37.96,19.8
haryana,2012-07-01,35.14,59.21
haryana,2012-08-01,30.9,262.26000000000005
haryana,2012-09-01,27.81,68.39999999999999
haryana,2012-10-01,24.54,8.06
haryana,2012-11-01,19.24,1.2
haryana,2012-12-01,14.83,5.2700000000000005
haryana,2013-01-01,11.7,27.900000000000002
haryana,2013-02-01,15.59,52.919999999999995
haryana,2013-03-01,22.5,23.56
haryana,2013-04-01,29.67,4.5
haryana,2013-05-01,35.23,0.62
haryana,2013-06-01,35.46,105.0
haryana,2013-07-01,32.2,199.32999999999998
haryana,2013-08-01,29.15,233.43
haryana,2013-09-01,28.68,87.6
haryana,2013-10-01,25.49,22.63
haryana,2013-11-01,19.02,3.5999999999999996
haryana,2013-12-01,15.06,2.1700000000000004
haryana,2014-01-01,13.43,17.05
haryana,2014-02-01,15.28,24.08
haryana,2014-03-01,21.61,25.73
haryana,2014-04-01,28.34,13.5
haryana,2014-05-01,33.26,36.269999999999996
haryana,2014-06-01,37.38,30.0
haryana,2014-07-01,34.92,70.67999999999999
haryana,2014-08-01,33.18,71.92
haryana,2014-09-01,29.36,70.8
haryana,2014-10-01,26.54,5.58
haryana,2014-11-01,20.51,0.3
haryana,2014-12-01,14.24,11.78
haryana,2015-01-01,12.72,19.22
haryana,2015-02-01,17.74,8.12
haryana,2015-03-01,20.94,85.55999999999999
haryana,2015-04-01,27.58,52.8
haryana,2015-05-01,34.75,6.51
haryana,2015-06-01,34.72,91.2
haryana,2015-07-01,31.24,180.73
haryana,2015-08-01,30.58,154.38000000000002
haryana,2015-09-01,29.52,23.1
haryana,2015-10-01,27.04,6.82
haryana,2015-11-01,21.42,4.2
haryana,2015-12-01,15.54,0.0
haryana,2016-01-01,15.05,0.0
haryana,2016-02-01,17.75,2.0300000000000002
haryana,2016-03-01,24.31,21.389999999999997
haryana,2016-04-01,31.31,0.0
haryana,2016-05-01,35.68,39.06
haryana,2016-06-01,36.49,56.4
haryana,2016-07-01,31.75,275.90000000000003
haryana,2016-08-01,29.65,130.20000000000002
haryana,2016-09-01,29.6,15.9
haryana,2016-10-01,26.91,7.75
haryana,2016-11-01,21.17,0.0
haryana,2016-12-01,17.13,0.0
haryana,2017-01-01,13.68,46.81
haryana,2017-02-01,16.92,0.28
haryana,2017-03-01,23.22,11.78
haryana,2017-04-01,31.33,14.7
haryana,2017-05-01,35.47,19.22
haryana,2017-06-01,34.55,165.29999999999998
haryana,2017-07-01,31.82,74.39999999999999
haryana,2017-08-01,31.45,115.63
haryana,2017-09-01,29.58,65.1
haryana,2017-10-01,27.19,0.0
haryana,2017-11-01,19.89,0.8999999999999999
haryana,2017-12-01,15.38,13.950000000000001
haryana,2018-01-01,13.63,5.89
haryana,2018-02-01,18.64,4.760000000000001
haryana,2018-03-01,24.91,0.62
haryana,2018-04-01,30.6,14.7
haryana,2018-05-01,34.88,24.8
haryana,2018-06-01,35.47,93.0
haryana,2018-07-01,31.89,230.02
haryana,2018-08-01,30.49,80.28999999999999
haryana,2018-09-01,28.2,163.20000000000002
haryana,2018-10-01,24.59,1.24
haryana,2018-11-01,19.84,3.3
haryana,2018-12-01,14.01,4.03
haryana,2019-01-01,12.43,26.66
haryana,2019-02-01,14.97,15.120000000000001
haryana,2019-03-01,21.12,9.299999999999999
haryana,2019-04-01,30.82,12.299999999999999
haryana,2019-05-01,32.97,44.64
haryana,2019-06-01,36.98,35.099999999999994
haryana,2019-07-01,33.27,196.23
haryana,2019-08-01,30.73,113.14999999999999
haryana,2019-09-01,30.32,38.4
haryana,2019-10-01,25.57,30.38
haryana,2019-11-01,20.91,24.599999999999998
haryana,2019-12-01,12.45,16.740000000000002
haryana,2020-01-01,11.9,26.97
haryana,2020-02-01,15.87,14.5
haryana,2020-03-01,20.24,82.46000000000001
haryana,2020-04-01,27.84,12.299999999999999
haryana,2020-05-01,33.09,53.94
haryana,2020-06-01,35.13,52.5
haryana,2020-07-01,33.16,210.18
haryana,2020-08-01,30.39,259.78000000000003
haryana,2020-09-01,29.52,30.6
haryana,2020-10-01,26.35,0.0
haryana,2020-11-01,19.1,6.6
haryana,2020-12-01,14.7,0.9299999999999999
haryana,2021-01-01,12.46,31.31
haryana,2021-02-01,18.62,5.04
haryana,2021-03-01,25.41,5.58
haryana,2021-04-01,29.06,5.1000000000000005
haryana,2021-05-01,32.13,78.12
haryana,2021-06-01,33.91,63.3
haryana,2021-07-01,32.69,324.26000000000005
haryana,2021-08-01,29.7,178.56
haryana,2021-09-01,27.26,242.4
haryana,2021-10-01,24.3,41.230000000000004
haryana,2021-11-01,18.3,0.3
haryana,2021-12-01,13.38,4.340000000000001
haryana,2022-01-01,12.03,83.08
haryana,2022-02-01,15.11,19.32
haryana,2022-03-01,24.94,0.0
haryana,2022-04-01,32.82,1.2
haryana,2022-05-01,35.12,41.54
haryana,2022-06-01,35.89,73.2
haryana,2022-07-01,31.35,334.8
haryana,2022-08-01,29.3,64.48
haryana,2022-09-01,29.37,210.9
haryana,2022-10-01,23.76,46.19
haryana,2022-11-01,19.28,0.3
haryana,2022-12-01,14.85,0.0
himachal_pradesh,1999-01-01,10.69,45.57
himachal_pradesh,1999-02-01,14.94,1.68
himachal_pradesh,1999-03-01,19.64,1.55
himachal_pradesh,1999-04-01,26.54,0.0
himachal_pradesh,1999-05-01,30.37,4.340000000000001
himachal_pradesh,1999-06-01,30.43,99.6
himachal_pradesh,1999-07-01,29.67,163.99
himachal_pradesh,1999-08-01,26.9,128.03
himachal_pradesh,1999-09-01,26.37,110.4
himachal_pradesh,1999-10-01,21.63,15.81
himachal_pradesh,1999-11-01,16.98,1.7999999999999998
himachal_pradesh,1999-12-01,13.08,0.0
himachal_pradesh,2000-01-01,11.44,34.720000000000006
himachal_pradesh,2000-02-01,11.03,27.549999999999997
himachal_pradesh,2000-03-01,17.4,12.709999999999999
himachal_pradesh,2000-04-01,26.55,2.6999999999999997
himachal_pradesh,2000-05-01,31.1,34.410000000000004
himachal_pradesh,2000-06-01,29.19,201.9
himachal_pradesh,2000-07-01,26.74,353.40000000000003
himachal_pradesh,2000-08-01,26.33,103.53999999999999
himachal_pradesh,2000-09-01,25.04,93.89999999999999
himachal_pradesh,2000-10-01,22.32,0.0
himachal_pradesh,2000-11-01,17.07,1.2
himachal_pradesh,2000-12-01,13.49,3.41
himachal_pradesh,2001-01-01,10.7,30.69
himachal_pradesh,2001-02-01,14.24,3.9200000000000004
himachal_pradesh,2001-03-01,18.91,12.09
himachal_pradesh,2001-04-01,24.23,40.2
himachal_pradesh,2001-05-01,29.58,74.09
himachal_pradesh,2001-06-01,28.78,174.9
himachal_pradesh,2001-07-01,26.53,301.63
himachal_pradesh,2001-08-01,25.76,226.60999999999999
himachal_pradesh,2001-09-01,24.72,44.7
himachal_pradesh,2001-10-01,22.27,0.62
himachal_pradesh,2001-11-01,17.23,0.6
himachal_pradesh,2001-12-01,13.35,9.92
himachal_pradesh,2002-01-01,11.34,15.81
himachal_pradesh,2002-02-01,12.96,66.92
himachal_pradesh,2002-03-01,19.12,25.73
himachal_pradesh,2002-04-01,25.94,22.8
himachal_pradesh,2002-05-01,31.39,20.150000000000002
himachal_pradesh,2002-06-01,31.84,49.5
himachal_pradesh,2002-07-01,31.4,104.47
himachal_pradesh,2002-08-01,27.34,205.22
himachal_pradesh,2002-09-01,23.37,197.4
himachal_pradesh,2002-10-01,21.12,5.89
himachal_pradesh,2002-11-01,16.95,0.0
himachal_pradesh,2002-12-01,13.16,7.4399999999999995
himachal_pradesh,2003-01-01,11.07,57.970000000000006
himachal_pradesh,2003-02-01,12.96,45.36
himachal_pradesh,2003-03-01,17.83,19.53
himachal_pradesh,2003-04-01,25.16,14.399999999999999
himachal_pradesh,2003-05-01,28.49,13.64
himachal_pradesh,2003-06-01,32.03,83.1
himachal_pradesh,2003-07-01,26.66,369.21
himachal_pradesh,2003-08-01,25.57,266.29
himachal_pradesh,2003-09-01,23.9,157.79999999999998
himachal_pradesh,2003-10-01,20.1,8.370000000000001
himachal_pradesh,2003-11-01,15.86,5.3999999999999995
himachal_pradesh,2003-12-01,12.81,17.05
himachal_pradesh,2004-01-01,10.87,72.53999999999999
himachal_pradesh,2004-02-01,13.81,4.64
himachal_pradesh,2004-03-01,21.13,0.0
himachal_pradesh,2004-04-01,26.93,52.2
himachal_pradesh,2004-05-01,28.94,53.94
himachal_pradesh,2004-06-01,29.4,118.8
himachal_pradesh,2004-07-01,29.23,159.65
himachal_pradesh,2004-08-01,25.16,411.98999999999995
himachal_pradesh,2004-09-01,24.47,21.599999999999998
himachal_pradesh,2004-10-01,19.72,47.12
himachal_pradesh,2004-11-01,16.5,0.0
himachal_pradesh,2004-12-01,13.38,8.680000000000001
himachal_pradesh,2005-01-01,10.38,49.910000000000004
himachal_pradesh,2005-02-01,12.03,61.32
himachal_pradesh,2005-03-01,18.91,45.26
himachal_pradesh,2005-04-01,23.07,6.9
himachal_pradesh,2005-05-01,28.05,7.4399999999999995
himachal_pradesh,2005-06-01,31.75,105.89999999999999
himachal_pradesh,2005-07-01,27.02,270.01000000000005
himachal_pradesh,2005-08-01,26.78,149.10999999999999
himachal_pradesh,2005-09-01,24.71,216.9
himachal_pradesh,2005-10-01,20.61,2.1700000000000004
himachal_pradesh,2005-11-01,15.86,0.8999999999999999
himachal_pradesh,2005-12-01,12.25,0.31
himachal_pradesh,2006-01-01,11.78,14.879999999999999
himachal_pradesh,2006-02-01,17.89,2.8000000000000003
himachal_pradesh,2006-03-01,18.06,73.78
himachal_pradesh,2006-04-01,24.52,4.5
himachal_pradesh,2006-05-01,30.41,70.67999999999999
himachal_pradesh,2006-06-01,29.67,80.1
himachal_pradesh,2006-07-01,27.82,302.56
himachal_pradesh,2006-08-01,25.73,170.5
himachal_pradesh,2006-09-01,23.88,96.0
himachal_pradesh,2006-10-01,21.72,15.19
himachal_pradesh,2006-11-01,16.64,8.7
himachal_pradesh,2006-12-01,12.55,15.5
himachal_pradesh,2007-01-01,11.37,3.41
himachal_pradesh,2007-02-01,12.62,150.08
himachal_pradesh,2007-03-01,16.61,58.589999999999996
himachal_pradesh,2007-04-01,25.73,12.0
himachal_pradesh,2007-05-01,29.33,14.569999999999999
himachal_pradesh,2007-06-01,31.33,87.9
himachal_pradesh,2007-07-01,28.63,207.39000000000001
himachal_pradesh,2007-08-01,26.12,308.76000000000005
himachal_pradesh,2007-09-01,24.66,70.19999999999999
himachal_pradesh,2007-10-01,20.86,7.13
himachal_pradesh,2007-11-01,16.94,2.1
himachal_pradesh,2007-12-01,12.15,3.7199999999999998
himachal_pradesh,2008-01-01,10.33,18.599999999999998
himachal_pradesh,2008-02-01,12.21,9.28
himachal_pradesh,2008-03-01,21.05,0.9299999999999999
himachal_pradesh,2008-04-01,23.86,43.8
himachal_pradesh,2008-05-01,27.75,129.57999999999998
himachal_pradesh,2008-06-01,26.93,417.9
himachal_pradesh,2008-07-01,25.89,250.17000000000002
himachal_pradesh,2008-08-01,24.5,375.40999999999997
himachal_pradesh,2008-09-01,22.61,251.40000000000003
himachal_pradesh,2008-10-01,20.01,14.569999999999999
himachal_pradesh,2008-11-01,16.11,4.8
himachal_pradesh,2008-12-01,14.05,2.1700000000000004
himachal_pradesh,2009-01-01,13.06,16.740000000000002
himachal_pradesh,2009-02-01,14.66,23.8
himachal_pradesh,2009-03-01,18.9,31.62
himachal_pradesh,2009-04-01,23.63,49.199999999999996
himachal_pradesh,2009-05-01,29.15,33.480000000000004
himachal_pradesh,2009-06-01,31.16,67.8
himachal_pradesh,2009-07-01,29.69,233.11999999999998
himachal_pradesh,2009-08-01,26.68,189.41
himachal_pradesh,2009-09-01,24.04,177.0
himachal_pradesh,2009-10-01,20.13,36.269999999999996
himachal_pradesh,2009-11-01,16.05,3.3
himachal_pradesh,2009-12-01,12.45,0.0
himachal_pradesh,2010-01-01,11.76,11.78
himachal_pradesh,2010-02-01,13.87,24.64
himachal_pradesh,2010-03-01,21.78,1.24
himachal_pradesh,2010-04-01,27.74,1.2
himachal_pradesh,2010-05-01,30.86,12.709999999999999
himachal_pradesh,2010-06-01,30.25,150.6
himachal_pradesh,2010-07-01,26.64,472.13
himachal_pradesh,2010-08-01,25.25,308.45
himachal_pradesh,2010-09-01,22.97,354.6
himachal_pradesh,2010-10-01,20.23,7.13
himachal_pradesh,2010-11-01,16.35,7.199999999999999
himachal_pradesh,2010-12-01,11.38,31.0
himachal_pradesh,2011-01-01,9.43,5.89
himachal_pradesh,2011-02-01,12.91,35.84
himachal_pradesh,2011-03-01,18.4,11.78
himachal_pradesh,2011-04-01,22.95,17.7
himachal_pradesh,2011-05-01,30.0,50.529999999999994
himachal_pradesh,2011-06-01,28.55,247.5
himachal_pradesh,2011-07-01,26.33,291.40000000000003
himachal_pradesh,2011-08-01,25.02,355.26000000000005
himachal_pradesh,2011-09-01,23.37,271.5
himachal_pradesh,2011-10-01,19.65,7.4399999999999995
himachal_pradesh,2011-11-01,16.2,0.8999999999999999
himachal_pradesh,2011-12-01,12.21,7.13
himachal_pradesh,2012-01-01,9.22,27.28
himachal_pradesh,2012-02-01,11.86,2.9000000000000004
himachal_pradesh,2012-03-01,17.81,8.370000000000001
himachal_pradesh,2012-04-01,23.53,39.900000000000006
himachal_pradesh,2012-05-01,28.9,2.48
himachal_pradesh,2012-06-01,32.36,35.4
himachal_pradesh,2012-07-01,28.97,254.51000000000002
himachal_pradesh,2012-08-01,25.96,289.54
himachal_pradesh,2012-09-01,24.01,192.6
himachal_pradesh,2012-10-01,20.69,2.79
himachal_pradesh,2012-11-01,16.43,3.5999999999999996
himachal_pradesh,2012-12-01,12.92,19.53
himachal_pradesh,2013-01-01,10.5,52.39
himachal_pradesh,2013-02-01,12.95,128.51999999999998
himachal_pradesh,2013-03-01,18.73,20.150000000000002
himachal_pradesh,2013-04-01,24.19,3.3
himachal_pradesh,2013-05-01,30.39,7.4399999999999995
himachal_pradesh,2013-06-01,29.43,341.70000000000005
himachal_pradesh,2013-07-01,26.46,402.07
himachal_pradesh,2013-08-01,24.6,405.79
himachal_pradesh,2013-09-01,23.57,83.1
himachal_pradesh,2013-10-01,21.05,21.7
himachal_pradesh,2013-11-01,15.48,7.5
himachal_pradesh,2013-12-01,12.18,6.51
himachal_pradesh,2014-01-01,11.07,77.19000000000001
himachal_pradesh,2014-02-01,12.08,69.72
himachal_pradesh,2014-03-01,16.8,50.220000000000006
himachal_pradesh,2014-04-01,22.73,34.8
himachal_pradesh,2014-05-01,27.86,32.550000000000004
himachal_pradesh,2014-06-01,32.47,43.199999999999996
himachal_pradesh,2014-07-01,29.31,137.95000000000002
himachal_pradesh,2014-08-01,27.5,179.18
himachal_pradesh,2014-09-01,23.53,264.9
himachal_pradesh,2014-10-01,20.79,23.25
himachal_pradesh,2014-11-01,17.04,2.6999999999999997
himachal_pradesh,2014-12-01,12.15,24.490000000000002
himachal_pradesh,2015-01-01,10.68,29.139999999999997
himachal_pradesh,2015-02-01,14.66,39.76
himachal_pradesh,2015-03-01,16.75,146.32
himachal_pradesh,2015-04-01,22.82,55.5
himachal_pradesh,2015-05-01,29.3,12.709999999999999
himachal_pradesh,2015-06-01,29.97,121.2
himachal_pradesh,2015-07-01,26.27,390.59999999999997
himachal_pradesh,2015-08-01,25.25,242.42000000000002
himachal_pradesh,2015-09-01,24.23,79.5
himachal_pradesh,2015-10-01,21.79,13.64
himachal_pradesh,2015-11-01,17.69,4.2
himachal_pradesh,2015-12-01,12.8,17.98
himachal_pradesh,2016-01-01,12.0,19.84
himachal_pradesh,2016-02-01,14.87,30.16
himachal_pradesh,2016-03-01,19.38,98.27
himachal_pradesh,2016-04-01,25.48,24.599999999999998
himachal_pradesh,2016-05-01,29.59,78.12
himachal_pradesh,2016-06-01,30.81,129.60000000000002
himachal_pradesh,2016-07-01,27.47,288.92
himachal_pradesh,2016-08-01,25.46,241.18
himachal_pradesh,2016-09-01,24.67,48.0
himachal_pradesh,2016-10-01,22.2,5.2700000000000005
himachal_pradesh,2016-11-01,17.73,0.3
himachal_pradesh,2016-12-01,14.41,5.58
himachal_pradesh,2017-01-01,10.89,117.8
himachal_pradesh,2017-02-01,14.73,21.560000000000002
himachal_pradesh,2017-03-01,17.79,38.75
himachal_pradesh,2017-04-01,25.68,56.1
himachal_pradesh,2017-05-01,29.24,60.449999999999996
himachal_pradesh,2017-06-01,29.02,183.0
himachal_pradesh,2017-07-01,27.21,257.3
himachal_pradesh,2017-08-01,25.32,324.88
himachal_pradesh,2017-09-01,23.78,151.5
himachal_pradesh,2017-10-01,21.49,0.0
himachal_pradesh,2017-11-01,16.14,3.0
himachal_pradesh,2017-12-01,13.49,20.46
himachal_pradesh,2018-01-01,11.21,13.950000000000001
himachal_pradesh,2018-02-01,14.59,36.120000000000005
himachal_pradesh,2018-03-01,19.63,22.32
himachal_pradesh,2018-04-01,24.75,45.9
himachal_pradesh,2018-05-01,28.82,40.92
himachal_pradesh,2018-06-01,29.87,177.0
himachal_pradesh,2018-07-01,26.45,353.40000000000003
himachal_pradesh,2018-08-01,25.03,372.31
himachal_pradesh,2018-09-01,23.0,302.7
himachal_pradesh,2018-10-01,19.21,9.92
himachal_pradesh,2018-11-01,15.37,24.9
himachal_pradesh,2018-12-01,10.58,9.92
himachal_pradesh,2019-01-01,9.38,66.03
himachal_pradesh,2019-02-01,11.0,115.91999999999999
himachal_pradesh,2019-03-01,15.46,49.6
himachal_pradesh,2019-04-01,24.02,38.1
himachal_pradesh,2019-05-01,27.66,36.58
himachal_pradesh,2019-06-01,31.21,58.8
himachal_pradesh,2019-07-01,27.88,273.11
himachal_pradesh,2019-08-01,25.45,327.98
himachal_pradesh,2019-09-01,24.11,143.4
himachal_pradesh,2019-10-01,19.67,8.99
himachal_pradesh,2019-11-01,16.18,37.2
himachal_pradesh,2019-12-01,10.38,33.79
himachal_pradesh,2020-01-01,8.46,101.67999999999999
himachal_pradesh,2020-02-01,12.01,27.84
himachal_pradesh,2020-03-01,15.28,121.83
himachal_pradesh,2020-04-01,21.44,71.39999999999999
himachal_pradesh,2020-05-01,26.53,92.69000000000001
himachal_pradesh,2020-06-01,28.15,117.6
himachal_pradesh,2020-07-01,27.27,292.02
himachal_pradesh,2020-08-01,25.82,299.46
himachal_pradesh,2020-09-01,24.61,23.400000000000002
himachal_pradesh,2020-10-01,21.92,0.0
himachal_pradesh,2020-11-01,15.75,29.7
himachal_pradesh,2020-12-01,12.52,17.360000000000003
himachal_pradesh,2021-01-01,11.64,22.009999999999998
himachal_pradesh,2021-02-01,14.83,32.199999999999996
himachal_pradesh,2021-03-01,20.04,26.04
himachal_pradesh,2021-04-01,23.01,74.7
himachal_pradesh,2021-05-01,26.88,83.7
himachal_pradesh,2021-06-01,28.85,126.6
himachal_pradesh,2021-07-01,27.78,342.55
himachal_pradesh,2021-08-01,25.43,201.19
himachal_pradesh,2021-09-01,24.08,233.7
himachal_pradesh,2021-10-01,20.91,40.300000000000004
himachal_pradesh,2021-11-01,15.79,0.6
himachal_pradesh,2021-12-01,11.53,9.92
himachal_pradesh,2022-01-01,9.47,161.82
himachal_pradesh,2022-02-01,11.13,60.199999999999996
himachal_pradesh,2022-03-01,20.59,2.79
himachal_pradesh,2022-04-01,27.05,3.0
himachal_pradesh,2022-05-01,29.16,79.36
himachal_pradesh,2022-06-01,30.49,100.5
himachal_pradesh,2022-07-01,26.41,490.42
himachal_pradesh,2022-08-01,25.24,276.83
himachal_pradesh,2022-09-01,23.7,255.29999999999998
himachal_pradesh,2022-10-01,19.96,39.99
himachal_pradesh,2022-11-01,15.91,6.9
himachal_pradesh,2022-12-01,12.47,1.8599999999999999
jammu_and_kashmir,1999-01-01,-13.18,26.349999999999998
jammu_and_kashmir,1999-02-01,-12.22,1.9600000000000002
jammu_and_kashmir,1999-03-01,-8.15,11.47
jammu_and_kashmir,1999-04-01,-1.78,0.8999999999999999
jammu_and_kashmir,1999-05-01,2.22,11.16
jammu_and_kashmir,1999-06-01,5.81,6.3
jammu_and_kashmir,1999-07-01,9.86,13.33
jammu_and_kashmir,1999-08-01,9.47,11.78
jammu_and_kashmir,1999-09-01,5.91,9.6
jammu_and_kashmir,1999-10-01,-1.86,0.0
jammu_and_kashmir,1999-11-01,-8.38,18.9
jammu_and_kashmir,1999-12-01,-10.32,0.0
jammu_and_kashmir,2000-01-01,-13.8,21.389999999999997
jammu_and_kashmir,2000-02-01,-17.45,14.209999999999999
jammu_and_kashmir,2000-03-01,-10.1,6.82
jammu_and_kashmir,2000-04-01,-2.17,5.7
jammu_and_kashmir,2000-05-01,4.39,19.84
jammu_and_kashmir,2000-06-01,6.69,9.9
jammu_and_kashmir,2000-07-01,10.38,18.29
jammu_and_kashmir,2000-08-01,9.03,13.950000000000001
jammu_and_kashmir,2000-09-01,4.0,15.0
jammu_and_kashmir,2000-10-01,-1.12,0.0
jammu_and_kashmir,2000-11-01,-7.38,5.1000000000000005
jammu_and_kashmir,2000-12-01,-11.5,6.51
jammu_and_kashmir,2001-01-01,-14.27,7.13
jammu_and_kashmir,2001-02-01,-12.94,11.200000000000001
jammu_and_kashmir,2001-03-01,-7.88,10.540000000000001
jammu_and_kashmir,2001-04-01,-2.16,15.3
jammu_and_kashmir,2001-05-01,3.31,16.740000000000002
jammu_and_kashmir,2001-06-01,7.71,30.6
jammu_and_kashmir,2001-07-01,10.65,34.1
jammu_and_kashmir,2001-08-01,9.25,20.150000000000002
jammu_and_kashmir,2001-09-01,2.8,6.3
jammu_and_kashmir,2001-10-01,-1.41,5.58
jammu_and_kashmir,2001-11-01,-7.3,15.3
jammu_and_kashmir,2001-12-01,-11.56,6.51
jammu_and_kashmir,2002-01-01,-13.34,7.13
jammu_and_kashmir,2002-02-01,-13.09,17.36
jammu_and_kashmir,2002-03-01,-7.01,23.25
jammu_and_kashmir,2002-04-01,-2.0,18.3
jammu_and_kashmir,2002-05-01,2.02,8.370000000000001
jammu_and_kashmir,2002-06-01,6.03,21.599999999999998
jammu_and_kashmir,2002-07-01,8.07,8.99
jammu_and_kashmir,2002-08-01,10.07,39.06
jammu_and_kashmir,2002-09-01,2.79,22.8
jammu_and_kashmir,2002-10-01,-1.68,4.340000000000001
jammu_and_kashmir,2002-11-01,-6.73,0.3
jammu_and_kashmir,2002-12-01,-11.89,3.41
jammu_and_kashmir,2003-01-01,-12.51,9.92
jammu_and_kashmir,2003-02-01,-14.23,70.56
jammu_and_kashmir,2003-03-01,-13.07,39.68
jammu_and_kashmir,2003-04-01,-3.22,30.6
jammu_and_kashmir,2003-05-01,-0.95,22.94
jammu_and_kashmir,2003-06-01,5.68,6.0
jammu_and_kashmir,2003-07-01,9.7,41.54
jammu_and_kashmir,2003-08-01,8.81,22.32
jammu_and_kashmir,2003-09-01,4.74,31.8
jammu_and_kashmir,2003-10-01,-2.11,0.62
jammu_and_kashmir,2003-11-01,-8.47,9.6
jammu_and_kashmir,2003-12-01,-15.47,34.1
jammu_and_kashmir,2004-01-01,-17.39,25.419999999999998
jammu_and_kashmir,2004-02-01,-16.82,13.34
jammu_and_kashmir,2004-03-01,-6.86,2.48
jammu_and_kashmir,2004-04-01,-1.58,54.6
jammu_and_kashmir,2004-05-01,0.99,14.879999999999999
jammu_and_kashmir,2004-06-01,5.49,18.6
jammu_and_kashmir,2004-07-01,8.6,19.22
jammu_and_kashmir,2004-08-01,8.69,30.69
jammu_and_kashmir,2004-09-01,4.73,5.7
jammu_and_kashmir,2004-10-01,-3.64,33.17
jammu_and_kashmir,2004-11-01,-7.03,0.3
jammu_and_kashmir,2004-12-01,-10.78,14.879999999999999
jammu_and_kashmir,2005-01-01,-18.14,27.59
jammu_and_kashmir,2005-02-01,-15.85,40.6
jammu_and_kashmir,2005-03-01,-9.52,31.31
jammu_and_kashmir,2005-04-01,-3.96,16.5
jammu_and_kashmir,2005-05-01,-0.42,18.29
jammu_and_kashmir,2005-06-01,5.62,7.5
jammu_and_kashmir,2005-07-01,9.63,43.4
jammu_and_kashmir,2005-08-01,8.52,10.540000000000001
jammu_and_kashmir,2005-09-01,5.56,13.8
jammu_and_kashmir,2005-10-01,-2.09,7.75
jammu_and_kashmir,2005-11-01,-8.56,5.3999999999999995
jammu_and_kashmir,2005-12-01,-12.58,0.0
jammu_and_kashmir,2006-01-01,-17.93,46.81
jammu_and_kashmir,2006-02-01,-11.86,17.08
jammu_and_kashmir,2006-03-01,-8.72,17.360000000000003
jammu_and_kashmir,2006-04-01,-3.32,14.7
jammu_and_kashmir,2006-05-01,3.89,11.47
jammu_and_kashmir,2006-06-01,5.45,16.5
jammu_and_kashmir,2006-07-01,10.89,49.910000000000004
jammu_and_kashmir,2006-08-01,9.25,65.72
jammu_and_kashmir,2006-09-01,4.12,35.699999999999996
jammu_and_kashmir,2006-10-01,-1.38,16.12
jammu_and_kashmir,2006-11-01,-8.89,24.599999999999998
jammu_and_kashmir,2006-12-01,-15.44,21.7
jammu_and_kashmir,2007-01-01,-16.97,1.8599999999999999
jammu_and_kashmir,2007-02-01,-13.56,31.919999999999998
jammu_and_kashmir,2007-03-01,-12.4,65.41
jammu_and_kashmir,2007-04-01,-0.86,1.5
jammu_and_kashmir,2007-05-01,2.13,16.12
jammu_and_kashmir,2007-06-01,6.93,28.5
jammu_and_kashmir,2007-07-01,9.85,21.389999999999997
jammu_and_kashmir,2007-08-01,9.69,28.830000000000002
jammu_and_kashmir,2007-09-01,5.31,6.9
jammu_and_kashmir,2007-10-01,-2.71,0.0
jammu_and_kashmir,2007-11-01,-5.78,5.3999999999999995
jammu_and_kashmir,2007-12-01,-13.56,3.1
jammu_and_kashmir,2008-01-01,-18.75,30.38
jammu_and_kashmir,2008-02-01,-18.43,30.450000000000003
jammu_and_kashmir,2008-03-01,-8.67,3.1
jammu_and_kashmir,2008-04-01,-3.25,30.0
jammu_and_kashmir,2008-05-01,2.14,20.77
jammu_and_kashmir,2008-06-01,8.79,26.1
jammu_and_kashmir,2008-07-01,10.49,26.66
jammu_and_kashmir,2008-08-01,9.11,38.13
jammu_and_kashmir,2008-09-01,3.24,14.399999999999999
jammu_and_kashmir,2008-10-01,-1.9,18.91
jammu_and_kashmir,2008-11-01,-10.23,34.199999999999996
jammu_and_kashmir,2008-12-01,-14.19,22.32
jammu_and_kashmir,2009-01-01,-15.58,35.339999999999996
jammu_and_kashmir,2009-02-01,-15.99,29.400000000000002
jammu_and_kashmir,2009-03-01,-10.42,13.950000000000001
jammu_and_kashmir,2009-04-01,-3.45,28.5
jammu_and_kashmir,2009-05-01,0.76,14.569999999999999
jammu_and_kashmir,2009-06-01,3.93,18.3
jammu_and_kashmir,2009-07-01,8.08,13.33
jammu_and_kashmir,2009-08-01,9.06,12.709999999999999
jammu_and_kashmir,2009-09-01,3.91,11.1
jammu_and_kashmir,2009-10-01,-2.61,2.79
jammu_and_kashmir,2009-11-01,-9.33,20.400000000000002
jammu_and_kashmir,2009-12-01,-13.1,6.51
jammu_and_kashmir,2010-01-01,-13.37,8.370000000000001
jammu_and_kashmir,2010-02-01,-14.68,33.32
jammu_and_kashmir,2010-03-01,-6.35,12.4
jammu_and_kashmir,2010-04-01,-1.87,35.4
jammu_and_kashmir,2010-05-01,1.2,64.78999999999999
jammu_and_kashmir,2010-06-01,3.95,20.1
jammu_and_kashmir,2010-07-01,8.99,43.71
jammu_and_kashmir,2010-08-01,10.11,61.07
jammu_and_kashmir,2010-09-01,4.36,14.7
jammu_and_kashmir,2010-10-01,-1.98,21.7
jammu_and_kashmir,2010-11-01,-6.29,1.5
jammu_and_kashmir,2010-12-01,-11.83,19.53
jammu_and_kashmir,2011-01-01,-19.23,15.5
jammu_and_kashmir,2011-02-01,-16.55,33.6
jammu_and_kashmir,2011-03-01,-10.53,24.18
jammu_and_kashmir,2011-04-01,-4.03,35.4
jammu_and_kashmir,2011-05-01,2.7,11.16
jammu_and_kashmir,2011-06-01,6.58,22.2
jammu_and_kashmir,2011-07-01,9.37,22.009999999999998
jammu_and_kashmir,2011-08-01,9.59,39.68
jammu_and_kashmir,2011-09-01,5.47,21.9
jammu_and_kashmir,2011-10-01,-1.84,12.4
jammu_and_kashmir,2011-11-01,-6.54,10.5
jammu_and_kashmir,2011-12-01,-14.22,12.09
jammu_and_kashmir,2012-01-01,-19.67,31.31
jammu_and_kashmir,2012-02-01,-16.94,24.94
jammu_and_kashmir,2012-03-01,-12.29,13.33
jammu_and_kashmir,2012-04-01,-3.37,36.0
jammu_and_kashmir,2012-05-01,0.44,16.43
jammu_and_kashmir,2012-06-01,4.57,9.6
jammu_and_kashmir,2012-07-01,9.86,12.709999999999999
jammu_and_kashmir,2012-08-01,10.46,17.98
jammu_and_kashmir,2012-09-01,5.55,50.4
jammu_and_kashmir,2012-10-01,-2.42,4.03
jammu_and_kashmir,2012-11-01,-7.35,4.8
jammu_and_kashmir,2012-12-01,-12.25,17.669999999999998
jammu_and_kashmir,2013-01-01,-17.43,23.56
jammu_and_kashmir,2013-02-01,-15.08,45.919999999999995
jammu_and_kashmir,2013-03-01,-9.37,19.53
jammu_and_kashmir,2013-04-01,-3.4,27.900000000000002
jammu_and_kashmir,2013-05-01,1.65,17.98
jammu_and_kashmir,2013-06-01,7.67,32.1
jammu_and_kashmir,2013-07-01,10.29,40.92
jammu_and_kashmir,2013-08-01,9.96,43.4
jammu_and_kashmir,2013-09-01,5.32,18.9
jammu_and_kashmir,2013-10-01,0.27,13.64
jammu_and_kashmir,2013-11-01,-7.74,4.5
jammu_and_kashmir,2013-12-01,-12.04,13.950000000000001
jammu_and_kashmir,2014-01-01,-15.95,24.18
jammu_and_kashmir,2014-02-01,-15.62,13.719999999999999
jammu_and_kashmir,2014-03-01,-10.22,50.839999999999996
jammu_and_kashmir,2014-04-01,-4.95,36.3
jammu_and_kashmir,2014-05-01,0.97,24.490000000000002
jammu_and_kashmir,2014-06-01,5.91,10.799999999999999
jammu_and_kashmir,2014-07-01,10.25,26.349999999999998
jammu_and_kashmir,2014-08-01,8.56,35.029999999999994
jammu_and_kashmir,2014-09-01,4.31,89.10000000000001
jammu_and_kashmir,2014-10-01,-1.59,17.360000000000003
jammu_and_kashmir,2014-11-01,-7.78,6.9
jammu_and_kashmir,2014-12-01,-11.63,0.0
jammu_and_kashmir,2015-01-01,-12.29,4.6499999999999995
jammu_and_kashmir,2015-02-01,-11.38,45.64
jammu_and_kashmir,2015-03-01,-10.84,90.83
jammu_and_kashmir,2015-04-01,-3.62,57.9
jammu_and_kashmir,2015-05-01,1.35,18.599999999999998
jammu_and_kashmir,2015-06-01,4.08,62.699999999999996
jammu_and_kashmir,2015-07-01,10.18,63.24
jammu_and_kashmir,2015-08-01,8.77,29.139999999999997
jammu_and_kashmir,2015-09-01,3.37,29.099999999999998
jammu_and_kashmir,2015-10-01,-1.67,30.38
jammu_and_kashmir,2015-11-01,-6.79,14.399999999999999
jammu_and_kashmir,2015-12-01,-15.53,35.339999999999996
jammu_and_kashmir,2016-01-01,-16.89,15.5
jammu_and_kashmir,2016-02-01,-14.98,19.43
jammu_and_kashmir,2016-03-01,-8.69,92.38
jammu_and_kashmir,2016-04-01,-3.01,39.900000000000006
jammu_and_kashmir,2016-05-01,2.3,46.19
jammu_and_kashmir,2016-06-01,7.41,15.0
jammu_and_kashmir,2016-07-01,10.13,44.33
jammu_and_kashmir,2016-08-01,9.04,46.19
jammu_and_kashmir,2016-09-01,5.76,10.799999999999999
jammu_and_kashmir,2016-10-01,-0.86,0.62
jammu_and_kashmir,2016-11-01,-5.72,0.0
jammu_and_kashmir,2016-12-01,-8.3,1.24
jammu_and_kashmir,2017-01-01,-16.49,128.65
jammu_and_kashmir,2017-02-01,-14.67,50.96
jammu_and_kashmir,2017-03-01,-11.74,42.470000000000006
jammu_and_kashmir,2017-04-01,-3.51,70.19999999999999
jammu_and_kashmir,2017-05-01,2.03,22.009999999999998
jammu_and_kashmir,2017-06-01,5.54,47.7
jammu_and_kashmir,2017-07-01,10.49,29.45
jammu_and_kashmir,2017-08-01,9.14,34.720000000000006
jammu_and_kashmir,2017-09-01,4.44,12.6
jammu_and_kashmir,2017-10-01,-0.68,0.62
jammu_and_kashmir,2017-11-01,-6.68,7.800000000000001
jammu_and_kashmir,2017-12-01,-14.49,31.93
jammu_and_kashmir,2018-01-01,-16.0,3.41
jammu_and_kashmir,2018-02-01,-13.71,34.44
jammu_and_kashmir,2018-03-01,-8.58,25.419999999999998
jammu_and_kashmir,2018-04-01,-1.93,44.1
jammu_and_kashmir,2018-05-01,0.57,31.31
jammu_and_kashmir,2018-06-01,6.31,46.800000000000004
jammu_and_kashmir,2018-07-01,9.8,47.12
jammu_and_kashmir,2018-08-01,10.19,40.61
jammu_and_kashmir,2018-09-01,4.31,61.2
jammu_and_kashmir,2018-10-01,-3.14,7.4399999999999995
jammu_and_kashmir,2018-11-01,-13.84,59.4
jammu_and_kashmir,2018-12-01,-19.1,16.43
jammu_and_kashmir,2019-01-01,-19.03,71.3
jammu_and_kashmir,2019-02-01,-16.91,91.28
jammu_and_kashmir,2019-03-01,-12.82,44.019999999999996
jammu_and_kashmir,2019-04-01,-2.85,21.299999999999997
jammu_and_kashmir,2019-05-01,-0.13,31.93
jammu_and_kashmir,2019-06-01,3.1,30.3
jammu_and_kashmir,2019-07-01,9.41,40.92
jammu_and_kashmir,2019-08-01,9.11,35.65
jammu_and_kashmir,2019-09-01,5.5,21.9
jammu_and_kashmir,2019-10-01,-1.98,18.91
jammu_and_kashmir,2019-11-01,-12.68,120.6
jammu_and_kashmir,2019-12-01,-22.15,58.279999999999994
jammu_and_kashmir,2020-01-01,-20.66,88.35000000000001
jammu_and_kashmir,2020-02-01,-17.5,8.120000000000001
jammu_and_kashmir,2020-03-01,-11.99,112.22
jammu_and_kashmir,2020-04-01,-6.19,36.0
jammu_and_kashmir,2020-05-01,0.13,26.349999999999998
jammu_and_kashmir,2020-06-01,4.17,27.6
jammu_and_kashmir,2020-07-01,7.71,32.86
jammu_and_kashmir,2020-08-01,9.54,83.08
jammu_and_kashmir,2020-09-01,4.34,11.4
jammu_and_kashmir,2020-10-01,-1.85,0.62
jammu_and_kashmir,2020-11-01,-10.9,60.6
jammu_and_kashmir,2020-12-01,-19.27,31.0
jammu_and_kashmir,2021-01-01,-19.87,64.48
jammu_and_kashmir,2021-02-01,-15.42,16.52
jammu_and_kashmir,2021-03-01,-11.48,47.74
jammu_and_kashmir,2021-04-01,-7.34,85.5
jammu_and_kashmir,2021-05-01,0.12,44.019999999999996
jammu_and_kashmir,2021-06-01,4.6,31.8
jammu_and_kashmir,2021-07-01,9.72,53.94
jammu_and_kashmir,2021-08-01,8.28,23.25
jammu_and_kashmir,2021-09-01,6.72,38.7
jammu_and_kashmir,2021-10-01,-3.4,66.64999999999999
jammu_and_kashmir,2021-11-01,-9.68,0.6
jammu_and_kashmir,2021-12-01,-14.55,18.599999999999998
jammu_and_kashmir,2022-01-01,-18.33,95.78999999999999
jammu_and_kashmir,2022-02-01,-17.07,47.6
jammu_and_kashmir,2022-03-01,-9.22,7.75
jammu_and_kashmir,2022-04-01,-0.87,12.0
jammu_and_kashmir,2022-05-01,2.45,26.66
jammu_and_kashmir,2022-06-01,5.32,48.9
jammu_and_kashmir,2022-07-01,10.34,86.49
jammu_and_kashmir,2022-08-01,9.38,57.970000000000006
jammu_and_kashmir,2022-09-01,5.9,38.4
jammu_and_kashmir,2022-10-01,-2.09,31.93
jammu_and_kashmir,2022-11-01,-12.04,43.199999999999996
jammu_and_kashmir,2022-12-01,-14.2,9.92
jharkhand,1999-01-01,14.15,0.0
jharkhand,1999-02-01,20.24,0.56
jharkhand,1999-03-01,24.98,0.31
jharkhand,1999-04-01,30.81,0.0
jharkhand,1999-05-01,30.88,98.89
jharkhand,1999-06-01,27.99,220.2
jharkhand,1999-07-01,25.89,396.8
jharkhand,1999-08-01,25.11,317.13
jharkhand,1999-09-01,24.44,146.7
jharkhand,1999-10-01,21.88,130.20000000000002
jharkhand,1999-11-01,17.54,0.8999999999999999
jharkhand,1999-12-01,15.3,0.0
jharkhand,2000-01-01,15.39,10.540000000000001
jharkhand,2000-02-01,17.48,19.14
jharkhand,2000-03-01,23.48,3.1
jharkhand,2000-04-01,30.68,4.8
jharkhand,2000-05-01,31.26,72.85000000000001
jharkhand,2000-06-01,28.14,194.4
jharkhand,2000-07-01,26.22,265.98
jharkhand,2000-08-01,25.52,200.88000000000002
jharkhand,2000-09-01,24.39,273.59999999999997
jharkhand,2000-10-01,22.58,6.51
jharkhand,2000-11-01,19.4,0.0
jharkhand,2000-12-01,14.66,0.0
jharkhand,2001-01-01,14.87,3.1
jharkhand,2001-02-01,20.27,7.5600000000000005
jharkhand,2001-03-01,24.45,27.28
jharkhand,2001-04-01,29.16,10.799999999999999
jharkhand,2001-05-01,32.21,51.46
jharkhand,2001-06-01,26.55,372.0
jharkhand,2001-07-01,25.45,359.90999999999997
jharkhand,2001-08-01,25.55,186.93
jharkhand,2001-09-01,24.68,78.89999999999999
jharkhand,2001-10-01,22.7,70.99
jharkhand,2001-11-01,19.17,0.8999999999999999
jharkhand,2001-12-01,15.4,0.0
jharkhand,2002-01-01,16.07,27.900000000000002
jharkhand,2002-02-01,19.44,5.32
jharkhand,2002-03-01,24.9,22.94
jharkhand,2002-04-01,30.22,8.7
jharkhand,2002-05-01,32.33,35.96
jharkhand,2002-06-01,30.16,174.0
jharkhand,2002-07-01,26.92,259.15999999999997
jharkhand,2002-08-01,25.24,262.88
jharkhand,2002-09-01,24.09,281.70000000000005
jharkhand,2002-10-01,21.77,56.11
jharkhand,2002-11-01,18.13,2.1
jharkhand,2002-12-01,15.88,3.1
jharkhand,2003-01-01,14.25,3.1
jharkhand,2003-02-01,19.24,25.2
jharkhand,2003-03-01,23.36,34.410000000000004
jharkhand,2003-04-01,29.97,36.3
jharkhand,2003-05-01,31.67,19.53
jharkhand,2003-06-01,31.11,125.39999999999999
jharkhand,2003-07-01,26.61,369.83
jharkhand,2003-08-01,25.66,296.98
jharkhand,2003-09-01,25.0,237.3
jharkhand,2003-10-01,22.44,261.64
jharkhand,2003-11-01,17.36,5.1000000000000005
jharkhand,2003-12-01,14.17,14.26
jharkhand,2004-01-01,13.84,13.02
jharkhand,2004-02-01,16.95,1.74
jharkhand,2004-03-01,24.92,5.58
jharkhand,2004-04-01,29.91,51.6
jharkhand,2004-05-01,32.42,31.31
jharkhand,2004-06-01,28.35,268.5
jharkhand,2004-07-01,25.96,212.04
jharkhand,2004-08-01,25.38,442.68
jharkhand,2004-09-01,24.67,133.8
jharkhand,2004-10-01,21.76,90.52
jharkhand,2004-11-01,17.69,0.0
jharkhand,2004-12-01,15.64,2.1700000000000004
jharkhand,2005-01-01,15.37,23.87
jharkhand,2005-02-01,19.46,40.6
jharkhand,2005-03-01,25.22,15.5
jharkhand,2005-04-01,29.04,3.0
jharkhand,2005-05-01,32.7,10.23
jharkhand,2005-06-01,32.64,152.10000000000002
jharkhand,2005-07-01,26.26,295.73999999999995
jharkhand,2005-08-01,25.68,195.92000000000002
jharkhand,2005-09-01,24.75,148.5
jharkhand,2005-10-01,22.58,40.300000000000004
jharkhand,2005-11-01,17.73,2.6999999999999997
jharkhand,2005-12-01,15.56,10.85
jharkhand,2006-01-01,16.35,0.0
jharkhand,2006-02-01,22.11,0.0
jharkhand,2006-03-01,24.11,34.1
jharkhand,2006-04-01,29.79,9.6
jharkhand,2006-05-01,30.78,109.74
jharkhand,2006-06-01,27.11,281.09999999999997
jharkhand,2006-07-01,25.86,426.87
jharkhand,2006-08-01,25.07,338.21
jharkhand,2006-09-01,24.4,247.20000000000002
jharkhand,2006-10-01,22.49,17.05
jharkhand,2006-11-01,18.82,4.8
jharkhand,2006-12-01,15.61,0.0
jharkhand,2007-01-01,15.47,0.0
jharkhand,2007-02-01,18.31,66.92
jharkhand,2007-03-01,22.27,24.490000000000002
jharkhand,2007-04-01,29.53,35.4
jharkhand,2007-05-01,30.67,50.220000000000006
jharkhand,2007-06-01,30.17,151.79999999999998
jharkhand,2007-07-01,25.8,391.84000000000003
jharkhand,2007-08-01,25.33,303.18
jharkhand,2007-09-01,24.61,313.8
jharkhand,2007-10-01,21.38,17.05
jharkhand,2007-11-01,18.13,7.199999999999999
jharkhand,2007-12-01,14.42,0.0
jharkhand,2008-01-01,14.97,26.97
jharkhand,2008-02-01,16.44,12.47
jharkhand,2008-03-01,24.29,17.98
jharkhand,2008-04-01,28.87,14.1
jharkhand,2008-05-01,31.64,47.43
jharkhand,2008-06-01,27.15,387.6
jharkhand,2008-07-01,25.37,410.75
jharkhand,2008-08-01,25.32,296.36
jharkhand,2008-09-01,24.49,159.29999999999998
jharkhand,2008-10-01,22.2,14.879999999999999
jharkhand,2008-11-01,18.6,0.6
jharkhand,2008-12-01,16.69,0.0
jharkhand,2009-01-01,16.88,7.4399999999999995
jharkhand,2009-02-01,20.31,0.0
jharkhand,2009-03-01,24.88,16.740000000000002
jharkhand,2009-04-01,29.57,2.4
jharkhand,2009-05-01,30.38,105.71000000000001
jharkhand,2009-06-01,30.64,95.7
jharkhand,2009-07-01,26.5,295.12
jharkhand,2009-08-01,25.73,248.31
jharkhand,2009-09-01,25.05,272.7
jharkhand,2009-10-01,21.2,68.82000000000001
jharkhand,2009-11-01,18.85,21.0
jharkhand,2009-12-01,16.26,5.89
jharkhand,2010-01-01,14.72,0.31
jharkhand,2010-02-01,19.46,7.5600000000000005
jharkhand,2010-03-01,26.81,0.9299999999999999
jharkhand,2010-04-01,31.76,9.9
jharkhand,2010-05-01,32.06,45.26
jharkhand,2010-06-01,31.42,90.6
jharkhand,2010-07-01,26.99,200.26
jharkhand,2010-08-01,26.06,181.97
jharkhand,2010-09-01,24.87,305.7
jharkhand,2010-10-01,22.73,68.82000000000001
jharkhand,2010-11-01,20.51,8.100000000000001
jharkhand,2010-12-01,15.1,24.18
jharkhand,2011-01-01,14.2,9.92
jharkhand,2011-02-01,19.06,3.36
jharkhand,2011-03-01,25.24,2.79
jharkhand,2011-04-01,28.03,38.1
jharkhand,2011-05-01,31.71,61.38
jharkhand,2011-06-01,29.21,464.40000000000003
jharkhand,2011-07-01,25.78,208.32
jharkhand,2011-08-01,25.12,453.53000000000003
jharkhand,2011-09-01,24.41,351.3
jharkhand,2011-10-01,22.18,47.74
jharkhand,2011-11-01,17.88,0.0
jharkhand,2011-12-01,15.03,1.55
jharkhand,2012-01-01,14.7,54.25
jharkhand,2012-02-01,18.09,13.629999999999999
jharkhand,2012-03-01,23.25,8.370000000000001
jharkhand,2012-04-01,29.68,31.200000000000003
jharkhand,2012-05-01,32.08,27.59
jharkhand,2012-06-01,32.44,115.19999999999999
jharkhand,2012-07-01,26.73,328.29
jharkhand,2012-08-01,25.2,428.42
jharkhand,2012-09-01,24.34,249.60000000000002
jharkhand,2012-10-01,20.52,41.230000000000004
jharkhand,2012-11-01,16.54,57.3
jharkhand,2012-12-01,13.77,7.4399999999999995
jharkhand,2013-01-01,13.43,0.62
jharkhand,2013-02-01,17.67,21.560000000000002
jharkhand,2013-03-01,23.61,11.78
jharkhand,2013-04-01,28.51,32.1
jharkhand,2013-05-01,32.12,55.49
jharkhand,2013-06-01,27.46,247.79999999999998
jharkhand,2013-07-01,26.29,240.56
jharkhand,2013-08-01,25.17,279.0
jharkhand,2013-09-01,24.7,228.3
jharkhand,2013-10-01,22.33,314.34000000000003
jharkhand,2013-11-01,17.12,0.0
jharkhand,2013-12-01,14.62,0.0
jharkhand,2014-01-01,14.17,23.87
jharkhand,2014-02-01,17.1,58.800000000000004
jharkhand,2014-03-01,21.67,32.550000000000004
jharkhand,2014-04-01,29.28,3.9000000000000004
jharkhand,2014-05-01,31.25,73.16
jharkhand,2014-06-01,30.94,154.5
jharkhand,2014-07-01,26.5,299.15000000000003
jharkhand,2014-08-01,25.64,249.55
jharkhand,2014-09-01,24.68,150.9
jharkhand,2014-10-01,22.25,67.27
jharkhand,2014-11-01,18.35,0.0
jharkhand,2014-12-01,14.55,10.85
jharkhand,2015-01-01,14.61,35.029999999999994
jharkhand,2015-02-01,19.23,1.68
jharkhand,2015-03-01,23.73,22.009999999999998
jharkhand,2015-04-01,27.91,56.699999999999996
jharkhand,2015-05-01,31.46,61.69
jharkhand,2015-06-01,29.57,247.20000000000002
jharkhand,2015-07-01,25.67,517.6999999999999
jharkhand,2015-08-01,25.45,326.73999999999995
jharkhand,2015-09-01,25.05,76.8
jharkhand,2015-10-01,22.98,40.300000000000004
jharkhand,2015-11-01,20.35,0.0
jharkhand,2015-12-01,17.05,7.75
jharkhand,2016-01-01,16.45,13.950000000000001
jharkhand,2016-02-01,21.46,10.149999999999999
jharkhand,2016-03-01,25.55,26.66
jharkhand,2016-04-01,32.27,1.2
jharkhand,2016-05-01,31.73,63.86
jharkhand,2016-06-01,30.2,90.0
jharkhand,2016-07-01,26.26,390.29
jharkhand,2016-08-01,25.26,392.46
jharkhand,2016-09-01,24.74,287.7
jharkhand,2016-10-01,21.85,53.94
jharkhand,2016-11-01,16.88,0.0
jharkhand,2016-12-01,14.38,0.0
jharkhand,2017-01-01,15.54,6.2
jharkhand,2017-02-01,19.6,0.28
jharkhand,2017-03-01,24.37,6.82
jharkhand,2017-04-01,31.05,11.700000000000001
jharkhand,2017-05-01,32.82,59.21
jharkhand,2017-06-01,30.23,143.4
jharkhand,2017-07-01,25.63,713.9300000000001
jharkhand,2017-08-01,25.46,293.57
jharkhand,2017-09-01,25.57,173.1
jharkhand,2017-10-01,23.65,75.95
jharkhand,2017-11-01,18.58,3.5999999999999996
jharkhand,2017-12-01,16.23,0.0
jharkhand,2018-01-01,13.92,0.0
jharkhand,2018-02-01,20.29,10.08
jharkhand,2018-03-01,25.89,1.55
jharkhand,2018-04-01,29.21,40.2
jharkhand,2018-05-01,31.18,71.3
jharkhand,2018-06-01,29.94,119.4
jharkhand,2018-07-01,26.67,395.56
jharkhand,2018-08-01,25.58,314.03000000000003
jharkhand,2018-09-01,24.54,198.3
jharkhand,2018-10-01,21.84,22.009999999999998
jharkhand,2018-11-01,19.35,1.2
jharkhand,2018-12-01,14.4,48.36
jharkhand,2019-01-01,14.79,4.340000000000001
jharkhand,2019-02-01,19.05,32.199999999999996
jharkhand,2019-03-01,23.44,31.0
jharkhand,2019-04-01,29.88,35.4
jharkhand,2019-05-01,32.53,30.38
jharkhand,2019-06-01,31.66,133.8
jharkhand,2019-07-01,26.96,260.71
jharkhand,2019-08-01,25.79,363.63
jharkhand,2019-09-01,24.84,282.6
jharkhand,2019-10-01,21.8,152.21
jharkhand,2019-11-01,18.22,0.6
jharkhand,2019-12-01,13.58,24.18
jharkhand,2020-01-01,13.02,34.720000000000006
jharkhand,2020-02-01,15.44,20.59
jharkhand,2020-03-01,21.34,95.17
jharkhand,2020-04-01,26.83,62.400000000000006
jharkhand,2020-05-01,29.73,52.08
jharkhand,2020-06-01,27.15,348.0
jharkhand,2020-07-01,26.0,411.06
jharkhand,2020-08-01,25.65,376.34000000000003
jharkhand,2020-09-01,25.13,332.7
jharkhand,2020-10-01,23.34,121.21000000000001
jharkhand,2020-11-01,18.47,8.100000000000001
jharkhand,2020-12-01,14.99,0.9299999999999999
jharkhand,2021-01-01,15.8,1.55
jharkhand,2021-02-01,18.83,4.760000000000001
jharkhand,2021-03-01,25.63,13.33
jharkhand,2021-04-01,29.68,10.799999999999999
jharkhand,2021-05-01,28.43,283.34000000000003
jharkhand,2021-06-01,26.47,314.7
jharkhand,2021-07-01,25.95,441.75
jharkhand,2021-08-01,25.55,263.19
jharkhand,2021-09-01,24.79,309.0
jharkhand,2021-10-01,22.7,106.95
jharkhand,2021-11-01,17.94,44.7
jharkhand,2021-12-01,14.61,30.69
jharkhand,2022-01-01,13.25,27.900000000000002
jharkhand,2022-02-01,16.2,32.199999999999996
jharkhand,2022-03-01,24.19,0.62
jharkhand,2022-04-01,31.3,0.8999999999999999
jharkhand,2022-05-01,31.4,48.050000000000004
jharkhand,2022-06-01,30.83,106.8
jharkhand,2022-07-01,26.78,197.16
jharkhand,2022-08-01,25.56,450.12
jharkhand,2022-09-01,24.97,201.6
jharkhand,2022-10-01,22.02,85.55999999999999
jharkhand,2022-11-01,17.11,0.0
jharkhand,2022-12-01,15.49,0.0
karnataka,1999-01-01,21.98,0.0
karnataka,1999-02-01,26.07,5.04
karnataka,1999-03-01,29.53,0.0
karnataka,1999-04-01,30.76,3.0
karnataka,1999-05-01,27.19,72.23
karnataka,1999-06-01,25.41,66.9
karnataka,1999-07-01,24.6,82.14999999999999
karnataka,1999-08-01,24.5,65.41
karnataka,1999-09-01,25.02,67.8
karnataka,1999-10-01,24.19,135.78
karnataka,1999-11-01,22.72,3.9000000000000004
karnataka,1999-12-01,21.7,0.0
karnataka,2000-01-01,23.61,2.1700000000000004
karnataka,2000-02-01,25.11,11.31
karnataka,2000-03-01,28.14,0.0
karnataka,2000-04-01,31.19,7.199999999999999
karnataka,2000-05-01,28.48,56.730000000000004
karnataka,2000-06-01,24.93,174.0
karnataka,2000-07-01,24.03,110.36
karnataka,2000-08-01,24.1,94.55
karnataka,2000-09-01,24.99,101.10000000000001
karnataka,2000-10-01,24.39,81.22
karnataka,2000-11-01,23.24,5.7
karnataka,2000-12-01,21.81,3.41
karnataka,2001-01-01,23.78,0.0
karnataka,2001-02-01,25.97,0.0
karnataka,2001-03-01,28.6,0.0
karnataka,2001-04-01,30.53,30.900000000000002
karnataka,2001-05-01,30.01,11.47
karnataka,2001-06-01,25.82,45.3
karnataka,2001-07-01,25.04,89.28
karnataka,2001-08-01,24.49,75.33
karnataka,2001-09-01,25.3,80.4
karnataka,2001-10-01,23.35,134.23
karnataka,2001-11-01,23.14,11.700000000000001
karnataka,2001-12-01,21.62,1.55
karnataka,2002-01-01,23.02,0.31
karnataka,2002-02-01,25.83,2.8000000000000003
karnataka,2002-03-01,28.97,0.62
karnataka,2002-04-01,32.19,14.1
karnataka,2002-05-01,29.66,35.96
karnataka,2002-06-01,26.09,66.9
karnataka,2002-07-01,25.94,33.480000000000004
karnataka,2002-08-01,24.72,134.85
karnataka,2002-09-01,25.77,34.5
karnataka,2002-10-01,25.54,97.03
karnataka,2002-11-01,24.14,3.3
karnataka,2002-12-01,22.94,0.0
karnataka,2003-01-01,23.88,0.0
karnataka,2003-02-01,26.84,10.36
karnataka,2003-03-01,29.31,25.110000000000003
karnataka,2003-04-01,30.84,41.1
karnataka,2003-05-01,31.58,12.09
karnataka,2003-06-01,27.21,55.5
karnataka,2003-07-01,25.31,39.99
karnataka,2003-08-01,25.44,57.35
karnataka,2003-09-01,25.62,31.8
karnataka,2003-10-01,25.04,122.14
karnataka,2003-11-01,23.7,1.2
karnataka,2003-12-01,22.47,9.299999999999999
karnataka,2004-01-01,23.07,0.62
karnataka,2004-02-01,25.26,0.29
karnataka,2004-03-01,29.34,5.58
karnataka,2004-04-01,30.93,23.1
karnataka,2004-05-01,27.38,120.59
karnataka,2004-06-01,25.33,75.6
karnataka,2004-07-01,24.64,90.83
karnataka,2004-08-01,24.48,76.88
karnataka,2004-09-01,24.45,128.7
karnataka,2004-10-01,24.47,39.06
karnataka,2004-11-01,23.85,4.5
karnataka,2004-12-01,22.07,0.0
karnataka,2005-01-01,24.2,2.1700000000000004
karnataka,2005-02-01,26.62,0.28
karnataka,2005-03-01,28.83,2.1700000000000004
karnataka,2005-04-01,28.96,68.1
karnataka,2005-05-01,29.88,71.92
karnataka,2005-06-01,25.78,140.1
karnataka,2005-07-01,24.48,272.18
karnataka,2005-08-01,23.99,100.44000000000001
karnataka,2005-09-01,24.08,118.8
karnataka,2005-10-01,23.48,106.95
karnataka,2005-11-01,20.11,8.100000000000001
karnataka,2005-12-01,20.85,0.31
karnataka,2006-01-01,22.37,0.0
karnataka,2006-02-01,24.71,0.0
karnataka,2006-03-01,28.04,19.22
karnataka,2006-04-01,30.91,21.0
karnataka,2006-05-01,29.63,89.89999999999999
karnataka,2006-06-01,25.45,177.6
karnataka,2006-07-01,24.44,98.27
karnataka,2006-08-01,24.12,68.82000000000001
karnataka,2006-09-01,24.98,95.4
karnataka,2006-10-01,24.39,77.80999999999999
karnataka,2006-11-01,22.88,88.5
karnataka,2006-12-01,21.2,0.0
karnataka,2007-01-01,22.8,0.0
karnataka,2007-02-01,24.86,0.0
karnataka,2007-03-01,29.61,2.48
karnataka,2007-04-01,30.87,37.5
karnataka,2007-05-01,29.37,68.51
karnataka,2007-06-01,25.94,172.20000000000002
karnataka,2007-07-01,24.63,180.10999999999999
karnataka,2007-08-01,24.0,101.99
karnataka,2007-09-01,24.0,255.29999999999998
karnataka,2007-10-01,23.14,49.29
karnataka,2007-11-01,20.91,14.399999999999999
karnataka,2007-12-01,21.97,1.8599999999999999
karnataka,2008-01-01,22.45,0.0
karnataka,2008-02-01,25.01,6.96
karnataka,2008-03-01,25.99,155.61999999999998
karnataka,2008-04-01,27.87,21.0
karnataka,2008-05-01,28.77,80.91
karnataka,2008-06-01,25.38,54.300000000000004
karnataka,2008-07-01,25.31,90.52
karnataka,2008-08-01,24.53,112.84
karnataka,2008-09-01,24.35,87.9
karnataka,2008-10-01,24.65,53.01
karnataka,2008-11-01,23.49,79.5
karnataka,2008-12-01,21.46,0.62
karnataka,2009-01-01,22.89,0.0
karnataka,2009-02-01,26.42,0.0
karnataka,2009-03-01,29.39,7.13
karnataka,2009-04-01,30.85,34.5
karnataka,2009-05-01,29.16,61.38
karnataka,2009-06-01,25.73,114.3
karnataka,2009-07-01,24.51,116.25
karnataka,2009-08-01,24.87,107.88
karnataka,2009-09-01,24.83,193.20000000000002
karnataka,2009-10-01,23.36,94.86
karnataka,2009-11-01,23.03,51.0
karnataka,2009-12-01,22.16,37.199999999999996
karnataka,2010-01-01,22.5,7.4399999999999995
karnataka,2010-02-01,26.91,0.0
karnataka,2010-03-01,30.0,0.62
karnataka,2010-04-01,31.11,16.5
karnataka,2010-05-01,30.3,62.0
karnataka,2010-06-01,26.68,100.5
karnataka,2010-07-01,24.6,152.21
karnataka,2010-08-01,24.35,177.63000000000002
karnataka,2010-09-01,24.21,130.8
karnataka,2010-10-01,23.97,69.13
karnataka,2010-11-01,22.83,139.8
karnataka,2010-12-01,20.46,1.24
karnataka,2011-01-01,21.68,0.0
karnataka,2011-02-01,24.24,1.68
karnataka,2011-03-01,28.88,0.0
karnataka,2011-04-01,28.96,50.4
karnataka,2011-05-01,29.38,45.26
karnataka,2011-06-01,25.88,61.49999999999999
karnataka,2011-07-01,24.87,96.41
karnataka,2011-08-01,24.38,158.41
karnataka,2011-09-01,24.56,46.5
karnataka,2011-10-01,25.24,73.47
karnataka,2011-11-01,23.94,8.100000000000001
karnataka,2011-12-01,23.18,0.0
karnataka,2012-01-01,23.21,0.0
karnataka,2012-02-01,26.06,0.0
karnataka,2012-03-01,28.59,0.0
karnataka,2012-04-01,30.11,47.1
karnataka,2012-05-01,29.76,52.39
karnataka,2012-06-01,26.27,60.3
karnataka,2012-07-01,25.13,66.34
karnataka,2012-08-01,24.72,75.02
karnataka,2012-09-01,25.04,90.89999999999999
karnataka,2012-10-01,24.5,54.87
karnataka,2012-11-01,22.91,81.60000000000001
karnataka,2012-12-01,23.26,0.0
karnataka,2013-01-01,23.97,0.31
karnataka,2013-02-01,25.88,5.32
karnataka,2013-03-01,29.31,3.7199999999999998
karnataka,2013-04-01,30.38,40.800000000000004
karnataka,2013-05-01,28.4,111.60000000000001
karnataka,2013-06-01,25.17,87.9
karnataka,2013-07-01,24.38,88.97
karnataka,2013-08-01,24.61,52.699999999999996
karnataka,2013-09-01,24.2,163.20000000000002
karnataka,2013-10-01,24.11,72.53999999999999
karnataka,2013-11-01,22.91,2.6999999999999997
karnataka,2013-12-01,21.87,0.0
karnataka,2014-01-01,23.49,0.0
karnataka,2014-02-01,25.07,4.2
karnataka,2014-03-01,27.96,21.080000000000002
karnataka,2014-04-01,30.23,41.1
karnataka,2014-05-01,28.91,86.8
karnataka,2014-06-01,27.29,48.6
karnataka,2014-07-01,25.21,139.81
karnataka,2014-08-01,24.61,190.03
karnataka,2014-09-01,24.31,65.1
karnataka,2014-10-01,24.23,96.10000000000001
karnataka,2014-11-01,22.28,30.6
karnataka,2014-12-01,21.58,18.29
karnataka,2015-01-01,22.0,0.31
karnataka,2015-02-01,24.43,0.56
karnataka,2015-03-01,27.61,24.8
karnataka,2015-04-01,29.84,32.1
karnataka,2015-05-01,29.64,62.309999999999995
karnataka,2015-06-01,25.93,84.3
karnataka,2015-07-01,25.85,36.58
karnataka,2015-08-01,25.27,202.74
karnataka,2015-09-01,24.57,88.8
karnataka,2015-10-01,24.94,50.220000000000006
karnataka,2015-11-01,24.45,14.399999999999999
karnataka,2015-12-01,24.62,0.9299999999999999
karnataka,2016-01-01,23.54,0.62
karnataka,2016-02-01,27.49,0.0
karnataka,2016-03-01,30.12,2.79
karnataka,2016-04-01,31.92,23.400000000000002
karnataka,2016-05-01,30.56,60.14
karnataka,2016-06-01,25.84,108.3
karnataka,2016-07-01,24.66,152.52
karnataka,2016-08-01,24.51,75.95
karnataka,2016-09-01,23.94,87.30000000000001
karnataka,2016-10-01,24.05,18.599999999999998
karnataka,2016-11-01,23.46,6.3
karnataka,2016-12-01,22.71,5.58
karnataka,2017-01-01,23.01,0.0
karnataka,2017-02-01,25.24,0.0
karnataka,2017-03-01,28.33,9.92
karnataka,2017-04-01,31.53,6.0
karnataka,2017-05-01,30.58,32.550000000000004
karnataka,2017-06-01,26.21,96.9
karnataka,2017-07-01,25.16,80.60000000000001
karnataka,2017-08-01,25.09,105.39999999999999
karnataka,2017-09-01,25.0,191.7
karnataka,2017-10-01,23.79,107.26
karnataka,2017-11-01,22.36,1.5
karnataka,2017-12-01,21.89,2.79
karnataka,2018-01-01,22.78,2.48
karnataka,2018-02-01,24.97,2.8000000000000003
karnataka,2018-03-01,28.18,13.33
karnataka,2018-04-01,30.89,33.0
karnataka,2018-05-01,29.06,128.96
karnataka,2018-06-01,24.98,128.1
karnataka,2018-07-01,24.65,61.07
karnataka,2018-08-01,24.31,61.07
karnataka,2018-09-01,24.9,112.8
karnataka,2018-10-01,25.41,31.93
karnataka,2018-11-01,25.04,5.3999999999999995
karnataka,2018-12-01,23.48,1.8599999999999999
karnataka,2019-01-01,22.22,0.31
karnataka,2019-02-01,26.2,0.28
karnataka,2019-03-01,29.38,9.61
karnataka,2019-04-01,31.25,32.7
karnataka,2019-05-01,31.34,28.830000000000002
karnataka,2019-06-01,27.44,109.2
karnataka,2019-07-01,24.91,123.38
karnataka,2019-08-01,24.34,211.73
karnataka,2019-09-01,24.24,128.4
karnataka,2019-10-01,23.96,224.75
karnataka,2019-11-01,22.82,25.5
karnataka,2019-12-01,22.68,4.96
karnataka,2020-01-01,23.49,1.8599999999999999
karnataka,2020-02-01,25.71,1.16
karnataka,2020-03-01,29.15,6.2
karnataka,2020-04-01,29.72,95.7
karnataka,2020-05-01,30.04,86.17999999999999
karnataka,2020-06-01,26.07,87.30000000000001
karnataka,2020-07-01,24.58,263.81
karnataka,2020-08-01,24.21,158.41
karnataka,2020-09-01,23.91,222.6
karnataka,2020-10-01,23.57,175.46
karnataka,2020-11-01,22.09,4.8
karnataka,2020-12-01,21.03,1.8599999999999999
karnataka,2021-01-01,22.93,17.98
karnataka,2021-02-01,24.1,13.719999999999999
karnataka,2021-03-01,28.41,1.55
karnataka,2021-04-01,30.49,47.7
karnataka,2021-05-01,27.8,156.85999999999999
karnataka,2021-06-01,25.19,137.10000000000002
karnataka,2021-07-01,24.34,163.06
karnataka,2021-08-01,24.36,76.26
karnataka,2021-09-01,24.33,101.10000000000001
karnataka,2021-10-01,24.42,119.35000000000001
karnataka,2021-11-01,23.35,96.9
karnataka,2021-12-01,21.7,12.709999999999999
karnataka,2022-01-01,22.12,0.31
karnataka,2022-02-01,25.51,0.0
karnataka,2022-03-01,29.22,6.51
karnataka,2022-04-01,30.37,49.8
karnataka,2022-05-01,28.43,120.89999999999999
karnataka,2022-06-01,25.85,69.6
karnataka,2022-07-01,24.79,186.31
karnataka,2022-08-01,24.03,178.25
karnataka,2022-09-01,23.9,238.8
karnataka,2022-10-01,22.99,100.44000000000001
karnataka,2022-11-01,21.76,3.9000000000000004
karnataka,2022-12-01,22.78,13.950000000000001
kerala,1999-01-01,23.64,0.0
kerala,1999-02-01,26.71,2.8000000000000003
kerala,1999-03-01,28.63,24.490000000000002
kerala,1999-04-01,27.22,59.1
kerala,1999-05-01,25.03,252.34000000000003
kerala,1999-06-01,24.39,375.0
kerala,1999-07-01,23.44,342.86
kerala,1999-08-01,23.57,116.55999999999999
kerala,1999-09-01,24.03,35.099999999999994
kerala,1999-10-01,23.79,412.3
kerala,1999-11-01,23.41,74.10000000000001
kerala,1999-12-01,23.04,15.19
kerala,2000-01-01,25.03,4.96
kerala,2000-02-01,25.73,58.58
kerala,2000-03-01,27.59,5.89
kerala,2000-04-01,27.53,37.8
kerala,2000-05-01,26.63,83.08
kerala,2000-06-01,24.22,364.5
kerala,2000-07-01,23.68,176.70000000000002
kerala,2000-08-01,23.59,347.51000000000005
kerala,2000-09-01,24.14,95.4
kerala,2000-10-01,23.99,165.54
kerala,2000-11-01,24.15,124.80000000000001
kerala,2000-12-01,22.86,23.87
kerala,2001-01-01,25.03,17.05
kerala,2001-02-01,26.82,9.799999999999999
kerala,2001-03-01,28.26,0.9299999999999999
kerala,2001-04-01,26.75,232.5
kerala,2001-05-01,26.13,168.64000000000001
kerala,2001-06-01,24.25,416.09999999999997
kerala,2001-07-01,23.65,309.38
kerala,2001-08-01,23.74,188.79
kerala,2001-09-01,23.91,151.5
kerala,2001-10-01,24.23,214.52
kerala,2001-11-01,23.99,113.39999999999999
kerala,2001-12-01,23.31,10.540000000000001
kerala,2002-01-01,25.05,2.48
kerala,2002-02-01,26.6,4.2
kerala,2002-03-01,28.53,6.82
kerala,2002-04-01,28.7,30.0
kerala,2002-05-01,26.6,220.1
kerala,2002-06-01,24.76,335.4
kerala,2002-07-01,24.36,194.99
kerala,2002-08-01,23.51,282.40999999999997
kerala,2002-09-01,24.14,86.39999999999999
kerala,2002-10-01,24.56,394.63
kerala,2002-11-01,24.1,103.8
kerala,2002-12-01,23.03,0.62
kerala,2003-01-01,25.22,0.0
kerala,2003-02-01,27.15,45.919999999999995
kerala,2003-03-01,27.89,48.36
kerala,2003-04-01,27.84,113.1
kerala,2003-05-01,27.12,77.5
kerala,2003-06-01,25.04,458.09999999999997
kerala,2003-07-01,24.03,312.17
kerala,2003-08-01,24.14,166.16
kerala,2003-09-01,24.36,34.5
kerala,2003-10-01,24.35,242.73
kerala,2003-11-01,24.23,48.9
kerala,2003-12-01,24.23,17.98
kerala,2004-01-01,25.38,7.4399999999999995
kerala,2004-02-01,26.98,1.16
kerala,2004-03-01,28.69,12.4
kerala,2004-04-01,27.8,69.9
kerala,2004-05-01,25.19,548.08
kerala,2004-06-01,24.25,428.4
kerala,2004-07-01,23.68,253.27
kerala,2004-08-01,23.61,247.69
kerala,2004-09-01,23.86,163.20000000000002
kerala,2004-10-01,24.24,346.27
kerala,2004-11-01,23.67,98.7
kerala,2004-12-01,22.72,0.62
kerala,2005-01-01,25.1,26.349999999999998
kerala,2005-02-01,26.73,0.56
kerala,2005-03-01,28.07,24.490000000000002
kerala,2005-04-01,27.19,87.9
kerala,2005-05-01,27.38,102.92
kerala,2005-06-01,25.24,426.6
kerala,2005-07-01,24.11,392.15000000000003
kerala,2005-08-01,24.06,163.06
kerala,2005-09-01,24.05,212.4
kerala,2005-10-01,24.24,294.19
kerala,2005-11-01,23.29,197.4
kerala,2005-12-01,23.13,23.87
kerala,2006-01-01,23.79,8.06
kerala,2006-02-01,25.5,0.0
kerala,2006-03-01,27.67,49.6
kerala,2006-04-01,28.29,22.2
kerala,2006-05-01,26.48,444.84999999999997
kerala,2006-06-01,24.56,488.09999999999997
kerala,2006-07-01,24.02,342.86
kerala,2006-08-01,23.93,299.46
kerala,2006-09-01,23.9,397.5
kerala,2006-10-01,24.18,278.07
kerala,2006-11-01,24.07,172.20000000000002
kerala,2006-12-01,22.3,0.31
kerala,2007-01-01,24.05,4.6499999999999995
kerala,2007-02-01,25.76,0.28
kerala,2007-03-01,28.61,6.2
kerala,2007-04-01,28.26,82.2
kerala,2007-05-01,26.29,218.85999999999999
kerala,2007-06-01,24.78,581.1
kerala,2007-07-01,24.03,636.74
kerala,2007-08-01,23.63,364.87
kerala,2007-09-01,23.88,417.9
kerala,2007-10-01,23.88,304.42
kerala,2007-11-01,23.34,102.0
kerala,2007-12-01,23.06,42.779999999999994
kerala,2008-01-01,23.95,0.0
kerala,2008-02-01,26.34,15.08
kerala,2008-03-01,25.69,239.32
kerala,2008-04-01,26.53,105.3
kerala,2008-05-01,25.93,85.87
kerala,2008-06-01,24.58,389.7
kerala,2008-07-01,23.83,317.75
kerala,2008-08-01,23.7,232.19
kerala,2008-09-01,23.91,270.3
kerala,2008-10-01,24.51,385.95
kerala,2008-11-01,23.76,36.0
kerala,2008-12-01,23.42,9.61
kerala,2009-01-01,24.27,2.79
kerala,2009-02-01,26.67,0.0
kerala,2009-03-01,28.19,29.45
kerala,2009-04-01,28.03,67.5
kerala,2009-05-01,26.3,181.04
kerala,2009-06-01,24.52,356.09999999999997
kerala,2009-07-01,23.8,716.41
kerala,2009-08-01,24.03,180.10999999999999
kerala,2009-09-01,24.12,245.7
kerala,2009-10-01,24.5,114.39
kerala,2009-11-01,24.18,245.1
kerala,2009-12-01,23.92,28.52
kerala,2010-01-01,24.93,5.58
kerala,2010-02-01,27.04,0.28
kerala,2010-03-01,28.97,8.99
kerala,2010-04-01,27.9,120.6
kerala,2010-05-01,26.92,148.49
kerala,2010-06-01,24.99,539.0999999999999
kerala,2010-07-01,23.67,431.52
kerala,2010-08-01,23.81,228.47
kerala,2010-09-01,24.03,219.0
kerala,2010-10-01,24.15,352.46999999999997
kerala,2010-11-01,23.75,266.09999999999997
kerala,2010-12-01,22.72,28.21
kerala,2011-01-01,23.47,1.55
kerala,2011-02-01,24.9,44.24
kerala,2011-03-01,27.31,13.950000000000001
kerala,2011-04-01,27.2,120.0
kerala,2011-05-01,26.72,128.65
kerala,2011-06-01,24.66,435.9
kerala,2011-07-01,23.45,367.96999999999997
kerala,2011-08-01,23.59,319.92
kerala,2011-09-01,23.91,252.3
kerala,2011-10-01,24.36,209.86999999999998
kerala,2011-11-01,23.5,136.2
kerala,2011-12-01,23.31,18.91
kerala,2012-01-01,24.61,0.31
kerala,2012-02-01,26.48,6.38
kerala,2012-03-01,28.18,8.680000000000001
kerala,2012-04-01,27.4,138.9
kerala,2012-05-01,26.3,59.83
kerala,2012-06-01,24.62,339.0
kerala,2012-07-01,24.21,198.09
kerala,2012-08-01,23.81,278.38
kerala,2012-09-01,24.04,134.1
kerala,2012-10-01,24.59,190.34
kerala,2012-11-01,24.03,102.0
kerala,2012-12-01,25.14,6.51
kerala,2013-01-01,26.08,0.62
kerala,2013-02-01,26.46,43.68
kerala,2013-03-01,28.08,30.07
kerala,2013-04-01,28.76,9.6
kerala,2013-05-01,27.08,130.20000000000002
kerala,2013-06-01,24.37,643.5
kerala,2013-07-01,23.43,548.08
kerala,2013-08-01,23.72,230.32999999999998
kerala,2013-09-01,23.9,158.7
kerala,2013-10-01,24.12,177.94
kerala,2013-11-01,24.27,112.2
kerala,2013-12-01,23.43,28.21
kerala,2014-01-01,25.16,0.31
kerala,2014-02-01,26.74,2.24
kerala,2014-03-01,28.56,6.82
kerala,2014-04-01,28.12,51.6
kerala,2014-05-01,26.42,273.11
kerala,2014-06-01,25.42,276.0
kerala,2014-07-01,24.15,540.9499999999999
kerala,2014-08-01,23.69,479.26000000000005
kerala,2014-09-01,24.44,201.9
kerala,2014-10-01,24.39,277.45
kerala,2014-11-01,23.9,99.0
kerala,2014-12-01,23.91,22.009999999999998
kerala,2015-01-01,24.54,0.62
kerala,2015-02-01,26.45,0.56
kerala,2015-03-01,27.76,39.37
kerala,2015-04-01,27.18,111.60000000000001
kerala,2015-05-01,26.49,169.26
kerala,2015-06-01,25.19,270.0
kerala,2015-07-01,24.57,168.95000000000002
kerala,2015-08-01,24.59,137.02
kerala,2015-09-01,24.89,161.4
kerala,2015-10-01,25.21,148.18
kerala,2015-11-01,24.26,189.60000000000002
kerala,2015-12-01,24.42,34.720000000000006
kerala,2016-01-01,24.98,4.96
kerala,2016-02-01,27.54,9.57
kerala,2016-03-01,29.19,8.680000000000001
kerala,2016-04-01,29.54,25.8
kerala,2016-05-01,27.62,137.95000000000002
kerala,2016-06-01,24.88,348.29999999999995
kerala,2016-07-01,24.07,334.18
kerala,2016-08-01,24.13,131.13000000000002
kerala,2016-09-01,23.9,45.9
kerala,2016-10-01,25.03,56.42
kerala,2016-11-01,25.15,63.3
kerala,2016-12-01,25.04,55.18
kerala,2017-01-01,25.26,19.22
kerala,2017-02-01,26.53,0.28
kerala,2017-03-01,27.27,67.27
kerala,2017-04-01,28.25,46.2
kerala,2017-05-01,26.9,199.02
kerala,2017-06-01,25.06,306.90000000000003
kerala,2017-07-01,24.33,223.20000000000002
kerala,2017-08-01,24.19,288.92
kerala,2017-09-01,24.52,360.9
kerala,2017-10-01,24.55,153.76
kerala,2017-11-01,24.55,86.10000000000001
kerala,2017-12-01,23.55,51.15
kerala,2018-01-01,24.77,1.8599999999999999
kerala,2018-02-01,26.26,10.64
kerala,2018-03-01,28.07,36.89
kerala,2018-04-01,28.06,75.6
kerala,2018-05-01,26.13,265.98
kerala,2018-06-01,24.72,395.1
kerala,2018-07-01,24.13,494.45
kerala,2018-08-01,23.58,475.23
kerala,2018-09-01,24.27,115.5
kerala,2018-10-01,24.71,230.64000000000001
kerala,2018-11-01,24.56,97.8
kerala,2018-12-01,24.98,14.879999999999999
kerala,2019-01-01,24.53,0.0
kerala,2019-02-01,27.62,8.96
kerala,2019-03-01,29.0,14.879999999999999
kerala,2019-04-01,29.35,90.3
kerala,2019-05-01,27.78,72.23
kerala,2019-06-01,26.16,191.7
kerala,2019-07-01,24.65,317.13
kerala,2019-08-01,23.98,581.87
kerala,2019-09-01,24.47,306.3
kerala,2019-10-01,24.52,388.43
kerala,2019-11-01,24.8,112.5
kerala,2019-12-01,24.11,62.62
kerala,2020-01-01,25.32,6.2
kerala,2020-02-01,27.12,7.25
kerala,2020-03-01,28.67,24.18
kerala,2020-04-01,29.14,51.3
kerala,2020-05-01,27.67,119.66
kerala,2020-06-01,25.24,243.29999999999998
kerala,2020-07-01,24.13,407.03000000000003
kerala,2020-08-01,24.35,388.43
kerala,2020-09-01,24.06,354.0
kerala,2020-10-01,24.31,152.21
kerala,2020-11-01,24.61,155.39999999999998
kerala,2020-12-01,23.8,62.0
kerala,2021-01-01,24.24,107.57000000000001
kerala,2021-02-01,25.49,25.48
kerala,2021-03-01,27.5,50.529999999999994
kerala,2021-04-01,27.66,67.5
kerala,2021-05-01,26.15,308.14
kerala,2021-06-01,25.02,248.39999999999998
kerala,2021-07-01,24.33,380.37
kerala,2021-08-01,24.03,261.64
kerala,2021-09-01,24.34,217.5
kerala,2021-10-01,24.67,413.23
kerala,2021-11-01,24.09,302.4
kerala,2021-12-01,23.3,32.550000000000004
kerala,2022-01-01,24.16,21.080000000000002
kerala,2022-02-01,26.11,4.2
kerala,2022-03-01,27.92,46.19
kerala,2022-04-01,27.36,138.9
kerala,2022-05-01,25.81,281.48
kerala,2022-06-01,24.71,230.1
kerala,2022-07-01,23.92,456.01000000000005
kerala,2022-08-01,23.85,475.54
kerala,2022-09-01,24.08,193.8
kerala,2022-10-01,24.29,150.35
kerala,2022-11-01,24.03,133.5
kerala,2022-12-01,23.79,119.66
ladakh,1999-01-01,-12.88,17.669999999999998
ladakh,1999-02-01,-11.51,1.68
ladakh,1999-03-01,-7.88,7.4399999999999995
ladakh,1999-04-01,-1.61,1.5
ladakh,1999-05-01,2.46,7.13
ladakh,1999-06-01,5.97,5.7
ladakh,1999-07-01,10.41,20.150000000000002
ladakh,1999-08-01,9.68,26.97
ladakh,1999-09-01,6.29,8.7
ladakh,1999-10-01,-1.87,0.31
ladakh,1999-11-01,-7.96,12.299999999999999
ladakh,1999-12-01,-10.28,0.0
ladakh,2000-01-01,-13.33,14.26
ladakh,2000-02-01,-16.53,10.149999999999999
ladakh,2000-03-01,-9.84,4.96
ladakh,2000-04-01,-2.13,4.2
ladakh,2000-05-01,4.42,18.29
ladakh,2000-06-01,7.15,9.9
ladakh,2000-07-01,10.87,35.65
ladakh,2000-08-01,9.44,11.78
ladakh,2000-09-01,4.37,9.3
ladakh,2000-10-01,-1.04,0.0
ladakh,2000-11-01,-7.27,3.5999999999999996
ladakh,2000-12-01,-11.36,3.7199999999999998
ladakh,2001-01-01,-14.27,5.58
ladakh,2001-02-01,-12.77,7.28
ladakh,2001-03-01,-7.68,6.82
ladakh,2001-04-01,-2.16,9.6
ladakh,2001-05-01,3.38,12.4
ladakh,2001-06-01,8.14,22.2
ladakh,2001-07-01,11.18,34.410000000000004
ladakh,2001-08-01,9.73,15.19
ladakh,2001-09-01,3.11,3.9000000000000004
ladakh,2001-10-01,-1.36,4.03
ladakh,2001-11-01,-7.22,9.6
ladakh,2001-12-01,-11.25,4.6499999999999995
ladakh,2002-01-01,-13.24,5.58
ladakh,2002-02-01,-12.71,12.6
ladakh,2002-03-01,-6.9,16.12
ladakh,2002-04-01,-1.97,13.2
ladakh,2002-05-01,2.09,5.58
ladakh,2002-06-01,6.37,17.4
ladakh,2002-07-01,8.65,9.299999999999999
ladakh,2002-08-01,10.48,46.81
ladakh,2002-09-01,3.09,18.9
ladakh,2002-10-01,-1.66,3.1
ladakh,2002-11-01,-6.82,0.0
ladakh,2002-12-01,-11.92,3.1
ladakh,2003-01-01,-12.61,7.13
ladakh,2003-02-01,-14.27,45.64
ladakh,2003-03-01,-13.01,25.110000000000003
ladakh,2003-04-01,-2.39,21.599999999999998
ladakh,2003-05-01,-0.77,15.81
ladakh,2003-06-01,5.97,5.3999999999999995
ladakh,2003-07-01,10.19,31.31
ladakh,2003-08-01,9.32,22.32
ladakh,2003-09-01,5.23,21.599999999999998
ladakh,2003-10-01,-1.93,0.9299999999999999
ladakh,2003-11-01,-8.15,6.6
ladakh,2003-12-01,-14.29,22.94
ladakh,2004-01-01,-16.02,17.360000000000003
ladakh,2004-02-01,-15.61,8.41
ladakh,2004-03-01,-5.63,2.48
ladakh,2004-04-01,-1.32,35.4
ladakh,2004-05-01,1.28,10.23
ladakh,2004-06-01,5.92,17.099999999999998
ladakh,2004-07-01,9.33,15.19
ladakh,2004-08-01,9.11,25.419999999999998
ladakh,2004-09-01,5.01,3.5999999999999996
ladakh,2004-10-01,-3.29,22.009999999999998
ladakh,2004-11-01,-6.91,0.0
ladakh,2004-12-01,-10.61,11.47
ladakh,2005-01-01,-16.89,19.22
ladakh,2005-02-01,-15.89,26.599999999999998
ladakh,2005-03-01,-8.51,20.77
ladakh,2005-04-01,-3.6,12.299999999999999
ladakh,2005-05-01,-0.24,13.950000000000001
ladakh,2005-06-01,5.98,7.5
ladakh,2005-07-01,10.06,33.79
ladakh,2005-08-01,9.2,9.92
ladakh,2005-09-01,5.85,15.600000000000001
ladakh,2005-10-01,-2.03,4.96
ladakh,2005-11-01,-8.45,3.5999999999999996
ladakh,2005-12-01,-12.52,0.0
ladakh,2006-01-01,-16.75,31.93
ladakh,2006-02-01,-10.08,11.479999999999999
ladakh,2006-03-01,-8.05,12.09
ladakh,2006-04-01,-3.11,13.5
ladakh,2006-05-01,4.16,8.99
ladakh,2006-06-01,5.89,11.4
ladakh,2006-07-01,11.43,43.4
ladakh,2006-08-01,9.67,58.589999999999996
ladakh,2006-09-01,4.49,24.3
ladakh,2006-10-01,-1.47,13.02
ladakh,2006-11-01,-8.34,15.9
ladakh,2006-12-01,-14.01,13.950000000000001
ladakh,2007-01-01,-15.59,1.24
ladakh,2007-02-01,-12.93,21.0
ladakh,2007-03-01,-11.87,42.470000000000006
ladakh,2007-04-01,-0.29,3.0
ladakh,2007-05-01,2.29,13.33
ladakh,2007-06-01,7.31,19.2
ladakh,2007-07-01,10.49,16.43
ladakh,2007-08-01,10.25,23.25
ladakh,2007-09-01,5.72,6.6
ladakh,2007-10-01,-2.74,0.0
ladakh,2007-11-01,-6.05,3.5999999999999996
ladakh,2007-12-01,-13.32,2.1700000000000004
ladakh,2008-01-01,-17.78,21.389999999999997
ladakh,2008-02-01,-18.16,20.59
ladakh,2008-03-01,-7.36,2.48
ladakh,2008-04-01,-2.92,18.9
ladakh,2008-05-01,2.29,19.53
ladakh,2008-06-01,9.3,20.400000000000002
ladakh,2008-07-01,10.93,22.009999999999998
ladakh,2008-08-01,9.47,35.029999999999994
ladakh,2008-09-01,3.51,12.9
ladakh,2008-10-01,-1.77,12.709999999999999
ladakh,2008-11-01,-8.37,21.9
ladakh,2008-12-01,-12.62,13.950000000000001
ladakh,2009-01-01,-14.35,22.94
ladakh,2009-02-01,-15.3,19.32
ladakh,2009-03-01,-8.76,8.99
ladakh,2009-04-01,-2.81,17.4
ladakh,2009-05-01,0.95,10.85
ladakh,2009-06-01,4.41,11.4
ladakh,2009-07-01,8.74,10.540000000000001
ladakh,2009-08-01,9.6,8.99
ladakh,2009-09-01,4.1,12.6
ladakh,2009-10-01,-2.55,2.1700000000000004
ladakh,2009-11-01,-8.75,13.5
ladakh,2009-12-01,-12.61,4.340000000000001
ladakh,2010-01-01,-13.26,7.13
ladakh,2010-02-01,-13.77,21.84
ladakh,2010-03-01,-5.69,8.680000000000001
ladakh,2010-04-01,-1.72,21.9
ladakh,2010-05-01,1.38,43.089999999999996
ladakh,2010-06-01,4.25,15.3
ladakh,2010-07-01,9.47,38.75
ladakh,2010-08-01,10.7,57.35
ladakh,2010-09-01,4.79,13.5
ladakh,2010-10-01,-1.8,14.879999999999999
ladakh,2010-11-01,-6.29,0.8999999999999999
ladakh,2010-12-01,-11.82,13.33
ladakh,2011-01-01,-17.81,9.92
ladakh,2011-02-01,-15.69,21.560000000000002
ladakh,2011-03-01,-9.42,14.879999999999999
ladakh,2011-04-01,-3.42,22.2
ladakh,2011-05-01,2.95,9.92
ladakh,2011-06-01,6.94,17.4
ladakh,2011-07-01,10.1,22.32
ladakh,2011-08-01,9.99,31.93
ladakh,2011-09-01,5.68,15.600000000000001
ladakh,2011-10-01,-1.51,8.06
ladakh,2011-11-01,-6.15,6.6
ladakh,2011-12-01,-13.69,8.06
ladakh,2012-01-01,-18.97,21.389999999999997
ladakh,2012-02-01,-16.31,15.66
ladakh,2012-03-01,-10.67,9.299999999999999
ladakh,2012-04-01,-3.09,23.1
ladakh,2012-05-01,0.69,10.23
ladakh,2012-06-01,5.1,7.800000000000001
ladakh,2012-07-01,10.6,9.92
ladakh,2012-08-01,10.93,21.389999999999997
ladakh,2012-09-01,5.91,33.6
ladakh,2012-10-01,-2.33,2.79
ladakh,2012-11-01,-7.15,3.0
ladakh,2012-12-01,-11.59,11.78
ladakh,2013-01-01,-16.31,17.05
ladakh,2013-02-01,-14.4,32.199999999999996
ladakh,2013-03-01,-8.43,12.09
ladakh,2013-04-01,-2.67,17.099999999999998
ladakh,2013-05-01,1.82,14.879999999999999
ladakh,2013-06-01,8.03,36.3
ladakh,2013-07-01,10.79,32.86
ladakh,2013-08-01,10.48,41.54
ladakh,2013-09-01,5.48,14.7
ladakh,2013-10-01,0.35,9.61
ladakh,2013-11-01,-7.43,3.0
ladakh,2013-12-01,-11.87,8.680000000000001
ladakh,2014-01-01,-14.76,17.05
ladakh,2014-02-01,-14.64,12.04
ladakh,2014-03-01,-9.74,31.93
ladakh,2014-04-01,-3.86,23.700000000000003
ladakh,2014-05-01,1.22,15.19
ladakh,2014-06-01,6.28,9.9
ladakh,2014-07-01,11.04,28.21
ladakh,2014-08-01,9.13,24.490000000000002
ladakh,2014-09-01,4.71,59.1
ladakh,2014-10-01,-1.28,12.09
ladakh,2014-11-01,-7.43,4.5
ladakh,2014-12-01,-11.56,0.31
ladakh,2015-01-01,-12.23,3.7199999999999998
ladakh,2015-02-01,-10.86,29.96
ladakh,2015-03-01,-10.07,60.76
ladakh,2015-04-01,-2.62,34.8
ladakh,2015-05-01,1.64,12.09
ladakh,2015-06-01,4.68,43.8
ladakh,2015-07-01,10.83,61.69
ladakh,2015-08-01,9.12,43.4
ladakh,2015-09-01,3.64,18.6
ladakh,2015-10-01,-1.21,19.22
ladakh,2015-11-01,-6.01,9.0
ladakh,2015-12-01,-15.51,33.79
ladakh,2016-01-01,-17.11,14.26
ladakh,2016-02-01,-14.69,17.4
ladakh,2016-03-01,-8.73,82.77
ladakh,2016-04-01,-3.24,34.5
ladakh,2016-05-01,2.44,36.89
ladakh,2016-06-01,7.85,13.2
ladakh,2016-07-01,10.73,44.33
ladakh,2016-08-01,9.66,47.74
ladakh,2016-09-01,5.95,11.1
ladakh,2016-10-01,-0.85,0.62
ladakh,2016-11-01,-5.7,0.0
ladakh,2016-12-01,-8.38,0.9299999999999999
ladakh,2017-01-01,-16.66,107.88
ladakh,2017-02-01,-15.05,41.44
ladakh,2017-03-01,-12.02,39.68
ladakh,2017-04-01,-3.72,61.49999999999999
ladakh,2017-05-01,2.17,24.8
ladakh,2017-06-01,5.67,36.0
ladakh,2017-07-01,10.98,38.44
ladakh,2017-08-01,9.58,36.58
ladakh,2017-09-01,4.75,13.2
ladakh,2017-10-01,-0.65,0.9299999999999999
ladakh,2017-11-01,-6.68,6.6
ladakh,2017-12-01,-14.62,29.759999999999998
ladakh,2018-01-01,-15.79,3.1
ladakh,2018-02-01,-13.8,29.68
ladakh,2018-03-01,-8.86,23.25
ladakh,2018-04-01,-1.73,34.8
ladakh,2018-05-01,0.62,28.830000000000002
ladakh,2018-06-01,6.68,33.0
ladakh,2018-07-01,10.29,51.769999999999996
ladakh,2018-08-01,10.61,44.019999999999996
ladakh,2018-09-01,4.55,62.099999999999994
ladakh,2018-10-01,-3.07,5.58
ladakh,2018-11-01,-13.63,51.9
ladakh,2018-12-01,-18.41,14.26
ladakh,2019-01-01,-19.25,59.83
ladakh,2019-02-01,-17.16,76.16000000000001
ladakh,2019-03-01,-13.45,40.61
ladakh,2019-04-01,-3.04,13.2
ladakh,2019-05-01,-0.17,26.97
ladakh,2019-06-01,3.24,19.5
ladakh,2019-07-01,9.65,40.92
ladakh,2019-08-01,9.47,40.300000000000004
ladakh,2019-09-01,5.57,20.7
ladakh,2019-10-01,-1.85,14.879999999999999
ladakh,2019-11-01,-12.6,92.1
ladakh,2019-12-01,-21.74,49.910000000000004
ladakh,2020-01-01,-20.62,67.89
ladakh,2020-02-01,-17.89,5.51
ladakh,2020-03-01,-12.54,96.41
ladakh,2020-04-01,-6.46,35.099999999999994
ladakh,2020-05-01,0.09,24.490000000000002
ladakh,2020-06-01,4.4,23.700000000000003
ladakh,2020-07-01,8.07,38.75
ladakh,2020-08-01,10.01,70.37
ladakh,2020-09-01,4.61,8.100000000000001
ladakh,2020-10-01,-1.74,0.31
ladakh,2020-11-01,-11.03,62.699999999999996
ladakh,2020-12-01,-19.58,25.419999999999998
ladakh,2021-01-01,-19.8,46.19
ladakh,2021-02-01,-15.73,14.280000000000001
ladakh,2021-03-01,-11.94,39.06
ladakh,2021-04-01,-7.37,88.5
ladakh,2021-05-01,0.13,42.470000000000006
ladakh,2021-06-01,4.84,30.6
ladakh,2021-07-01,10.15,55.18
ladakh,2021-08-01,8.74,25.110000000000003
ladakh,2021-09-01,6.96,37.8
ladakh,2021-10-01,-2.94,53.63
ladakh,2021-11-01,-8.52,0.8999999999999999
ladakh,2021-12-01,-14.82,19.84
ladakh,2022-01-01,-18.47,80.28999999999999
ladakh,2022-02-01,-17.27,41.16
ladakh,2022-03-01,-9.29,6.2
ladakh,2022-04-01,-0.74,11.1
ladakh,2022-05-01,2.62,23.25
ladakh,2022-06-01,5.75,32.7
ladakh,2022-07-01,10.94,85.25
ladakh,2022-08-01,9.7,63.24
ladakh,2022-09-01,6.06,42.3
ladakh,2022-10-01,-2.11,29.45
ladakh,2022-11-01,-10.84,32.400000000000006
ladakh,2022-12-01,-12.88,7.75
lakshadweep,1999-01-01,26.79,8.680000000000001
lakshadweep,1999-02-01,27.18,7.28
lakshadweep,1999-03-01,27.89,9.299999999999999
lakshadweep,1999-04-01,28.18,26.4
lakshadweep,1999-05-01,27.71,373.86
lakshadweep,1999-06-01,28.33,178.5
lakshadweep,1999-07-01,27.59,398.65999999999997
lakshadweep,1999-08-01,27.06,98.27
lakshadweep,1999-09-01,27.23,74.4
lakshadweep,1999-10-01,26.91,229.09
lakshadweep,1999-11-01,27.28,42.9
lakshadweep,1999-12-01,27.44,25.419999999999998
lakshadweep,2000-01-01,27.06,22.32
lakshadweep,2000-02-01,26.45,9.28
lakshadweep,2000-03-01,27.12,7.75
lakshadweep,2000-04-01,28.15,32.1
lakshadweep,2000-05-01,28.78,157.79
lakshadweep,2000-06-01,28.18,282.6
lakshadweep,2000-07-01,27.8,134.54
lakshadweep,2000-08-01,27.34,245.21
lakshadweep,2000-09-01,27.25,162.3
lakshadweep,2000-10-01,27.45,111.28999999999999
lakshadweep,2000-11-01,28.02,76.5
lakshadweep,2000-12-01,27.39,12.709999999999999
lakshadweep,2001-01-01,27.04,31.62
lakshadweep,2001-02-01,26.78,19.040000000000003
lakshadweep,2001-03-01,27.81,1.55
lakshadweep,2001-04-01,28.2,94.80000000000001
lakshadweep,2001-05-01,29.16,214.21
lakshadweep,2001-06-01,28.37,285.59999999999997
lakshadweep,2001-07-01,27.59,279.0
lakshadweep,2001-08-01,27.4,104.47
lakshadweep,2001-09-01,27.07,120.6
lakshadweep,2001-10-01,27.61,114.7
lakshadweep,2001-11-01,27.78,48.300000000000004
lakshadweep,2001-12-01,27.92,15.81
lakshadweep,2002-01-01,26.84,11.16
lakshadweep,2002-02-01,27.23,27.439999999999998
lakshadweep,2002-03-01,27.88,6.51
lakshadweep,2002-04-01,28.51,33.6
lakshadweep,2002-05-01,28.74,234.35999999999999
lakshadweep,2002-06-01,28.41,366.6
lakshadweep,2002-07-01,28.31,67.58
lakshadweep,2002-08-01,27.6,129.89000000000001
lakshadweep,2002-09-01,27.56,21.0
lakshadweep,2002-10-01,27.61,205.53
lakshadweep,2002-11-01,27.75,78.89999999999999
lakshadweep,2002-12-01,28.34,32.86
lakshadweep,2003-01-01,27.65,19.53
lakshadweep,2003-02-01,27.79,2.52
lakshadweep,2003-03-01,28.33,7.4399999999999995
lakshadweep,2003-04-01,29.05,33.0
lakshadweep,2003-05-01,29.39,62.62
lakshadweep,2003-06-01,28.88,437.1
lakshadweep,2003-07-01,27.93,385.64
lakshadweep,2003-08-01,27.99,127.1
lakshadweep,2003-09-01,27.82,92.4
lakshadweep,2003-10-01,27.65,178.56
lakshadweep,2003-11-01,27.89,101.7
lakshadweep,2003-12-01,27.57,7.13
lakshadweep,2004-01-01,27.08,3.7199999999999998
lakshadweep,2004-02-01,27.24,11.889999999999999
lakshadweep,2004-03-01,28.12,2.48
lakshadweep,2004-04-01,28.92,35.4
lakshadweep,2004-05-01,28.65,325.5
lakshadweep,2004-06-01,27.86,237.89999999999998
lakshadweep,2004-07-01,27.47,258.84999999999997
lakshadweep,2004-08-01,27.42,130.82
lakshadweep,2004-09-01,27.01,158.7
lakshadweep,2004-10-01,27.42,154.69
lakshadweep,2004-11-01,27.8,88.2
lakshadweep,2004-12-01,27.72,14.879999999999999
lakshadweep,2005-01-01,27.18,13.02
lakshadweep,2005-02-01,27.34,1.9600000000000002
lakshadweep,2005-03-01,27.71,5.2700000000000005
lakshadweep,2005-04-01,28.62,76.8
lakshadweep,2005-05-01,29.37,156.54999999999998
lakshadweep,2005-06-01,28.86,296.70000000000005
lakshadweep,2005-07-01,27.85,316.82
lakshadweep,2005-08-01,28.11,104.78
lakshadweep,2005-09-01,27.39,209.70000000000002
lakshadweep,2005-10-01,27.62,153.76
lakshadweep,2005-11-01,27.3,119.10000000000001
lakshadweep,2005-12-01,27.42,37.199999999999996
lakshadweep,2006-01-01,27.47,22.94
lakshadweep,2006-02-01,27.43,0.84
lakshadweep,2006-03-01,27.82,9.299999999999999
lakshadweep,2006-04-01,28.55,16.200000000000003
lakshadweep,2006-05-01,28.97,236.84
lakshadweep,2006-06-01,28.23,293.09999999999997
lakshadweep,2006-07-01,27.97,134.23
lakshadweep,2006-08-01,27.77,145.70000000000002
lakshadweep,2006-09-01,27.31,232.20000000000002
lakshadweep,2006-10-01,27.35,69.44000000000001
lakshadweep,2006-11-01,27.6,180.9
lakshadweep,2006-12-01,28.02,35.029999999999994
lakshadweep,2007-01-01,27.32,18.29
lakshadweep,2007-02-01,26.96,4.2
lakshadweep,2007-03-01,27.95,5.89
lakshadweep,2007-04-01,28.92,44.7
lakshadweep,2007-05-01,28.95,264.12
lakshadweep,2007-06-01,28.54,498.9
lakshadweep,2007-07-01,28.1,290.46999999999997
lakshadweep,2007-08-01,27.48,271.56
lakshadweep,2007-09-01,27.37,296.09999999999997
lakshadweep,2007-10-01,27.45,153.76
lakshadweep,2007-11-01,27.72,43.5
lakshadweep,2007-12-01,27.67,75.64
lakshadweep,2008-01-01,26.94,4.340000000000001
lakshadweep,2008-02-01,26.82,11.02
lakshadweep,2008-03-01,27.35,147.25
lakshadweep,2008-04-01,28.36,40.5
lakshadweep,2008-05-01,28.6,127.72
lakshadweep,2008-06-01,28.57,367.2
lakshadweep,2008-07-01,27.82,395.56
lakshadweep,2008-08-01,27.36,249.86
lakshadweep,2008-09-01,27.38,162.89999999999998
lakshadweep,2008-10-01,27.74,225.36999999999998
lakshadweep,2008-11-01,28.1,52.2
lakshadweep,2008-12-01,27.76,91.45
lakshadweep,2009-01-01,27.34,11.16
lakshadweep,2009-02-01,27.35,0.28
lakshadweep,2009-03-01,28.14,5.58
lakshadweep,2009-04-01,28.98,41.699999999999996
lakshadweep,2009-05-01,29.14,176.07999999999998
lakshadweep,2009-06-01,28.49,310.5
lakshadweep,2009-07-01,27.9,424.08
lakshadweep,2009-08-01,27.71,197.78
lakshadweep,2009-09-01,27.67,168.0
lakshadweep,2009-10-01,28.0,61.69
lakshadweep,2009-11-01,27.97,153.3
lakshadweep,2009-12-01,27.94,93.30999999999999
lakshadweep,2010-01-01,27.64,16.12
lakshadweep,2010-02-01,27.67,1.12
lakshadweep,2010-03-01,28.51,8.99
lakshadweep,2010-04-01,29.43,65.4
lakshadweep,2010-05-01,29.94,186.93
lakshadweep,2010-06-01,29.01,468.59999999999997
lakshadweep,2010-07-01,28.03,512.74
lakshadweep,2010-08-01,27.65,265.36
lakshadweep,2010-09-01,27.5,235.5
lakshadweep,2010-10-01,27.56,156.85999999999999
lakshadweep,2010-11-01,27.14,179.1
lakshadweep,2010-12-01,27.05,33.79
lakshadweep,2011-01-01,26.94,5.58
lakshadweep,2011-02-01,27.0,5.32
lakshadweep,2011-03-01,27.94,0.9299999999999999
lakshadweep,2011-04-01,28.54,52.8
lakshadweep,2011-05-01,28.95,167.4
lakshadweep,2011-06-01,29.0,254.70000000000002
lakshadweep,2011-07-01,27.82,458.48999999999995
lakshadweep,2011-08-01,27.6,392.77
lakshadweep,2011-09-01,27.34,237.0
lakshadweep,2011-10-01,27.83,173.29
lakshadweep,2011-11-01,28.03,120.3
lakshadweep,2011-12-01,27.94,37.51
lakshadweep,2012-01-01,26.96,8.06
lakshadweep,2012-02-01,27.34,8.41
lakshadweep,2012-03-01,27.66,9.299999999999999
lakshadweep,2012-04-01,28.59,84.0
lakshadweep,2012-05-01,28.88,27.900000000000002
lakshadweep,2012-06-01,28.26,401.70000000000005
lakshadweep,2012-07-01,27.93,254.82000000000002
lakshadweep,2012-08-01,27.47,354.33
lakshadweep,2012-09-01,27.44,100.19999999999999
lakshadweep,2012-10-01,27.81,182.28
lakshadweep,2012-11-01,28.39,65.4
lakshadweep,2012-12-01,28.35,80.28999999999999
lakshadweep,2013-01-01,27.68,13.02
lakshadweep,2013-02-01,27.94,15.120000000000001
lakshadweep,2013-03-01,28.79,30.38
lakshadweep,2013-04-01,28.75,20.1
lakshadweep,2013-05-01,29.18,228.16
lakshadweep,2013-06-01,28.34,538.8000000000001
lakshadweep,2013-07-01,27.41,381.92
lakshadweep,2013-08-01,27.58,184.45000000000002
lakshadweep,2013-09-01,27.17,240.89999999999998
lakshadweep,2013-10-01,27.63,75.02
lakshadweep,2013-11-01,28.29,93.60000000000001
lakshadweep,2013-12-01,28.09,18.91
lakshadweep,2014-01-01,27.42,24.18
lakshadweep,2014-02-01,27.37,3.9200000000000004
lakshadweep,2014-03-01,28.28,13.33
lakshadweep,2014-04-01,28.98,36.6
lakshadweep,2014-05-01,29.59,114.08
lakshadweep,2014-06-01,28.89,355.5
lakshadweep,2014-07-01,28.31,266.90999999999997
lakshadweep,2014-08-01,27.43,380.68
lakshadweep,2014-09-01,27.49,137.7
lakshadweep,2014-10-01,27.75,158.72
lakshadweep,2014-11-01,28.33,67.2
lakshadweep,2014-12-01,28.06,73.78
lakshadweep,2015-01-01,27.49,1.55
lakshadweep,2015-02-01,27.79,1.4000000000000001
lakshadweep,2015-03-01,28.25,13.02
lakshadweep,2015-04-01,29.16,55.5
lakshadweep,2015-05-01,29.36,173.29
lakshadweep,2015-06-01,28.77,426.0
lakshadweep,2015-07-01,28.41,220.72
lakshadweep,2015-08-01,27.95,113.46000000000001
lakshadweep,2015-09-01,27.89,226.79999999999998
lakshadweep,2015-10-01,28.4,121.52
lakshadweep,2015-11-01,28.39,183.9
lakshadweep,2015-12-01,28.34,88.97
lakshadweep,2016-01-01,27.94,9.92
lakshadweep,2016-02-01,27.98,6.38
lakshadweep,2016-03-01,28.75,5.2700000000000005
lakshadweep,2016-04-01,29.51,12.9
lakshadweep,2016-05-01,30.11,152.21
lakshadweep,2016-06-01,28.97,611.1
lakshadweep,2016-07-01,27.99,373.86
lakshadweep,2016-08-01,28.02,140.74
lakshadweep,2016-09-01,27.54,93.0
lakshadweep,2016-10-01,27.6,26.04
lakshadweep,2016-11-01,28.28,27.0
lakshadweep,2016-12-01,27.86,36.269999999999996
lakshadweep,2017-01-01,27.49,8.99
lakshadweep,2017-02-01,27.61,6.16
lakshadweep,2017-03-01,28.08,29.139999999999997
lakshadweep,2017-04-01,28.93,11.1
lakshadweep,2017-05-01,29.57,241.49
lakshadweep,2017-06-01,28.98,433.8
lakshadweep,2017-07-01,28.44,316.2
lakshadweep,2017-08-01,28.21,249.55
lakshadweep,2017-09-01,27.62,274.8
lakshadweep,2017-10-01,28.11,152.82999999999998
lakshadweep,2017-11-01,28.38,42.599999999999994
lakshadweep,2017-12-01,27.71,150.04
lakshadweep,2018-01-01,27.18,6.51
lakshadweep,2018-02-01,27.64,9.520000000000001
lakshadweep,2018-03-01,28.37,47.12
lakshadweep,2018-04-01,29.16,48.6
lakshadweep,2018-05-01,29.19,261.33
lakshadweep,2018-06-01,28.77,375.9
lakshadweep,2018-07-01,28.13,222.27
lakshadweep,2018-08-01,27.58,186.93
lakshadweep,2018-09-01,27.67,40.800000000000004
lakshadweep,2018-10-01,28.15,189.1
lakshadweep,2018-11-01,28.53,108.0
lakshadweep,2018-12-01,28.22,39.37
lakshadweep,2019-01-01,27.5,0.9299999999999999
lakshadweep,2019-02-01,27.59,3.08
lakshadweep,2019-03-01,27.92,0.9299999999999999
lakshadweep,2019-04-01,29.25,23.1
lakshadweep,2019-05-01,29.43,52.08
lakshadweep,2019-06-01,29.19,619.5
lakshadweep,2019-07-01,28.4,501.89000000000004
lakshadweep,2019-08-01,27.97,557.38
lakshadweep,2019-09-01,28.01,184.8
lakshadweep,2019-10-01,28.06,315.58
lakshadweep,2019-11-01,28.29,42.3
lakshadweep,2019-12-01,28.49,99.51
lakshadweep,2020-01-01,27.84,2.48
lakshadweep,2020-02-01,27.93,3.19
lakshadweep,2020-03-01,28.57,7.75
lakshadweep,2020-04-01,29.72,31.8
lakshadweep,2020-05-01,29.97,196.23
lakshadweep,2020-06-01,28.95,648.9
lakshadweep,2020-07-01,27.91,719.8199999999999
lakshadweep,2020-08-01,28.04,265.98
lakshadweep,2020-09-01,27.66,381.6
lakshadweep,2020-10-01,27.88,86.8
lakshadweep,2020-11-01,28.52,96.3
lakshadweep,2020-12-01,28.41,91.76
lakshadweep,2021-01-01,27.84,82.14999999999999
lakshadweep,2021-02-01,28.06,2.24
lakshadweep,2021-03-01,28.96,22.009999999999998
lakshadweep,2021-04-01,29.47,36.6
lakshadweep,2021-05-01,29.39,309.69
lakshadweep,2021-06-01,28.88,185.70000000000002
lakshadweep,2021-07-01,28.44,293.88
lakshadweep,2021-08-01,27.79,320.23
lakshadweep,2021-09-01,28.01,130.2
lakshadweep,2021-10-01,27.78,221.96
lakshadweep,2021-11-01,27.73,213.6
lakshadweep,2021-12-01,28.07,15.5
lakshadweep,2022-01-01,27.46,8.680000000000001
lakshadweep,2022-02-01,27.41,4.48
lakshadweep,2022-03-01,28.65,11.78
lakshadweep,2022-04-01,29.18,92.4
lakshadweep,2022-05-01,29.1,270.63
lakshadweep,2022-06-01,28.19,336.0
lakshadweep,2022-07-01,27.7,404.55
lakshadweep,2022-08-01,27.34,340.07
lakshadweep,2022-09-01,27.31,110.4
lakshadweep,2022-10-01,27.79,92.07000000000001
lakshadweep,2022-11-01,27.99,79.5
lakshadweep,2022-12-01,28.16,76.57000000000001
madhya_pradesh,1999-01-01,17.87,2.48
madhya_pradesh,1999-02-01,22.44,38.919999999999995
madhya_pradesh,1999-03-01,27.57,0.0
madhya_pradesh,1999-04-01,33.25,0.0
madhya_pradesh,1999-05-01,35.99,12.09
madhya_pradesh,1999-06-01,31.19,114.0
madhya_pradesh,1999-07-01,27.55,478.33
madhya_pradesh,1999-08-01,26.03,258.23
madhya_pradesh,1999-09-01,25.42,268.8
madhya_pradesh,1999-10-01,23.01,70.05999999999999
madhya_pradesh,1999-11-01,20.0,0.0
madhya_pradesh,1999-12-01,16.86,0.0
madhya_pradesh,2000-01-01,18.7,0.0
madhya_pradesh,2000-02-01,20.23,4.35
madhya_pradesh,2000-03-01,25.24,0.0
madhya_pradesh,2000-04-01,33.3,0.3
madhya_pradesh,2000-05-01,34.02,51.15
madhya_pradesh,2000-06-01,31.54,99.0
madhya_pradesh,2000-07-01,26.96,510.56999999999994
madhya_pradesh,2000-08-01,26.55,249.86
madhya_pradesh,2000-09-01,25.86,68.1
madhya_pradesh,2000-10-01,25.94,2.1700000000000004
madhya_pradesh,2000-11-01,23.26,0.0
madhya_pradesh,2000-12-01,19.53,1.55
madhya_pradesh,2001-01-01,18.75,3.41
madhya_pradesh,2001-02-01,22.53,1.9600000000000002
madhya_pradesh,2001-03-01,27.69,5.89
madhya_pradesh,2001-04-01,31.86,8.7
madhya_pradesh,2001-05-01,35.11,61.38
madhya_pradesh,2001-06-01,28.21,307.2
madhya_pradesh,2001-07-01,25.87,398.34999999999997
madhya_pradesh,2001-08-01,26.25,228.78
madhya_pradesh,2001-09-01,26.81,36.9
madhya_pradesh,2001-10-01,24.66,74.39999999999999
madhya_pradesh,2001-11-01,21.59,0.3
madhya_pradesh,2001-12-01,19.85,0.0
madhya_pradesh,2002-01-01,18.45,0.9299999999999999
madhya_pradesh,2002-02-01,21.76,22.400000000000002
madhya_pradesh,2002-03-01,27.29,8.99
madhya_pradesh,2002-04-01,32.26,10.799999999999999
madhya_pradesh,2002-05-01,36.6,22.009999999999998
madhya_pradesh,2002-06-01,33.3,123.89999999999999
madhya_pradesh,2002-07-01,29.98,66.96000000000001
madhya_pradesh,2002-08-01,26.52,627.75
madhya_pradesh,2002-09-01,25.23,127.5
madhya_pradesh,2002-10-01,24.72,12.4
madhya_pradesh,2002-11-01,22.1,8.100000000000001
madhya_pradesh,2002-12-01,21.08,1.55
madhya_pradesh,2003-01-01,18.76,3.7199999999999998
madhya_pradesh,2003-02-01,21.45,43.96
madhya_pradesh,2003-03-01,26.76,7.13
madhya_pradesh,2003-04-01,33.03,3.5999999999999996
madhya_pradesh,2003-05-01,35.48,0.0
madhya_pradesh,2003-06-01,33.09,222.0
madhya_pradesh,2003-07-01,27.21,447.33
madhya_pradesh,2003-08-01,25.94,350.3
madhya_pradesh,2003-09-01,25.37,354.9
madhya_pradesh,2003-10-01,22.83,25.419999999999998
madhya_pradesh,2003-11-01,21.5,1.2
madhya_pradesh,2003-12-01,18.45,3.1
madhya_pradesh,2004-01-01,17.57,51.46
madhya_pradesh,2004-02-01,20.76,0.0
madhya_pradesh,2004-03-01,28.91,0.31
madhya_pradesh,2004-04-01,33.25,1.7999999999999998
madhya_pradesh,2004-05-01,35.86,5.2700000000000005
madhya_pradesh,2004-06-01,32.43,101.10000000000001
madhya_pradesh,2004-07-01,28.19,320.23
madhya_pradesh,2004-08-01,25.88,452.29
madhya_pradesh,2004-09-01,26.72,48.9
madhya_pradesh,2004-10-01,23.64,24.490000000000002
madhya_pradesh,2004-11-01,22.14,7.800000000000001
madhya_pradesh,2004-12-01,19.49,0.62
madhya_pradesh,2005-01-01,18.58,39.37
madhya_pradesh,2005-02-01,21.62,0.84
madhya_pradesh,2005-03-01,27.26,18.91
madhya_pradesh,2005-04-01,30.85,1.7999999999999998
madhya_pradesh,2005-05-01,35.3,2.1700000000000004
madhya_pradesh,2005-06-01,35.1,96.9
madhya_pradesh,2005-07-01,26.67,788.33
madhya_pradesh,2005-08-01,26.24,182.59
madhya_pradesh,2005-09-01,26.25,304.20000000000005
madhya_pradesh,2005-10-01,23.37,14.569999999999999
madhya_pradesh,2005-11-01,20.55,0.0
madhya_pradesh,2005-12-01,18.45,1.24
madhya_pradesh,2006-01-01,19.63,0.0
madhya_pradesh,2006-02-01,25.27,0.28
madhya_pradesh,2006-03-01,24.76,84.32000000000001
madhya_pradesh,2006-04-01,31.96,11.4
madhya_pradesh,2006-05-01,34.92,71.3
madhya_pradesh,2006-06-01,33.14,97.8
madhya_pradesh,2006-07-01,26.95,448.88
madhya_pradesh,2006-08-01,25.56,874.1999999999999
madhya_pradesh,2006-09-01,26.12,209.1
madhya_pradesh,2006-10-01,24.7,17.669999999999998
madhya_pradesh,2006-11-01,21.78,7.5
madhya_pradesh,2006-12-01,20.01,0.9299999999999999
madhya_pradesh,2007-01-01,19.76,0.31
madhya_pradesh,2007-02-01,22.37,33.6
madhya_pradesh,2007-03-01,26.13,8.99
madhya_pradesh,2007-04-01,33.24,2.1
madhya_pradesh,2007-05-01,35.62,13.02
madhya_pradesh,2007-06-01,32.78,126.6
madhya_pradesh,2007-07-01,27.07,450.12
madhya_pradesh,2007-08-01,26.29,264.73999999999995
madhya_pradesh,2007-09-01,26.1,250.2
madhya_pradesh,2007-10-01,23.04,0.9299999999999999
madhya_pradesh,2007-11-01,21.16,3.0
madhya_pradesh,2007-12-01,19.64,1.8599999999999999
madhya_pradesh,2008-01-01,18.99,0.31
madhya_pradesh,2008-02-01,19.95,1.4500000000000002
madhya_pradesh,2008-03-01,28.59,10.540000000000001
madhya_pradesh,2008-04-01,32.04,2.4
madhya_pradesh,2008-05-01,34.84,15.81
madhya_pradesh,2008-06-01,29.37,256.5
madhya_pradesh,2008-07-01,26.68,305.65999999999997
madhya_pradesh,2008-08-01,26.15,252.96
madhya_pradesh,2008-09-01,25.93,163.5
madhya_pradesh,2008-10-01,24.46,12.09
madhya_pradesh,2008-11-01,21.27,6.6
madhya_pradesh,2008-12-01,20.63,0.0
madhya_pradesh,2009-01-01,20.23,30.07
madhya_pradesh,2009-02-01,23.27,0.0
madhya_pradesh,2009-03-01,27.85,1.55
madhya_pradesh,2009-04-01,31.95,2.6999999999999997
madhya_pradesh,2009-05-01,36.54,6.51
madhya_pradesh,2009-06-01,34.03,117.9
madhya_pradesh,2009-07-01,27.53,515.53
madhya_pradesh,2009-08-01,26.77,178.25
madhya_pradesh,2009-09-01,26.16,205.2
madhya_pradesh,2009-10-01,23.87,110.05
madhya_pradesh,2009-11-01,20.16,84.0
madhya_pradesh,2009-12-01,19.24,26.04
madhya_pradesh,2010-01-01,16.9,11.78
madhya_pradesh,2010-02-01,22.43,7.0
madhya_pradesh,2010-03-01,29.13,3.7199999999999998
madhya_pradesh,2010-04-01,33.47,0.0
madhya_pradesh,2010-05-01,36.5,0.62
madhya_pradesh,2010-06-01,34.06,109.2
madhya_pradesh,2010-07-01,27.72,345.34000000000003
madhya_pradesh,2010-08-01,26.7,331.08
madhya_pradesh,2010-09-01,25.84,211.79999999999998
madhya_pradesh,2010-10-01,24.58,51.769999999999996
madhya_pradesh,2010-11-01,22.24,76.5
madhya_pradesh,2010-12-01,17.18,4.03
madhya_pradesh,2011-01-01,16.58,0.0
madhya_pradesh,2011-02-01,22.09,5.32
madhya_pradesh,2011-03-01,27.31,0.31
madhya_pradesh,2011-04-01,31.71,7.199999999999999
madhya_pradesh,2011-05-01,36.14,14.26
madhya_pradesh,2011-06-01,31.32,321.6
madhya_pradesh,2011-07-01,26.81,474.61
madhya_pradesh,2011-08-01,26.28,437.09999999999997
madhya_pradesh,2011-09-01,25.45,264.9
madhya_pradesh,2011-10-01,23.87,0.62
madhya_pradesh,2011-11-01,21.63,0.0
madhya_pradesh,2011-12-01,19.21,5.2700000000000005
madhya_pradesh,2012-01-01,17.73,8.680000000000001
madhya_pradesh,2012-02-01,21.31,0.0
madhya_pradesh,2012-03-01,26.25,0.62
madhya_pradesh,2012-04-01,32.55,2.4
madhya_pradesh,2012-05-01,35.51,4.96
madhya_pradesh,2012-06-01,32.51,110.1
madhya_pradesh,2012-07-01,27.21,492.59000000000003
madhya_pradesh,2012-08-01,26.03,570.09
madhya_pradesh,2012-09-01,26.05,130.2
madhya_pradesh,2012-10-01,24.09,6.2
madhya_pradesh,2012-11-01,20.43,2.4
madhya_pradesh,2012-12-01,19.37,1.8599999999999999
madhya_pradesh,2013-01-01,17.72,1.8599999999999999
madhya_pradesh,2013-02-01,21.68,35.0
madhya_pradesh,2013-03-01,26.33,23.87
madhya_pradesh,2013-04-01,31.47,33.0
madhya_pradesh,2013-05-01,36.42,0.0
madhya_pradesh,2013-06-01,29.54,497.4
madhya_pradesh,2013-07-01,26.76,560.79
madhya_pradesh,2013-08-01,25.93,497.85999999999996
madhya_pradesh,2013-09-01,26.41,73.2
madhya_pradesh,2013-10-01,24.42,73.47
madhya_pradesh,2013-11-01,20.17,0.3
madhya_pradesh,2013-12-01,18.86,1.24
madhya_pradesh,2014-01-01,18.45,41.230000000000004
madhya_pradesh,2014-02-01,20.25,49.56
madhya_pradesh,2014-03-01,25.13,12.709999999999999
madhya_pradesh,2014-04-01,32.23,5.3999999999999995
madhya_pradesh,2014-05-01,35.69,8.370000000000001
madhya_pradesh,2014-06-01,35.23,62.099999999999994
madhya_pradesh,2014-07-01,29.07,474.61
madhya_pradesh,2014-08-01,26.23,215.76
madhya_pradesh,2014-09-01,25.75,169.5
madhya_pradesh,2014-10-01,24.56,23.87
madhya_pradesh,2014-11-01,22.38,0.3
madhya_pradesh,2014-12-01,17.15,18.91
madhya_pradesh,2015-01-01,16.01,54.25
madhya_pradesh,2015-02-01,21.8,12.6
madhya_pradesh,2015-03-01,24.37,55.49
madhya_pradesh,2015-04-01,31.04,12.0
madhya_pradesh,2015-05-01,36.36,10.85
madhya_pradesh,2015-06-01,32.11,193.5
madhya_pradesh,2015-07-01,27.13,494.14
madhya_pradesh,2015-08-01,26.21,380.68
madhya_pradesh,2015-09-01,25.93,73.2
madhya_pradesh,2015-10-01,26.01,17.360000000000003
madhya_pradesh,2015-11-01,23.83,0.0
madhya_pradesh,2015-12-01,19.75,0.0
madhya_pradesh,2016-01-01,19.53,13.33
madhya_pradesh,2016-02-01,23.5,0.87
madhya_pradesh,2016-03-01,28.48,8.680000000000001
madhya_pradesh,2016-04-01,33.65,0.3
madhya_pradesh,2016-05-01,36.37,15.19
madhya_pradesh,2016-06-01,34.0,135.9
madhya_pradesh,2016-07-01,26.57,789.88
madhya_pradesh,2016-08-01,25.53,454.46
madhya_pradesh,2016-09-01,25.9,85.5
madhya_pradesh,2016-10-01,23.73,21.389999999999997
madhya_pradesh,2016-11-01,20.42,0.0
madhya_pradesh,2016-12-01,18.27,0.0
madhya_pradesh,2017-01-01,19.01,2.48
madhya_pradesh,2017-02-01,22.86,8.12
madhya_pradesh,2017-03-01,27.42,1.55
madhya_pradesh,2017-04-01,32.99,0.0
madhya_pradesh,2017-05-01,37.01,11.78
madhya_pradesh,2017-06-01,32.6,147.0
madhya_pradesh,2017-07-01,27.04,356.5
madhya_pradesh,2017-08-01,26.6,169.57
madhya_pradesh,2017-09-01,26.54,186.0
madhya_pradesh,2017-10-01,25.16,17.669999999999998
madhya_pradesh,2017-11-01,21.59,0.0
madhya_pradesh,2017-12-01,19.81,0.0
madhya_pradesh,2018-01-01,19.31,0.0
madhya_pradesh,2018-02-01,23.48,16.24
madhya_pradesh,2018-03-01,28.4,1.24
madhya_pradesh,2018-04-01,32.98,5.1000000000000005
madhya_pradesh,2018-05-01,37.05,4.03
madhya_pradesh,2018-06-01,32.35,137.7
madhya_pradesh,2018-07-01,27.15,448.57
madhya_pradesh,2018-08-01,25.88,276.21
madhya_pradesh,2018-09-01,25.21,139.5
madhya_pradesh,2018-10-01,25.0,0.62
madhya_pradesh,2018-11-01,22.34,0.3
madhya_pradesh,2018-12-01,17.8,0.62
madhya_pradesh,2019-01-01,17.6,3.41
madhya_pradesh,2019-02-01,21.76,3.08
madhya_pradesh,2019-03-01,26.22,14.26
madhya_pradesh,2019-04-01,32.82,12.299999999999999
madhya_pradesh,2019-05-01,35.85,2.1700000000000004
madhya_pradesh,2019-06-01,36.08,134.4
madhya_pradesh,2019-07-01,27.86,385.02
madhya_pradesh,2019-08-01,26.15,659.99
madhya_pradesh,2019-09-01,25.98,548.1
madhya_pradesh,2019-10-01,23.42,48.36
madhya_pradesh,2019-11-01,20.77,2.4
madhya_pradesh,2019-12-01,16.79,17.05
madhya_pradesh,2020-01-01,16.3,17.669999999999998
madhya_pradesh,2020-02-01,19.98,1.74
madhya_pradesh,2020-03-01,25.82,15.81
madhya_pradesh,2020-04-01,32.1,3.5999999999999996
madhya_pradesh,2020-05-01,35.48,14.569999999999999
madhya_pradesh,2020-06-01,29.51,228.9
madhya_pradesh,2020-07-01,28.05,137.95000000000002
madhya_pradesh,2020-08-01,26.68,705.87
madhya_pradesh,2020-09-01,26.77,141.0
madhya_pradesh,2020-10-01,24.64,15.19
madhya_pradesh,2020-11-01,20.55,3.3
madhya_pradesh,2020-12-01,18.58,7.13
madhya_pradesh,2021-01-01,20.01,2.48
madhya_pradesh,2021-02-01,22.81,3.36
madhya_pradesh,2021-03-01,28.04,19.22
madhya_pradesh,2021-04-01,32.14,0.8999999999999999
madhya_pradesh,2021-05-01,33.49,49.910000000000004
madhya_pradesh,2021-06-01,29.62,249.00000000000003
madhya_pradesh,2021-07-01,28.1,262.57
madhya_pradesh,2021-08-01,26.5,209.56
madhya_pradesh,2021-09-01,26.48,405.59999999999997
madhya_pradesh,2021-10-01,24.13,37.51
madhya_pradesh,2021-11-01,20.02,4.2
madhya_pradesh,2021-12-01,17.54,11.47
madhya_pradesh,2022-01-01,16.29,34.1
madhya_pradesh,2022-02-01,20.75,2.8000000000000003
madhya_pradesh,2022-03-01,28.73,1.24
madhya_pradesh,2022-04-01,34.25,0.3
madhya_pradesh,2022-05-01,36.25,6.2
madhya_pradesh,2022-06-01,32.82,163.8
madhya_pradesh,2022-07-01,27.29,526.0699999999999
madhya_pradesh,2022-08-01,26.16,609.46
madhya_pradesh,2022-09-01,26.03,269.40000000000003
madhya_pradesh,2022-10-01,22.9,113.46000000000001
madhya_pradesh,2022-11-01,18.97,0.0
madhya_pradesh,2022-12-01,18.08,5.58
maharashtra,1999-01-01,18.76,0.0
maharashtra,1999-02-01,25.12,10.36
maharashtra,1999-03-01,28.66,0.0
maharashtra,1999-04-01,32.12,0.0
maharashtra,1999-05-01,31.25,41.54
maharashtra,1999-06-01,27.52,184.5
maharashtra,1999-07-01,25.75,101.67999999999999
maharashtra,1999-08-01,25.24,82.14999999999999
maharashtra,1999-09-01,24.99,156.9
maharashtra,1999-10-01,23.22,78.74
maharashtra,1999-11-01,21.29,0.0
maharashtra,1999-12-01,19.81,0.0
maharashtra,2000-01-01,21.47,0.0
maharashtra,2000-02-01,22.32,5.51
maharashtra,2000-03-01,26.14,0.0
maharashtra,2000-04-01,32.15,0.8999999999999999
maharashtra,2000-05-01,30.86,148.18
maharashtra,2000-06-01,27.22,99.0
maharashtra,2000-07-01,25.58,120.59
maharashtra,2000-08-01,25.35,296.36
maharashtra,2000-09-01,24.99,68.1
maharashtra,2000-10-01,25.46,12.709999999999999
maharashtra,2000-11-01,23.87,0.8999999999999999
maharashtra,2000-12-01,21.41,10.85
maharashtra,2001-01-01,21.78,0.9299999999999999
maharashtra,2001-02-01,24.33,0.0
maharashtra,2001-03-01,27.43,3.41
maharashtra,2001-04-01,31.73,1.5
maharashtra,2001-05-01,32.94,5.89
maharashtra,2001-06-01,27.22,120.0
maharashtra,2001-07-01,26.28,45.57
maharashtra,2001-08-01,24.56,218.24
maharashtra,2001-09-01,25.74,108.0
maharashtra,2001-10-01,23.27,130.82
maharashtra,2001-11-01,21.74,1.5
maharashtra,2001-12-01,21.05,0.0
maharashtra,2002-01-01,20.24,0.62
maharashtra,2002-02-01,24.98,2.24
maharashtra,2002-03-01,28.19,2.1700000000000004
maharashtra,2002-04-01,31.53,18.6
maharashtra,2002-05-01,33.61,2.1700000000000004
maharashtra,2002-06-01,28.88,208.20000000000002
maharashtra,2002-07-01,26.46,51.769999999999996
maharashtra,2002-08-01,24.51,212.97
maharashtra,2002-09-01,24.62,96.60000000000001
maharashtra,2002-10-01,25.41,17.669999999999998
maharashtra,2002-11-01,24.02,0.8999999999999999
maharashtra,2002-12-01,22.61,0.0
maharashtra,2003-01-01,22.55,0.62
maharashtra,2003-02-01,24.71,16.52
maharashtra,2003-03-01,27.82,1.8599999999999999
maharashtra,2003-04-01,31.97,8.7
maharashtra,2003-05-01,32.91,0.0
maharashtra,2003-06-01,28.78,197.4
maharashtra,2003-07-01,25.79,193.75
maharashtra,2003-08-01,24.99,114.39
maharashtra,2003-09-01,24.81,61.49999999999999
maharashtra,2003-10-01,24.43,14.879999999999999
maharashtra,2003-11-01,24.06,0.0
maharashtra,2003-12-01,21.56,3.7199999999999998
maharashtra,2004-01-01,21.53,8.06
maharashtra,2004-02-01,23.84,0.29
maharashtra,2004-03-01,29.32,0.31
maharashtra,2004-04-01,31.64,0.3
maharashtra,2004-05-01,31.8,36.58
maharashtra,2004-06-01,29.16,68.7
maharashtra,2004-07-01,26.41,162.13000000000002
maharashtra,2004-08-01,24.73,107.88
maharashtra,2004-09-01,25.12,245.7
maharashtra,2004-10-01,22.53,56.11
maharashtra,2004-11-01,22.02,8.7
maharashtra,2004-12-01,20.72,0.0
maharashtra,2005-01-01,21.32,8.06
maharashtra,2005-02-01,24.1,0.28
maharashtra,2005-03-01,27.68,8.370000000000001
maharashtra,2005-04-01,30.56,3.9000000000000004
maharashtra,2005-05-01,32.48,12.4
maharashtra,2005-06-01,29.77,126.6
maharashtra,2005-07-01,25.31,370.76000000000005
maharashtra,2005-08-01,24.73,137.64000000000001
maharashtra,2005-09-01,24.72,285.59999999999997
maharashtra,2005-10-01,22.77,89.59
maharashtra,2005-11-01,19.25,0.0
maharashtra,2005-12-01,18.61,0.0
maharashtra,2006-01-01,20.62,0.0
maharashtra,2006-02-01,25.41,0.0
maharashtra,2006-03-01,26.61,32.24
maharashtra,2006-04-01,31.28,0.3
maharashtra,2006-05-01,32.68,97.34
maharashtra,2006-06-01,27.87,154.2
maharashtra,2006-07-01,25.3,201.81
maharashtra,2006-08-01,24.1,332.32
maharashtra,2006-09-01,24.84,281.40000000000003
maharashtra,2006-10-01,23.6,71.61
maharashtra,2006-11-01,20.96,51.6
maharashtra,2006-12-01,19.86,0.31
maharashtra,2007-01-01,20.95,0.0
maharashtra,2007-02-01,24.02,0.28
maharashtra,2007-03-01,27.78,0.0
maharashtra,2007-04-01,31.74,15.3
maharashtra,2007-05-01,32.99,2.48
maharashtra,2007-06-01,28.04,185.1
maharashtra,2007-07-01,26.02,203.98
maharashtra,2007-08-01,24.94,228.16
maharashtra,2007-09-01,24.98,185.39999999999998
maharashtra,2007-10-01,21.92,3.7199999999999998
maharashtra,2007-11-01,21.25,4.5
maharashtra,2007-12-01,21.26,0.0
maharashtra,2008-01-01,20.85,1.24
maharashtra,2008-02-01,22.68,0.0
maharashtra,2008-03-01,28.22,25.419999999999998
maharashtra,2008-04-01,31.47,1.7999999999999998
maharashtra,2008-05-01,32.1,0.0
maharashtra,2008-06-01,28.31,51.0
maharashtra,2008-07-01,26.83,76.26
maharashtra,2008-08-01,25.48,149.73
maharashtra,2008-09-01,24.46,298.2
maharashtra,2008-10-01,23.29,18.599999999999998
maharashtra,2008-11-01,22.26,4.8
maharashtra,2008-12-01,22.15,3.1
maharashtra,2009-01-01,23.17,0.0
maharashtra,2009-02-01,25.43,0.0
maharashtra,2009-03-01,28.65,4.03
maharashtra,2009-04-01,31.83,3.3
maharashtra,2009-05-01,32.4,29.759999999999998
maharashtra,2009-06-01,30.33,45.6
maharashtra,2009-07-01,25.9,201.5
maharashtra,2009-08-01,25.91,159.03
maharashtra,2009-09-01,25.18,169.8
maharashtra,2009-10-01,23.55,50.529999999999994
maharashtra,2009-11-01,21.25,124.50000000000001
maharashtra,2009-12-01,20.06,2.48
maharashtra,2010-01-01,20.18,5.89
maharashtra,2010-02-01,25.31,1.12
maharashtra,2010-03-01,29.36,9.61
maharashtra,2010-04-01,32.35,0.3
maharashtra,2010-05-01,33.72,8.680000000000001
maharashtra,2010-06-01,28.86,150.0
maharashtra,2010-07-01,25.59,284.58
maharashtra,2010-08-01,24.91,221.65
maharashtra,2010-09-01,24.6,97.8
maharashtra,2010-10-01,23.71,76.57000000000001
maharashtra,2010-11-01,22.8,90.6
maharashtra,2010-12-01,18.61,0.0
maharashtra,2011-01-01,19.23,0.0
maharashtra,2011-02-01,23.55,3.64
maharashtra,2011-03-01,28.02,4.03
maharashtra,2011-04-01,31.46,9.6
maharashtra,2011-05-01,32.56,11.78
maharashtra,2011-06-01,28.23,97.5
maharashtra,2011-07-01,25.97,240.86999999999998
maharashtra,2011-08-01,25.15,212.97
maharashtra,2011-09-01,24.35,98.1
maharashtra,2011-10-01,23.3,62.0
maharashtra,2011-11-01,21.94,0.0
maharashtra,2011-12-01,21.45,0.0
maharashtra,2012-01-01,20.6,1.24
maharashtra,2012-02-01,23.76,0.0
maharashtra,2012-03-01,26.99,0.0
maharashtra,2012-04-01,31.56,5.7
maharashtra,2012-05-01,32.37,12.09
maharashtra,2012-06-01,29.17,138.9
maharashtra,2012-07-01,25.62,165.54
maharashtra,2012-08-01,25.5,110.98
maharashtra,2012-09-01,24.82,113.1
maharashtra,2012-10-01,24.22,65.10000000000001
maharashtra,2012-11-01,22.68,0.8999999999999999
maharashtra,2012-12-01,22.63,0.62
maharashtra,2013-01-01,22.2,3.41
maharashtra,2013-02-01,25.06,7.840000000000001
maharashtra,2013-03-01,27.94,0.31
maharashtra,2013-04-01,31.3,1.2
maharashtra,2013-05-01,33.39,2.79
maharashtra,2013-06-01,26.84,190.8
maharashtra,2013-07-01,24.59,232.5
maharashtra,2013-08-01,24.47,76.26
maharashtra,2013-09-01,24.69,182.7
maharashtra,2013-10-01,23.56,86.49
maharashtra,2013-11-01,20.46,51.6
maharashtra,2013-12-01,18.86,33.79
maharashtra,2014-01-01,20.24,7.13
maharashtra,2014-02-01,22.51,13.719999999999999
maharashtra,2014-03-01,25.81,55.18
maharashtra,2014-04-01,31.18,13.5
maharashtra,2014-05-01,33.09,13.950000000000001
maharashtra,2014-06-01,31.49,51.0
maharashtra,2014-07-01,26.78,189.41
maharashtra,2014-08-01,25.53,179.79999999999998
maharashtra,2014-09-01,24.51,88.8
maharashtra,2014-10-01,24.57,21.080000000000002
maharashtra,2014-11-01,22.8,36.9
maharashtra,2014-12-01,19.71,15.19
maharashtra,2015-01-01,19.87,17.05
maharashtra,2015-02-01,23.95,12.04
maharashtra,2015-03-01,25.73,58.589999999999996
maharashtra,2015-04-01,29.73,32.1
maharashtra,2015-05-01,33.06,15.19
maharashtra,2015-06-01,28.37,222.3
maharashtra,2015-07-01,26.89,40.300000000000004
maharashtra,2015-08-01,26.01,135.16
maharashtra,2015-09-01,25.38,237.89999999999998
maharashtra,2015-10-01,25.95,26.66
maharashtra,2015-11-01,24.77,4.5
maharashtra,2015-12-01,22.84,0.0
maharashtra,2016-01-01,21.61,0.0
maharashtra,2016-02-01,25.47,2.9000000000000004
maharashtra,2016-03-01,28.64,19.84
maharashtra,2016-04-01,32.47,0.6
maharashtra,2016-05-01,33.25,14.26
maharashtra,2016-06-01,30.13,118.5
maharashtra,2016-07-01,25.41,284.89
maharashtra,2016-08-01,24.94,108.80999999999999
maharashtra,2016-09-01,24.52,201.9
maharashtra,2016-10-01,22.57,54.25
maharashtra,2016-11-01,19.78,0.0
maharashtra,2016-12-01,19.99,0.0
maharashtra,2017-01-01,20.8,0.0
maharashtra,2017-02-01,24.9,0.0
maharashtra,2017-03-01,27.73,2.1700000000000004
maharashtra,2017-04-01,31.47,0.0
maharashtra,2017-05-01,33.75,3.1
maharashtra,2017-06-01,28.42,175.2
maharashtra,2017-07-01,26.25,132.99
maharashtra,2017-08-01,25.7,203.04999999999998
maharashtra,2017-09-01,25.18,259.5
maharashtra,2017-10-01,23.85,73.78
maharashtra,2017-11-01,20.36,1.5
maharashtra,2017-12-01,20.17,0.31
maharashtra,2018-01-01,21.07,0.0
maharashtra,2018-02-01,24.75,1.68
maharashtra,2018-03-01,28.85,1.55
maharashtra,2018-04-01,31.87,2.6999999999999997
maharashtra,2018-05-01,33.9,0.31
maharashtra,2018-06-01,29.23,134.4
maharashtra,2018-07-01,25.54,140.74
maharashtra,2018-08-01,25.11,216.38000000000002
maharashtra,2018-09-01,24.99,45.0
maharashtra,2018-10-01,26.03,2.1700000000000004
maharashtra,2018-11-01,24.04,12.0
maharashtra,2018-12-01,19.97,0.0
maharashtra,2019-01-01,19.54,0.0
maharashtra,2019-02-01,23.45,0.28
maharashtra,2019-03-01,27.54,0.0
maharashtra,2019-04-01,32.16,3.9000000000000004
maharashtra,2019-05-01,33.01,0.0
maharashtra,2019-06-01,31.39,101.39999999999999
maharashtra,2019-07-01,26.27,197.78
maharashtra,2019-08-01,25.17,153.14000000000001
maharashtra,2019-09-01,24.94,217.79999999999998
maharashtra,2019-10-01,23.47,144.46
maharashtra,2019-11-01,21.07,27.3
maharashtra,2019-12-01,19.59,4.6499999999999995
maharashtra,2020-01-01,19.18,0.9299999999999999
maharashtra,2020-02-01,23.1,0.58
maharashtra,2020-03-01,26.7,32.550000000000004
maharashtra,2020-04-01,31.57,0.6
maharashtra,2020-05-01,33.67,12.709999999999999
maharashtra,2020-06-01,27.27,270.59999999999997
maharashtra,2020-07-01,26.04,272.18
maharashtra,2020-08-01,24.91,208.32
maharashtra,2020-09-01,25.12,266.09999999999997
maharashtra,2020-10-01,24.03,134.54
maharashtra,2020-11-01,20.68,3.9000000000000004
maharashtra,2020-12-01,19.01,1.55
maharashtra,2021-01-01,21.64,7.13
maharashtra,2021-02-01,23.2,3.08
maharashtra,2021-03-01,28.72,7.4399999999999995
maharashtra,2021-04-01,31.37,3.5999999999999996
maharashtra,2021-05-01,31.38,41.230000000000004
maharashtra,2021-06-01,27.4,160.2
maharashtra,2021-07-01,26.62,156.54999999999998
maharashtra,2021-08-01,25.94,136.09
maharashtra,2021-09-01,24.91,335.4
maharashtra,2021-10-01,23.2,95.48
maharashtra,2021-11-01,21.33,7.800000000000001
maharashtra,2021-12-01,18.88,13.33
maharashtra,2022-01-01,18.87,1.8599999999999999
maharashtra,2022-02-01,22.97,0.0
maharashtra,2022-03-01,28.93,5.58
maharashtra,2022-04-01,32.62,0.3
maharashtra,2022-05-01,33.2,1.8599999999999999
maharashtra,2022-06-01,29.18,158.1
maharashtra,2022-07-01,25.12,276.83
maharashtra,2022-08-01,24.87,150.04
maharashtra,2022-09-01,24.74,199.5
maharashtra,2022-10-01,22.63,131.75
maharashtra,2022-11-01,19.27,0.0
maharashtra,2022-12-01,20.46,15.5
manipur,1999-01-01,15.34,0.0
manipur,1999-02-01,19.91,0.0
manipur,1999-03-01,21.63,29.139999999999997
manipur,1999-04-01,26.42,15.0
manipur,1999-05-01,24.9,132.99
manipur,1999-06-01,25.92,111.0
manipur,1999-07-01,24.91,163.68
manipur,1999-08-01,24.36,193.44
manipur,1999-09-01,23.62,86.39999999999999
manipur,1999-10-01,21.93,97.34
manipur,1999-11-01,18.92,0.3
manipur,1999-12-01,16.16,8.06
manipur,2000-01-01,14.52,17.360000000000003
manipur,2000-02-01,15.43,2.0300000000000002
manipur,2000-03-01,19.73,54.56
manipur,2000-04-01,24.1,75.3
manipur,2000-05-01,24.55,119.66
manipur,2000-06-01,25.29,116.7
manipur,2000-07-01,25.41,83.08
manipur,2000-08-01,25.55,116.87
manipur,2000-09-01,24.08,67.5
manipur,2000-10-01,22.74,101.37
manipur,2000-11-01,18.79,5.1000000000000005
manipur,2000-12-01,15.74,1.8599999999999999
manipur,2001-01-01,13.98,0.31
manipur,2001-02-01,17.73,50.4
manipur,2001-03-01,20.46,23.25
manipur,2001-04-01,24.05,50.099999999999994
manipur,2001-05-01,25.21,61.69
manipur,2001-06-01,24.94,156.3
manipur,2001-07-01,26.18,62.62
manipur,2001-08-01,26.1,101.37
manipur,2001-09-01,24.99,41.4
manipur,2001-10-01,23.25,76.57000000000001
manipur,2001-11-01,19.84,13.2
manipur,2001-12-01,16.14,2.79
manipur,2002-01-01,15.77,3.1
manipur,2002-02-01,18.05,1.68
manipur,2002-03-01,21.52,28.52
manipur,2002-04-01,23.65,75.89999999999999
manipur,2002-05-01,24.96,120.59
manipur,2002-06-01,25.23,149.1
manipur,2002-07-01,24.62,208.01
manipur,2002-08-01,24.48,167.71
manipur,2002-09-01,23.66,89.4
manipur,2002-10-01,21.68,55.49
manipur,2002-11-01,19.37,41.1
manipur,2002-12-01,15.52,55.18
manipur,2003-01-01,14.18,5.2700000000000005
manipur,2003-02-01,16.85,7.0
manipur,2003-03-01,19.74,39.37
manipur,2003-04-01,24.31,62.400000000000006
manipur,2003-05-01,25.04,120.59
manipur,2003-06-01,25.38,109.5
manipur,2003-07-01,25.05,221.34
manipur,2003-08-01,25.91,94.24
manipur,2003-09-01,24.88,153.3
manipur,2003-10-01,21.97,89.28
manipur,2003-11-01,18.31,11.700000000000001
manipur,2003-12-01,15.9,35.339999999999996
manipur,2004-01-01,14.24,1.55
manipur,2004-02-01,16.56,3.48
manipur,2004-03-01,21.95,17.05
manipur,2004-04-01,22.17,267.9
manipur,2004-05-01,24.17,101.67999999999999
manipur,2004-06-01,24.87,99.9
manipur,2004-07-01,24.46,164.29999999999998
manipur,2004-08-01,25.35,129.89000000000001
manipur,2004-09-01,23.19,94.2
manipur,2004-10-01,21.21,113.14999999999999
manipur,2004-11-01,18.71,1.7999999999999998
manipur,2004-12-01,15.96,3.1
manipur,2005-01-01,14.8,1.24
manipur,2005-02-01,17.91,21.28
manipur,2005-03-01,20.99,71.92
manipur,2005-04-01,23.29,72.9
manipur,2005-05-01,24.1,97.34
manipur,2005-06-01,26.24,75.3
manipur,2005-07-01,25.6,163.06
manipur,2005-08-01,25.34,170.5
manipur,2005-09-01,24.69,187.79999999999998
manipur,2005-10-01,21.96,123.69000000000001
manipur,2005-11-01,18.5,2.1
manipur,2005-12-01,16.74,12.09
manipur,2006-01-01,15.21,0.0
manipur,2006-02-01,19.02,47.04
manipur,2006-03-01,21.25,2.1700000000000004
manipur,2006-04-01,24.02,35.099999999999994
manipur,2006-05-01,25.0,216.07
manipur,2006-06-01,24.77,165.0
manipur,2006-07-01,25.14,136.09
manipur,2006-08-01,25.47,64.78999999999999
manipur,2006-09-01,24.72,84.3
manipur,2006-10-01,23.4,13.02
manipur,2006-11-01,19.15,17.7
manipur,2006-12-01,16.03,10.85
manipur,2007-01-01,15.07,17.669999999999998
manipur,2007-02-01,15.46,83.16000000000001
manipur,2007-03-01,19.54,8.680000000000001
manipur,2007-04-01,22.81,165.6
manipur,2007-05-01,23.89,195.92000000000002
manipur,2007-06-01,24.5,187.5
manipur,2007-07-01,24.49,136.4
manipur,2007-08-01,25.19,93.92999999999999
manipur,2007-09-01,23.53,143.1
manipur,2007-10-01,21.68,124.30999999999999
manipur,2007-11-01,18.89,47.400000000000006
manipur,2007-12-01,15.38,0.62
manipur,2008-01-01,14.64,17.360000000000003
manipur,2008-02-01,15.23,16.240000000000002
manipur,2008-03-01,20.85,54.87
manipur,2008-04-01,24.24,24.0
manipur,2008-05-01,25.07,126.48
manipur,2008-06-01,24.63,178.20000000000002
manipur,2008-07-01,24.11,248.92999999999998
manipur,2008-08-01,23.69,262.26000000000005
manipur,2008-09-01,23.46,91.5
manipur,2008-10-01,21.43,122.14
manipur,2008-11-01,18.15,2.1
manipur,2008-12-01,16.43,0.9299999999999999
manipur,2009-01-01,15.79,0.31
manipur,2009-02-01,18.29,19.88
manipur,2009-03-01,20.86,52.699999999999996
manipur,2009-04-01,24.03,73.8
manipur,2009-05-01,25.17,132.36999999999998
manipur,2009-06-01,25.24,134.1
manipur,2009-07-01,25.25,192.20000000000002
manipur,2009-08-01,24.33,228.47
manipur,2009-09-01,23.54,118.5
manipur,2009-10-01,22.08,150.04
manipur,2009-11-01,18.79,13.2
manipur,2009-12-01,15.18,12.09
manipur,2010-01-01,15.58,5.89
manipur,2010-02-01,16.96,5.88
manipur,2010-03-01,21.82,126.17000000000002
manipur,2010-04-01,22.67,229.5
manipur,2010-05-01,23.46,203.67000000000002
manipur,2010-06-01,24.04,300.3
manipur,2010-07-01,24.14,293.26000000000005
manipur,2010-08-01,24.23,126.17000000000002
manipur,2010-09-01,23.18,180.29999999999998
manipur,2010-10-01,21.38,190.96
manipur,2010-11-01,18.42,16.5
manipur,2010-12-01,14.89,44.64
manipur,2011-01-01,13.25,19.22
manipur,2011-02-01,16.73,3.64
manipur,2011-03-01,20.12,62.92999999999999
manipur,2011-04-01,22.93,59.4
manipur,2011-05-01,24.01,283.96
manipur,2011-06-01,24.02,268.8
manipur,2011-07-01,24.02,275.90000000000003
manipur,2011-08-01,23.45,320.84999999999997
manipur,2011-09-01,23.63,140.39999999999998
manipur,2011-10-01,21.8,27.59
manipur,2011-11-01,18.02,3.9000000000000004
manipur,2011-12-01,16.24,0.31
manipur,2012-01-01,13.92,14.879999999999999
manipur,2012-02-01,16.93,5.22
manipur,2012-03-01,20.52,43.089999999999996
manipur,2012-04-01,22.51,204.29999999999998
manipur,2012-05-01,24.82,91.14
manipur,2012-06-01,24.91,239.1
manipur,2012-07-01,24.68,188.48
manipur,2012-08-01,24.41,124.30999999999999
manipur,2012-09-01,23.76,198.3
manipur,2012-10-01,21.94,123.69000000000001
manipur,2012-11-01,18.3,59.4
manipur,2012-12-01,15.43,12.09
manipur,2013-01-01,14.39,0.0
manipur,2013-02-01,19.2,3.08
manipur,2013-03-01,22.2,26.66
manipur,2013-04-01,23.74,95.1
manipur,2013-05-01,23.27,341.93
manipur,2013-06-01,25.05,166.79999999999998
manipur,2013-07-01,24.6,334.18
manipur,2013-08-01,23.76,298.53000000000003
manipur,2013-09-01,23.25,242.7
manipur,2013-10-01,21.13,110.36
manipur,2013-11-01,18.59,0.0
manipur,2013-12-01,15.03,1.8599999999999999
manipur,2014-01-01,15.35,0.0
manipur,2014-02-01,16.35,21.0
manipur,2014-03-01,20.6,35.029999999999994
manipur,2014-04-01,25.02,40.2
manipur,2014-05-01,24.59,225.06
manipur,2014-06-01,25.55,324.6
manipur,2014-07-01,24.9,97.96000000000001
manipur,2014-08-01,24.22,258.84999999999997
manipur,2014-09-01,23.59,149.70000000000002
manipur,2014-10-01,21.94,53.01
manipur,2014-11-01,19.65,0.3
manipur,2014-12-01,17.29,1.24
manipur,2015-01-01,15.82,33.17
manipur,2015-02-01,17.33,12.32
manipur,2015-03-01,21.44,22.32
manipur,2015-04-01,21.99,217.79999999999998
manipur,2015-05-01,24.44,93.0
manipur,2015-06-01,25.35,227.10000000000002
manipur,2015-07-01,23.83,402.07
manipur,2015-08-01,23.99,226.60999999999999
manipur,2015-09-01,23.81,182.10000000000002
manipur,2015-10-01,21.47,111.91
manipur,2015-11-01,18.68,11.4
manipur,2015-12-01,14.7,3.7199999999999998
manipur,2016-01-01,13.94,5.89
manipur,2016-02-01,18.09,29.0
manipur,2016-03-01,21.73,57.660000000000004
manipur,2016-04-01,23.61,231.0
manipur,2016-05-01,23.39,302.87
manipur,2016-06-01,24.43,173.4
manipur,2016-07-01,24.16,283.34000000000003
manipur,2016-08-01,24.67,137.02
manipur,2016-09-01,23.81,197.4
manipur,2016-10-01,22.74,98.27
manipur,2016-11-01,18.92,78.60000000000001
manipur,2016-12-01,16.9,3.7199999999999998
manipur,2017-01-01,15.83,7.75
manipur,2017-02-01,17.8,28.0
manipur,2017-03-01,19.66,182.59
manipur,2017-04-01,21.47,243.29999999999998
manipur,2017-05-01,23.81,167.71
manipur,2017-06-01,24.12,336.3
manipur,2017-07-01,24.15,313.71999999999997
manipur,2017-08-01,24.19,200.57
manipur,2017-09-01,23.84,258.90000000000003
manipur,2017-10-01,21.8,254.51000000000002
manipur,2017-11-01,18.34,6.0
manipur,2017-12-01,15.74,76.88
manipur,2018-01-01,12.96,4.96
manipur,2018-02-01,16.73,10.08
manipur,2018-03-01,20.37,62.92999999999999
manipur,2018-04-01,22.52,113.1
manipur,2018-05-01,23.41,184.45000000000002
manipur,2018-06-01,24.09,431.40000000000003
manipur,2018-07-01,24.69,219.79
manipur,2018-08-01,24.51,202.43
manipur,2018-09-01,23.65,78.89999999999999
manipur,2018-10-01,20.79,62.309999999999995
manipur,2018-11-01,18.1,6.3
manipur,2018-12-01,16.19,24.8
manipur,2019-01-01,15.41,0.62
manipur,2019-02-01,16.98,25.48
manipur,2019-03-01,19.67,35.96
manipur,2019-04-01,23.59,72.6
manipur,2019-05-01,24.95,132.36999999999998
manipur,2019-06-01,25.45,171.9
manipur,2019-07-01,24.52,220.72
manipur,2019-08-01,25.24,139.81
manipur,2019-09-01,23.78,202.5
manipur,2019-10-01,21.84,175.15
manipur,2019-11-01,19.18,36.0
manipur,2019-12-01,14.73,6.2
manipur,2020-01-01,13.79,39.68
manipur,2020-02-01,15.83,6.96
manipur,2020-03-01,20.33,17.360000000000003
manipur,2020-04-01,22.75,94.80000000000001
manipur,2020-05-01,24.45,156.54999999999998
manipur,2020-06-01,24.39,226.5
manipur,2020-07-01,24.2,204.6
manipur,2020-08-01,24.44,155.0
manipur,2020-09-01,24.11,173.7
manipur,2020-10-01,23.17,166.16
manipur,2020-11-01,18.73,63.6
manipur,2020-12-01,15.36,0.0
manipur,2021-01-01,15.0,5.2700000000000005
manipur,2021-02-01,17.3,0.0
manipur,2021-03-01,21.65,69.75
manipur,2021-04-01,23.76,44.4
manipur,2021-05-01,24.49,130.82
manipur,2021-06-01,24.66,155.70000000000002
manipur,2021-07-01,25.01,193.44
manipur,2021-08-01,23.97,198.09
manipur,2021-09-01,24.18,94.80000000000001
manipur,2021-10-01,23.27,84.32000000000001
manipur,2021-11-01,19.02,9.3
manipur,2021-12-01,16.66,45.57
manipur,2022-01-01,14.43,24.8
manipur,2022-02-01,13.94,42.84
manipur,2022-03-01,21.58,35.339999999999996
manipur,2022-04-01,23.59,160.8
manipur,2022-05-01,23.17,338.52
manipur,2022-06-01,23.22,330.9
manipur,2022-07-01,24.64,184.76
manipur,2022-08-01,24.4,81.53
manipur,2022-09-01,24.02,138.9
manipur,2022-10-01,22.18,116.25
manipur,2022-11-01,19.72,0.6
manipur,2022-12-01,16.42,10.23
meghalaya,1999-01-01,11.75,0.0
meghalaya,1999-02-01,16.23,0.56
meghalaya,1999-03-01,18.43,24.18
meghalaya,1999-04-01,23.46,35.4
meghalaya,1999-05-01,22.94,359.59999999999997
meghalaya,1999-06-01,23.62,352.8
meghalaya,1999-07-01,23.37,416.95
meghalaya,1999-08-01,22.88,485.15000000000003
meghalaya,1999-09-01,22.17,224.4
meghalaya,1999-10-01,20.6,203.35999999999999
meghalaya,1999-11-01,16.19,2.6999999999999997
meghalaya,1999-12-01,13.41,0.62
meghalaya,2000-01-01,11.61,10.85
meghalaya,2000-02-01,12.28,21.75
meghalaya,2000-03-01,16.9,61.69
meghalaya,2000-04-01,20.71,293.7
meghalaya,2000-05-01,22.39,474.92
meghalaya,2000-06-01,23.23,465.0
meghalaya,2000-07-01,23.25,285.82
meghalaya,2000-08-01,23.18,591.17
meghalaya,2000-09-01,21.93,285.3
meghalaya,2000-10-01,20.5,150.04
meghalaya,2000-11-01,16.12,4.8
meghalaya,2000-12-01,12.29,1.24
meghalaya,2001-01-01,10.84,0.9299999999999999
meghalaya,2001-02-01,14.62,63.279999999999994
meghalaya,2001-03-01,18.07,28.830000000000002
meghalaya,2001-04-01,21.18,221.4
meghalaya,2001-05-01,22.2,447.95
meghalaya,2001-06-01,23.01,502.80000000000007
meghalaya,2001-07-01,23.52,407.65000000000003
meghalaya,2001-08-01,23.74,284.58
meghalaya,2001-09-01,22.58,252.6
meghalaya,2001-10-01,20.63,232.5
meghalaya,2001-11-01,16.52,21.599999999999998
meghalaya,2001-12-01,12.31,0.31
meghalaya,2002-01-01,12.14,10.540000000000001
meghalaya,2002-02-01,14.68,4.2
meghalaya,2002-03-01,18.49,85.87
meghalaya,2002-04-01,20.36,357.6
meghalaya,2002-05-01,22.21,317.75
meghalaya,2002-06-01,22.84,515.7
meghalaya,2002-07-01,23.27,499.1
meghalaya,2002-08-01,22.95,345.65000000000003
meghalaya,2002-09-01,22.01,261.0
meghalaya,2002-10-01,19.68,47.43
meghalaya,2002-11-01,16.32,84.6
meghalaya,2002-12-01,12.67,53.94
meghalaya,2003-01-01,10.91,11.16
meghalaya,2003-02-01,13.81,33.04
meghalaya,2003-03-01,16.61,169.88000000000002
meghalaya,2003-04-01,20.74,215.70000000000002
meghalaya,2003-05-01,22.09,226.60999999999999
meghalaya,2003-06-01,23.22,684.9
meghalaya,2003-07-01,23.35,420.36
meghalaya,2003-08-01,23.82,299.46
meghalaya,2003-09-01,22.68,269.40000000000003
meghalaya,2003-10-01,20.38,283.96
meghalaya,2003-11-01,15.57,28.5
meghalaya,2003-12-01,12.94,23.25
meghalaya,2004-01-01,11.32,8.370000000000001
meghalaya,2004-02-01,13.6,7.54
meghalaya,2004-03-01,18.54,35.029999999999994
meghalaya,2004-04-01,20.42,554.6999999999999
meghalaya,2004-05-01,22.44,220.1
meghalaya,2004-06-01,22.78,368.7
meghalaya,2004-07-01,22.74,814.6800000000001
meghalaya,2004-08-01,23.36,265.36
meghalaya,2004-09-01,21.79,280.79999999999995
meghalaya,2004-10-01,19.19,363.94
meghalaya,2004-11-01,15.45,4.8
meghalaya,2004-12-01,13.05,4.6499999999999995
meghalaya,2005-01-01,11.73,9.92
meghalaya,2005-02-01,14.66,19.040000000000003
meghalaya,2005-03-01,18.4,210.49
meghalaya,2005-04-01,20.44,189.29999999999998
meghalaya,2005-05-01,21.24,411.06
meghalaya,2005-06-01,23.25,164.4
meghalaya,2005-07-01,23.35,454.46
meghalaya,2005-08-01,23.44,862.11
meghalaya,2005-09-01,23.02,222.89999999999998
meghalaya,2005-10-01,19.95,266.59999999999997
meghalaya,2005-11-01,15.53,1.2
meghalaya,2005-12-01,13.27,0.62
meghalaya,2006-01-01,12.26,0.0
meghalaya,2006-02-01,16.09,34.16
meghalaya,2006-03-01,18.37,15.81
meghalaya,2006-04-01,20.66,270.9
meghalaya,2006-05-01,22.3,419.12
meghalaya,2006-06-01,22.99,477.3
meghalaya,2006-07-01,23.6,360.53000000000003
meghalaya,2006-08-01,23.49,272.8
meghalaya,2006-09-01,22.36,220.2
meghalaya,2006-10-01,20.28,110.67
meghalaya,2006-11-01,16.02,12.0
meghalaya,2006-12-01,12.97,7.13
meghalaya,2007-01-01,11.51,0.62
meghalaya,2007-02-01,13.42,68.32
meghalaya,2007-03-01,17.03,26.04
meghalaya,2007-04-01,20.52,343.8
meghalaya,2007-05-01,22.65,262.26000000000005
meghalaya,2007-06-01,22.92,559.5
meghalaya,2007-07-01,23.19,578.7700000000001
meghalaya,2007-08-01,23.61,290.78000000000003
meghalaya,2007-09-01,22.24,378.90000000000003
meghalaya,2007-10-01,20.01,165.85
meghalaya,2007-11-01,16.69,52.2
meghalaya,2007-12-01,12.27,0.9299999999999999
meghalaya,2008-01-01,11.77,35.339999999999996
meghalaya,2008-02-01,12.43,6.67
meghalaya,2008-03-01,18.01,151.9
meghalaya,2008-04-01,20.92,141.3
meghalaya,2008-05-01,22.44,215.76
meghalaya,2008-06-01,22.93,433.8
meghalaya,2008-07-01,23.14,363.32
meghalaya,2008-08-01,22.9,465.93
meghalaya,2008-09-01,22.35,155.1
meghalaya,2008-10-01,20.21,162.75
meghalaya,2008-11-01,16.28,8.100000000000001
meghalaya,2008-12-01,13.9,2.79
meghalaya,2009-01-01,12.63,0.0
meghalaya,2009-02-01,14.69,10.92
meghalaya,2009-03-01,18.53,58.9
meghalaya,2009-04-01,21.48,187.5
meghalaya,2009-05-01,22.04,314.96
meghalaya,2009-06-01,23.16,287.7
meghalaya,2009-07-01,23.76,515.84
meghalaya,2009-08-01,23.07,527.62
meghalaya,2009-09-01,22.58,222.6
meghalaya,2009-10-01,19.87,202.74
meghalaya,2009-11-01,16.27,6.9
meghalaya,2009-12-01,12.61,31.31
meghalaya,2010-01-01,12.07,0.0
meghalaya,2010-02-01,13.92,1.4000000000000001
meghalaya,2010-03-01,19.17,82.46000000000001
meghalaya,2010-04-01,21.71,433.8
meghalaya,2010-05-01,22.08,468.71999999999997
meghalaya,2010-06-01,22.85,652.5
meghalaya,2010-07-01,23.12,390.59999999999997
meghalaya,2010-08-01,23.2,353.09000000000003
meghalaya,2010-09-01,22.32,412.5
meghalaya,2010-10-01,20.59,192.82
meghalaya,2010-11-01,17.01,6.9
meghalaya,2010-12-01,12.76,23.25
meghalaya,2011-01-01,10.75,0.9299999999999999
meghalaya,2011-02-01,14.06,10.64
meghalaya,2011-03-01,17.84,57.04
meghalaya,2011-04-01,20.41,69.0
meghalaya,2011-05-01,22.26,276.83
meghalaya,2011-06-01,23.06,495.30000000000007
meghalaya,2011-07-01,23.04,349.68
meghalaya,2011-08-01,22.69,649.4499999999999
meghalaya,2011-09-01,22.5,331.5
meghalaya,2011-10-01,20.66,12.709999999999999
meghalaya,2011-11-01,15.91,1.5
meghalaya,2011-12-01,12.82,0.62
meghalaya,2012-01-01,10.98,14.569999999999999
meghalaya,2012-02-01,14.03,21.169999999999998
meghalaya,2012-03-01,17.95,25.419999999999998
meghalaya,2012-04-01,20.7,376.5
meghalaya,2012-05-01,22.43,252.96
meghalaya,2012-06-01,23.31,711.9
meghalaya,2012-07-01,23.41,546.53
meghalaya,2012-08-01,23.26,382.84999999999997
meghalaya,2012-09-01,22.66,227.10000000000002
meghalaya,2012-10-01,20.34,151.59
meghalaya,2012-11-01,16.13,21.9
meghalaya,2012-12-01,12.64,31.62
meghalaya,2013-01-01,11.62,0.0
meghalaya,2013-02-01,15.52,11.200000000000001
meghalaya,2013-03-01,18.99,24.8
meghalaya,2013-04-01,20.85,145.8
meghalaya,2013-05-01,22.37,635.5
meghalaya,2013-06-01,23.58,366.3
meghalaya,2013-07-01,23.49,414.46999999999997
meghalaya,2013-08-01,22.76,321.46999999999997
meghalaya,2013-09-01,22.7,214.8
meghalaya,2013-10-01,20.06,299.15000000000003
meghalaya,2013-11-01,16.93,0.0
meghalaya,2013-12-01,13.2,0.62
meghalaya,2014-01-01,12.64,1.24
meghalaya,2014-02-01,13.63,35.28
meghalaya,2014-03-01,17.66,29.139999999999997
meghalaya,2014-04-01,22.17,68.7
meghalaya,2014-05-01,22.65,323.95
meghalaya,2014-06-01,23.77,519.6
meghalaya,2014-07-01,23.61,252.65
meghalaya,2014-08-01,23.17,484.21999999999997
meghalaya,2014-09-01,22.29,529.8
meghalaya,2014-10-01,20.48,63.55
meghalaya,2014-11-01,16.95,0.0
meghalaya,2014-12-01,13.92,0.31
meghalaya,2015-01-01,13.22,11.78
meghalaya,2015-02-01,14.9,26.599999999999998
meghalaya,2015-03-01,18.34,31.31
meghalaya,2015-04-01,20.12,351.6
meghalaya,2015-05-01,22.11,444.84999999999997
meghalaya,2015-06-01,23.17,525.3000000000001
meghalaya,2015-07-01,23.2,451.98
meghalaya,2015-08-01,23.04,540.33
meghalaya,2015-09-01,22.66,384.9
meghalaya,2015-10-01,20.67,77.80999999999999
meghalaya,2015-11-01,17.45,5.7
meghalaya,2015-12-01,13.0,16.740000000000002
meghalaya,2016-01-01,12.17,51.15
meghalaya,2016-02-01,15.54,15.08
meghalaya,2016-03-01,19.14,104.47
meghalaya,2016-04-01,21.64,680.1
meghalaya,2016-05-01,22.14,606.0500000000001
meghalaya,2016-06-01,23.21,550.8
meghalaya,2016-07-01,22.98,1161.57
meghalaya,2016-08-01,23.56,257.61
meghalaya,2016-09-01,22.58,402.9
meghalaya,2016-10-01,21.31,199.02
meghalaya,2016-11-01,17.79,27.6
meghalaya,2016-12-01,15.0,4.6499999999999995
meghalaya,2017-01-01,13.39,0.31
meghalaya,2017-02-01,15.39,121.79999999999998
meghalaya,2017-03-01,16.91,311.23999999999995
meghalaya,2017-04-01,20.46,738.6
meghalaya,2017-05-01,22.24,422.53000000000003
meghalaya,2017-06-01,23.16,1039.8
meghalaya,2017-07-01,23.16,750.8199999999999
meghalaya,2017-08-01,23.29,950.46
meghalaya,2017-09-01,22.84,543.6
meghalaya,2017-10-01,20.88,328.59999999999997
meghalaya,2017-11-01,17.29,14.399999999999999
meghalaya,2017-12-01,14.9,44.64
meghalaya,2018-01-01,11.46,5.2700000000000005
meghalaya,2018-02-01,14.68,27.72
meghalaya,2018-03-01,18.27,72.53999999999999
meghalaya,2018-04-01,20.06,359.1
meghalaya,2018-05-01,21.55,526.6899999999999
meghalaya,2018-06-01,23.21,730.5
meghalaya,2018-07-01,23.65,668.67
meghalaya,2018-08-01,23.52,504.68000000000006
meghalaya,2018-09-01,22.56,421.2
meghalaya,2018-10-01,19.29,71.92
meghalaya,2018-11-01,15.96,9.9
meghalaya,2018-12-01,13.32,22.94
meghalaya,2019-01-01,12.69,0.31
meghalaya,2019-02-01,14.3,44.52
meghalaya,2019-03-01,17.33,45.88
meghalaya,2019-04-01,20.65,267.0
meghalaya,2019-05-01,22.11,642.9399999999999
meghalaya,2019-06-01,23.54,835.5
meghalaya,2019-07-01,23.41,1213.9599999999998
meghalaya,2019-08-01,23.95,368.90000000000003
meghalaya,2019-09-01,22.48,552.0
meghalaya,2019-10-01,20.11,377.58
meghalaya,2019-11-01,17.59,21.0
meghalaya,2019-12-01,12.84,2.1700000000000004
meghalaya,2020-01-01,11.51,27.900000000000002
meghalaya,2020-02-01,13.33,17.11
meghalaya,2020-03-01,17.49,24.8
meghalaya,2020-04-01,19.91,324.3
meghalaya,2020-05-01,21.63,914.1899999999999
meghalaya,2020-06-01,22.85,1098.0
meghalaya,2020-07-01,23.1,1116.6200000000001
meghalaya,2020-08-01,23.47,526.6899999999999
meghalaya,2020-09-01,22.81,888.9
meghalaya,2020-10-01,22.15,372.0
meghalaya,2020-11-01,17.1,6.6
meghalaya,2020-12-01,12.99,0.0
meghalaya,2021-01-01,12.23,3.1
meghalaya,2021-02-01,14.46,2.52
meghalaya,2021-03-01,18.64,75.64
meghalaya,2021-04-01,20.88,177.89999999999998
meghalaya,2021-05-01,21.47,452.29
meghalaya,2021-06-01,22.91,690.9000000000001
meghalaya,2021-07-01,23.33,555.5200000000001
meghalaya,2021-08-01,22.97,884.4300000000001
meghalaya,2021-09-01,22.89,210.9
meghalaya,2021-10-01,21.13,189.41
meghalaya,2021-11-01,15.47,0.0
meghalaya,2021-12-01,13.62,14.879999999999999
meghalaya,2022-01-01,11.78,23.87
meghalaya,2022-02-01,11.9,55.44
meghalaya,2022-03-01,18.95,115.32000000000001
meghalaya,2022-04-01,20.71,565.8
meghalaya,2022-05-01,21.96,831.7299999999999
meghalaya,2022-06-01,22.25,1311.0
meghalaya,2022-07-01,23.38,423.46
meghalaya,2022-08-01,23.36,305.65999999999997
meghalaya,2022-09-01,22.47,389.1
meghalaya,2022-10-01,20.45,325.81
meghalaya,2022-11-01,16.64,0.6
meghalaya,2022-12-01,13.57,5.58
mizoram,1999-01-01,15.65,0.0
mizoram,1999-02-01,20.28,0.0
mizoram,1999-03-01,21.68,3.41
mizoram,1999-04-01,25.9,3.0
mizoram,1999-05-01,24.45,41.85
mizoram,1999-06-01,25.15,50.099999999999994
mizoram,1999-07-01,24.31,135.78
mizoram,1999-08-01,23.61,155.31
mizoram,1999-09-01,23.4,57.599999999999994
mizoram,1999-10-01,22.54,33.480000000000004
mizoram,1999-11-01,20.02,0.3
mizoram,1999-12-01,16.96,18.599999999999998
mizoram,2000-01-01,15.3,6.51
mizoram,2000-02-01,16.29,1.74
mizoram,2000-03-01,20.4,18.599999999999998
mizoram,2000-04-01,23.96,27.0
mizoram,2000-05-01,23.92,120.28
mizoram,2000-06-01,23.86,129.29999999999998
mizoram,2000-07-01,24.11,67.89
mizoram,2000-08-01,24.28,117.8
mizoram,2000-09-01,23.75,22.2
mizoram,2000-10-01,23.14,51.46
mizoram,2000-11-01,19.49,9.3
mizoram,2000-12-01,16.26,0.31
mizoram,2001-01-01,14.53,0.0
mizoram,2001-02-01,18.22,14.56
mizoram,2001-03-01,21.45,2.79
mizoram,2001-04-01,24.27,13.8
mizoram,2001-05-01,23.78,97.64999999999999
mizoram,2001-06-01,23.59,147.3
mizoram,2001-07-01,24.3,64.17
mizoram,2001-08-01,25.1,53.63
mizoram,2001-09-01,24.39,24.3
mizoram,2001-10-01,23.35,32.86
mizoram,2001-11-01,20.37,8.7
mizoram,2001-12-01,16.86,6.82
mizoram,2002-01-01,16.21,1.24
mizoram,2002-02-01,18.36,0.0
mizoram,2002-03-01,21.6,15.19
mizoram,2002-04-01,23.76,20.7
mizoram,2002-05-01,24.84,51.15
mizoram,2002-06-01,24.77,92.4
mizoram,2002-07-01,24.1,113.46000000000001
mizoram,2002-08-01,24.12,57.660000000000004
mizoram,2002-09-01,24.1,34.199999999999996
mizoram,2002-10-01,22.85,13.64
mizoram,2002-11-01,20.4,25.5
mizoram,2002-12-01,16.33,12.709999999999999
mizoram,2003-01-01,15.24,4.03
mizoram,2003-02-01,17.91,0.84
mizoram,2003-03-01,19.93,17.05
mizoram,2003-04-01,24.43,14.399999999999999
mizoram,2003-05-01,25.41,26.04
mizoram,2003-06-01,24.26,68.7
mizoram,2003-07-01,25.18,56.42
mizoram,2003-08-01,25.45,40.300000000000004
mizoram,2003-09-01,24.68,32.7
mizoram,2003-10-01,23.3,39.99
mizoram,2003-11-01,19.55,3.3
mizoram,2003-12-01,16.87,9.92
mizoram,2004-01-01,15.26,0.62
mizoram,2004-02-01,17.16,0.87
mizoram,2004-03-01,21.78,3.7199999999999998
mizoram,2004-04-01,23.12,37.8
mizoram,2004-05-01,25.47,37.51
mizoram,2004-06-01,24.71,65.7
mizoram,2004-07-01,23.67,135.47
mizoram,2004-08-01,24.44,50.839999999999996
mizoram,2004-09-01,23.05,128.7
mizoram,2004-10-01,21.76,39.68
mizoram,2004-11-01,19.23,0.6
mizoram,2004-12-01,16.52,0.62
mizoram,2005-01-01,15.78,1.55
mizoram,2005-02-01,18.45,4.2
mizoram,2005-03-01,21.4,19.53
mizoram,2005-04-01,23.66,27.900000000000002
mizoram,2005-05-01,24.57,30.38
mizoram,2005-06-01,25.57,45.0
mizoram,2005-07-01,24.96,68.2
mizoram,2005-08-01,24.64,105.39999999999999
mizoram,2005-09-01,24.69,53.1
mizoram,2005-10-01,23.16,30.07
mizoram,2005-11-01,20.13,1.7999999999999998
mizoram,2005-12-01,18.31,4.03
mizoram,2006-01-01,16.91,0.0
mizoram,2006-02-01,19.56,7.0
mizoram,2006-03-01,22.0,0.31
mizoram,2006-04-01,23.9,18.6
mizoram,2006-05-01,24.06,249.55
mizoram,2006-06-01,23.85,97.5
mizoram,2006-07-01,24.12,100.75
mizoram,2006-08-01,24.2,61.69
mizoram,2006-09-01,23.64,86.39999999999999
mizoram,2006-10-01,22.74,11.16
mizoram,2006-11-01,19.51,5.1000000000000005
mizoram,2006-12-01,16.4,0.9299999999999999
mizoram,2007-01-01,15.47,1.55
mizoram,2007-02-01,16.19,29.68
mizoram,2007-03-01,20.19,6.2
mizoram,2007-04-01,22.83,57.9
mizoram,2007-05-01,24.28,61.69
mizoram,2007-06-01,24.32,163.20000000000002
mizoram,2007-07-01,23.5,197.47
mizoram,2007-08-01,24.07,107.26
mizoram,2007-09-01,23.07,101.7
mizoram,2007-10-01,21.83,136.4
mizoram,2007-11-01,19.49,33.9
mizoram,2007-12-01,15.81,0.0
mizoram,2008-01-01,15.31,13.64
mizoram,2008-02-01,15.61,3.19
mizoram,2008-03-01,21.02,5.58
mizoram,2008-04-01,24.6,2.1
mizoram,2008-05-01,24.44,63.86
mizoram,2008-06-01,23.8,181.5
mizoram,2008-07-01,23.23,218.85999999999999
mizoram,2008-08-01,23.22,227.23
mizoram,2008-09-01,23.17,64.5
mizoram,2008-10-01,21.93,81.22
mizoram,2008-11-01,18.93,6.0
mizoram,2008-12-01,16.78,0.31
mizoram,2009-01-01,16.32,14.569999999999999
mizoram,2009-02-01,18.25,13.44
mizoram,2009-03-01,21.1,21.080000000000002
mizoram,2009-04-01,24.04,39.900000000000006
mizoram,2009-05-01,24.06,174.53
mizoram,2009-06-01,23.93,172.20000000000002
mizoram,2009-07-01,24.15,366.11
mizoram,2009-08-01,23.42,236.53
mizoram,2009-09-01,23.08,105.3
mizoram,2009-10-01,22.27,106.33
mizoram,2009-11-01,19.09,21.599999999999998
mizoram,2009-12-01,14.99,1.8599999999999999
mizoram,2010-01-01,16.01,1.55
mizoram,2010-02-01,17.29,5.32
mizoram,2010-03-01,21.7,38.44
mizoram,2010-04-01,23.72,44.4
mizoram,2010-05-01,23.73,203.04999999999998
mizoram,2010-06-01,23.33,308.09999999999997
mizoram,2010-07-01,23.65,146.32
mizoram,2010-08-01,23.55,168.95000000000002
mizoram,2010-09-01,23.11,87.6
mizoram,2010-10-01,21.95,151.9
mizoram,2010-11-01,19.22,9.0
mizoram,2010-12-01,15.42,42.779999999999994
mizoram,2011-01-01,14.34,7.75
mizoram,2011-02-01,17.39,1.9600000000000002
mizoram,2011-03-01,20.67,40.92
mizoram,2011-04-01,22.75,33.0
mizoram,2011-05-01,23.52,173.29
mizoram,2011-06-01,23.6,225.0
mizoram,2011-07-01,23.65,125.85999999999999
mizoram,2011-08-01,22.94,304.73
mizoram,2011-09-01,23.25,149.70000000000002
mizoram,2011-10-01,21.69,32.24
mizoram,2011-11-01,17.85,0.0
mizoram,2011-12-01,16.39,0.31
mizoram,2012-01-01,14.7,3.41
mizoram,2012-02-01,17.68,2.9000000000000004
mizoram,2012-03-01,21.0,10.23
mizoram,2012-04-01,22.48,129.0
mizoram,2012-05-01,24.31,84.94000000000001
mizoram,2012-06-01,24.11,216.6
mizoram,2012-07-01,23.43,201.5
mizoram,2012-08-01,23.37,109.42999999999999
mizoram,2012-09-01,23.56,99.6
mizoram,2012-10-01,22.2,46.19
mizoram,2012-11-01,19.01,20.400000000000002
mizoram,2012-12-01,16.11,0.62
mizoram,2013-01-01,14.76,0.0
mizoram,2013-02-01,19.55,1.68
mizoram,2013-03-01,21.79,5.2700000000000005
mizoram,2013-04-01,23.47,38.1
mizoram,2013-05-01,22.27,293.26000000000005
mizoram,2013-06-01,24.19,159.9
mizoram,2013-07-01,23.79,136.71
mizoram,2013-08-01,23.08,147.25
mizoram,2013-09-01,23.3,160.2
mizoram,2013-10-01,21.42,110.67
mizoram,2013-11-01,19.06,0.0
mizoram,2013-12-01,15.35,0.31
mizoram,2014-01-01,15.83,0.0
mizoram,2014-02-01,17.0,14.280000000000001
mizoram,2014-03-01,20.94,14.26
mizoram,2014-04-01,25.19,9.6
mizoram,2014-05-01,24.23,168.32999999999998
mizoram,2014-06-01,24.39,291.90000000000003
mizoram,2014-07-01,24.2,96.10000000000001
mizoram,2014-08-01,23.44,170.5
mizoram,2014-09-01,23.09,148.8
mizoram,2014-10-01,21.9,54.25
mizoram,2014-11-01,18.88,0.0
mizoram,2014-12-01,16.96,0.9299999999999999
mizoram,2015-01-01,16.08,7.13
mizoram,2015-02-01,17.28,5.6000000000000005
mizoram,2015-03-01,21.36,25.73
mizoram,2015-04-01,21.7,171.0
mizoram,2015-05-01,23.71,97.03
mizoram,2015-06-01,24.04,320.7
mizoram,2015-07-01,23.11,572.5699999999999
mizoram,2015-08-01,23.02,336.65999999999997
mizoram,2015-09-01,23.25,191.4
mizoram,2015-10-01,21.14,121.21000000000001
mizoram,2015-11-01,17.94,6.9
mizoram,2015-12-01,14.58,0.62
mizoram,2016-01-01,13.77,1.8599999999999999
mizoram,2016-02-01,18.11,17.4
mizoram,2016-03-01,21.67,53.63
mizoram,2016-04-01,23.65,60.0
mizoram,2016-05-01,23.43,221.65
mizoram,2016-06-01,23.71,216.9
mizoram,2016-07-01,23.22,322.40000000000003
mizoram,2016-08-01,23.71,323.02
mizoram,2016-09-01,23.16,261.0
mizoram,2016-10-01,22.27,204.91
mizoram,2016-11-01,18.47,125.1
mizoram,2016-12-01,16.32,0.31
mizoram,2017-01-01,15.58,0.9299999999999999
mizoram,2017-02-01,17.86,6.16
mizoram,2017-03-01,19.05,130.82
mizoram,2017-04-01,21.58,300.3
mizoram,2017-05-01,23.46,180.42000000000002
mizoram,2017-06-01,23.32,631.1999999999999
mizoram,2017-07-01,23.23,730.9799999999999
mizoram,2017-08-01,23.36,686.96
mizoram,2017-09-01,23.08,308.4
mizoram,2017-10-01,21.75,237.15
mizoram,2017-11-01,18.65,9.3
mizoram,2017-12-01,15.75,43.089999999999996
mizoram,2018-01-01,12.68,13.33
mizoram,2018-02-01,17.14,3.9200000000000004
mizoram,2018-03-01,20.9,15.81
mizoram,2018-04-01,22.25,174.0
mizoram,2018-05-01,22.68,194.99
mizoram,2018-06-01,23.26,732.6
mizoram,2018-07-01,23.84,397.42
mizoram,2018-08-01,23.7,304.11
mizoram,2018-09-01,23.29,285.59999999999997
mizoram,2018-10-01,20.15,137.95000000000002
mizoram,2018-11-01,16.92,7.5
mizoram,2018-12-01,14.82,8.680000000000001
mizoram,2019-01-01,15.16,0.0
mizoram,2019-02-01,17.06,36.68
mizoram,2019-03-01,19.67,49.910000000000004
mizoram,2019-04-01,23.16,43.5
mizoram,2019-05-01,24.65,193.44
mizoram,2019-06-01,24.26,241.2
mizoram,2019-07-01,23.37,998.2
mizoram,2019-08-01,24.07,290.15999999999997
mizoram,2019-09-01,23.2,240.0
mizoram,2019-10-01,21.61,162.75
mizoram,2019-11-01,18.32,126.9
mizoram,2019-12-01,14.02,6.82
mizoram,2020-01-01,13.53,59.21
mizoram,2020-02-01,15.34,5.51
mizoram,2020-03-01,20.27,2.1700000000000004
mizoram,2020-04-01,22.46,108.89999999999999
mizoram,2020-05-01,23.58,246.76
mizoram,2020-06-01,23.41,273.29999999999995
mizoram,2020-07-01,23.36,290.15999999999997
mizoram,2020-08-01,23.57,185.38000000000002
mizoram,2020-09-01,23.5,246.60000000000002
mizoram,2020-10-01,22.75,291.09000000000003
mizoram,2020-11-01,18.77,51.6
mizoram,2020-12-01,14.56,0.0
mizoram,2021-01-01,14.96,1.55
mizoram,2021-02-01,16.85,0.0
mizoram,2021-03-01,21.57,5.58
mizoram,2021-04-01,23.97,51.0
mizoram,2021-05-01,24.18,134.23
mizoram,2021-06-01,23.19,279.3
mizoram,2021-07-01,23.56,300.08
mizoram,2021-08-01,23.02,310.31
mizoram,2021-09-01,23.49,173.7
mizoram,2021-10-01,22.47,126.17000000000002
mizoram,2021-11-01,18.93,26.1
mizoram,2021-12-01,15.96,57.660000000000004
mizoram,2022-01-01,14.21,17.360000000000003
mizoram,2022-02-01,14.42,20.16
mizoram,2022-03-01,21.26,9.61
mizoram,2022-04-01,23.97,34.8
mizoram,2022-05-01,23.23,233.43
mizoram,2022-06-01,22.84,289.5
mizoram,2022-07-01,24.12,219.17000000000002
mizoram,2022-08-01,23.89,208.63000000000002
mizoram,2022-09-01,23.34,224.70000000000002
mizoram,2022-10-01,22.01,173.6
mizoram,2022-11-01,19.05,2.4
mizoram,2022-12-01,16.06,12.09
nagaland,1999-01-01,13.25,2.1700000000000004
nagaland,1999-02-01,17.57,0.0
nagaland,1999-03-01,19.45,18.29
nagaland,1999-04-01,24.81,57.599999999999994
nagaland,1999-05-01,24.28,119.03999999999999
nagaland,1999-06-01,25.68,98.39999999999999
nagaland,1999-07-01,24.99,118.11
nagaland,1999-08-01,24.47,216.07
nagaland,1999-09-01,23.71,138.9
nagaland,1999-10-01,21.43,100.75
nagaland,1999-11-01,17.13,3.5999999999999996
nagaland,1999-12-01,14.27,2.1700000000000004
nagaland,2000-01-01,12.86,13.33
nagaland,2000-02-01,13.08,8.120000000000001
nagaland,2000-03-01,18.17,24.490000000000002
nagaland,2000-04-01,22.26,105.0
nagaland,2000-05-01,24.04,118.11
nagaland,2000-06-01,25.2,177.3
nagaland,2000-07-01,24.85,170.19
nagaland,2000-08-01,24.72,128.96
nagaland,2000-09-01,23.45,137.10000000000002
nagaland,2000-10-01,21.19,46.81
nagaland,2000-11-01,16.71,20.7
nagaland,2000-12-01,13.98,4.96
nagaland,2001-01-01,12.05,3.1
nagaland,2001-02-01,15.5,27.72
nagaland,2001-03-01,18.97,18.29
nagaland,2001-04-01,22.71,61.800000000000004
nagaland,2001-05-01,24.57,91.76
nagaland,2001-06-01,24.98,139.8
nagaland,2001-07-01,26.0,97.64999999999999
nagaland,2001-08-01,25.92,104.78
nagaland,2001-09-01,23.86,97.8
nagaland,2001-10-01,21.83,54.25
nagaland,2001-11-01,18.12,15.3
nagaland,2001-12-01,14.54,3.41
nagaland,2002-01-01,13.79,10.85
nagaland,2002-02-01,16.09,11.479999999999999
nagaland,2002-03-01,19.5,45.57
nagaland,2002-04-01,22.06,107.1
nagaland,2002-05-01,23.84,105.09
nagaland,2002-06-01,25.53,111.3
nagaland,2002-07-01,25.06,211.10999999999999
nagaland,2002-08-01,24.5,203.35999999999999
nagaland,2002-09-01,23.62,110.4
nagaland,2002-10-01,20.51,39.37
nagaland,2002-11-01,17.65,29.7
nagaland,2002-12-01,13.75,17.98
nagaland,2003-01-01,12.72,5.58
nagaland,2003-02-01,15.12,14.84
nagaland,2003-03-01,18.03,40.300000000000004
nagaland,2003-04-01,22.71,63.9
nagaland,2003-05-01,24.26,85.87
nagaland,2003-06-01,24.91,128.4
nagaland,2003-07-01,25.14,207.39000000000001
nagaland,2003-08-01,25.36,116.25
nagaland,2003-09-01,24.24,156.6
nagaland,2003-10-01,21.04,101.37
nagaland,2003-11-01,16.47,13.5
nagaland,2003-12-01,13.85,13.64
nagaland,2004-01-01,12.63,4.6499999999999995
nagaland,2004-02-01,14.7,11.31
nagaland,2004-03-01,19.8,30.38
nagaland,2004-04-01,21.43,169.8
nagaland,2004-05-01,23.75,211.42000000000002
nagaland,2004-06-01,24.44,129.60000000000002
nagaland,2004-07-01,23.88,166.78
nagaland,2004-08-01,25.14,165.85
nagaland,2004-09-01,22.79,94.5
nagaland,2004-10-01,19.94,113.46000000000001
nagaland,2004-11-01,16.41,0.8999999999999999
nagaland,2004-12-01,13.76,5.58
nagaland,2005-01-01,12.58,11.78
nagaland,2005-02-01,15.59,24.36
nagaland,2005-03-01,19.24,68.2
nagaland,2005-04-01,21.57,100.5
nagaland,2005-05-01,22.81,111.91
nagaland,2005-06-01,25.52,98.7
nagaland,2005-07-01,25.42,146.63000000000002
nagaland,2005-08-01,25.18,210.18
nagaland,2005-09-01,24.43,108.60000000000001
nagaland,2005-10-01,21.03,78.12
nagaland,2005-11-01,16.72,11.1
nagaland,2005-12-01,14.85,4.96
nagaland,2006-01-01,13.43,0.62
nagaland,2006-02-01,17.06,56.279999999999994
nagaland,2006-03-01,19.35,10.85
nagaland,2006-04-01,21.83,90.89999999999999
nagaland,2006-05-01,24.19,176.70000000000002
nagaland,2006-06-01,24.8,180.9
nagaland,2006-07-01,25.68,129.57999999999998
nagaland,2006-08-01,25.78,109.74
nagaland,2006-09-01,23.88,93.89999999999999
nagaland,2006-10-01,21.57,43.71
nagaland,2006-11-01,17.04,24.9
nagaland,2006-12-01,14.29,8.680000000000001
nagaland,2007-01-01,13.01,7.75
nagaland,2007-02-01,13.77,63.0
nagaland,2007-03-01,17.92,15.81
nagaland,2007-04-01,21.68,133.5
nagaland,2007-05-01,24.14,136.4
nagaland,2007-06-01,24.66,218.1
nagaland,2007-07-01,24.51,208.94
nagaland,2007-08-01,25.06,156.54999999999998
nagaland,2007-09-01,23.28,172.5
nagaland,2007-10-01,20.94,74.09
nagaland,2007-11-01,17.33,49.199999999999996
nagaland,2007-12-01,13.26,8.99
nagaland,2008-01-01,12.5,28.21
nagaland,2008-02-01,13.12,13.34
nagaland,2008-03-01,18.74,64.17
nagaland,2008-04-01,22.09,90.89999999999999
nagaland,2008-05-01,23.72,161.51
nagaland,2008-06-01,24.2,260.1
nagaland,2008-07-01,24.25,279.31
nagaland,2008-08-01,23.95,291.09000000000003
nagaland,2008-09-01,23.46,125.70000000000002
nagaland,2008-10-01,20.75,88.66
nagaland,2008-11-01,16.36,5.3999999999999995
nagaland,2008-12-01,14.0,3.7199999999999998
nagaland,2009-01-01,13.23,10.540000000000001
nagaland,2009-02-01,15.4,16.8
nagaland,2009-03-01,18.65,40.300000000000004
nagaland,2009-04-01,22.2,101.39999999999999
nagaland,2009-05-01,23.88,159.65
nagaland,2009-06-01,24.55,200.39999999999998
nagaland,2009-07-01,25.21,238.39000000000001
nagaland,2009-08-01,24.28,323.33
nagaland,2009-09-01,23.57,127.5
nagaland,2009-10-01,20.92,133.29999999999998
nagaland,2009-11-01,16.88,15.9
nagaland,2009-12-01,12.81,8.370000000000001
nagaland,2010-01-01,13.09,3.1
nagaland,2010-02-01,14.53,4.760000000000001
nagaland,2010-03-01,19.37,138.57
nagaland,2010-04-01,22.01,240.29999999999998
nagaland,2010-05-01,23.32,196.85
nagaland,2010-06-01,24.21,382.8
nagaland,2010-07-01,24.24,294.5
nagaland,2010-08-01,24.23,229.09
nagaland,2010-09-01,23.15,265.5
nagaland,2010-10-01,20.77,98.58
nagaland,2010-11-01,17.06,30.0
nagaland,2010-12-01,13.31,19.84
nagaland,2011-01-01,11.18,18.29
nagaland,2011-02-01,14.42,7.28
nagaland,2011-03-01,17.68,92.38
nagaland,2011-04-01,20.96,89.4
nagaland,2011-05-01,23.2,222.27
nagaland,2011-06-01,24.21,245.7
nagaland,2011-07-01,24.0,365.18
nagaland,2011-08-01,23.95,276.83
nagaland,2011-09-01,23.87,194.70000000000002
nagaland,2011-10-01,20.9,13.64
nagaland,2011-11-01,15.93,24.0
nagaland,2011-12-01,13.5,8.680000000000001
nagaland,2012-01-01,11.38,13.950000000000001
nagaland,2012-02-01,14.18,5.800000000000001
nagaland,2012-03-01,17.98,39.99
nagaland,2012-04-01,21.02,175.5
nagaland,2012-05-01,24.02,150.66
nagaland,2012-06-01,24.65,321.0
nagaland,2012-07-01,24.77,268.15000000000003
nagaland,2012-08-01,24.61,195.60999999999999
nagaland,2012-09-01,23.26,273.29999999999995
nagaland,2012-10-01,21.27,123.38
nagaland,2012-11-01,17.5,26.1
nagaland,2012-12-01,14.37,8.680000000000001
nagaland,2013-01-01,13.25,2.48
nagaland,2013-02-01,17.43,5.32
nagaland,2013-03-01,20.03,48.36
nagaland,2013-04-01,22.23,106.2
nagaland,2013-05-01,23.1,271.56
nagaland,2013-06-01,25.02,188.1
nagaland,2013-07-01,24.68,336.04
nagaland,2013-08-01,24.1,298.53000000000003
nagaland,2013-09-01,23.36,195.0
nagaland,2013-10-01,20.67,123.07000000000001
nagaland,2013-11-01,17.27,0.6
nagaland,2013-12-01,13.14,4.6499999999999995
nagaland,2014-01-01,13.59,1.55
nagaland,2014-02-01,14.5,31.360000000000003
nagaland,2014-03-01,18.62,24.490000000000002
nagaland,2014-04-01,23.35,27.0
nagaland,2014-05-01,23.93,272.18
nagaland,2014-06-01,25.24,274.8
nagaland,2014-07-01,25.11,189.41
nagaland,2014-08-01,24.48,278.38
nagaland,2014-09-01,23.8,259.8
nagaland,2014-10-01,21.52,29.139999999999997
nagaland,2014-11-01,18.1,6.6
nagaland,2014-12-01,15.26,2.48
nagaland,2015-01-01,14.42,22.32
nagaland,2015-02-01,16.13,17.64
nagaland,2015-03-01,19.91,25.73
nagaland,2015-04-01,21.19,184.5
nagaland,2015-05-01,24.21,215.14000000000001
nagaland,2015-06-01,24.94,384.9
nagaland,2015-07-01,24.13,321.78000000000003
nagaland,2015-08-01,24.19,388.73999999999995
nagaland,2015-09-01,23.9,186.9
nagaland,2015-10-01,21.28,79.98
nagaland,2015-11-01,17.78,20.1
nagaland,2015-12-01,13.53,16.12
nagaland,2016-01-01,12.67,15.19
nagaland,2016-02-01,16.03,25.52
nagaland,2016-03-01,19.81,59.21
nagaland,2016-04-01,22.78,188.4
nagaland,2016-05-01,23.59,246.45000000000002
nagaland,2016-06-01,24.71,271.8
nagaland,2016-07-01,24.38,371.07
nagaland,2016-08-01,25.27,183.21
nagaland,2016-09-01,23.72,235.8
nagaland,2016-10-01,22.33,83.39
nagaland,2016-11-01,18.28,40.2
nagaland,2016-12-01,15.61,4.03
nagaland,2017-01-01,14.25,4.03
nagaland,2017-02-01,16.3,36.68
nagaland,2017-03-01,18.17,106.95
nagaland,2017-04-01,21.27,179.70000000000002
nagaland,2017-05-01,23.75,236.22
nagaland,2017-06-01,24.64,308.7
nagaland,2017-07-01,24.44,509.64000000000004
nagaland,2017-08-01,24.52,269.39
nagaland,2017-09-01,23.99,290.4
nagaland,2017-10-01,22.15,186.93
nagaland,2017-11-01,17.79,4.8
nagaland,2017-12-01,15.14,21.7
nagaland,2018-01-01,12.79,9.92
nagaland,2018-02-01,15.35,12.04
nagaland,2018-03-01,18.78,72.23
nagaland,2018-04-01,21.46,119.4
nagaland,2018-05-01,23.0,240.56
nagaland,2018-06-01,24.63,351.6
nagaland,2018-07-01,24.91,421.59999999999997
nagaland,2018-08-01,24.85,385.64
nagaland,2018-09-01,24.08,169.8
nagaland,2018-10-01,20.62,49.910000000000004
nagaland,2018-11-01,16.65,14.7
nagaland,2018-12-01,14.21,28.21
nagaland,2019-01-01,13.14,8.06
nagaland,2019-02-01,14.94,37.800000000000004
nagaland,2019-03-01,17.82,49.910000000000004
nagaland,2019-04-01,21.97,108.60000000000001
nagaland,2019-05-01,23.58,239.94
nagaland,2019-06-01,25.43,283.8
nagaland,2019-07-01,24.58,356.81
nagaland,2019-08-01,25.43,266.90999999999997
nagaland,2019-09-01,23.71,329.40000000000003
nagaland,2019-10-01,21.46,189.41
nagaland,2019-11-01,18.61,20.1
nagaland,2019-12-01,13.31,3.7199999999999998
nagaland,2020-01-01,12.26,29.45
nagaland,2020-02-01,14.36,13.629999999999999
nagaland,2020-03-01,18.28,18.91
nagaland,2020-04-01,20.67,136.5
nagaland,2020-05-01,23.29,239.01
nagaland,2020-06-01,24.42,343.5
nagaland,2020-07-01,24.09,315.27
nagaland,2020-08-01,24.74,249.86
nagaland,2020-09-01,24.04,219.9
nagaland,2020-10-01,23.12,201.5
nagaland,2020-11-01,17.91,30.6
nagaland,2020-12-01,13.87,0.9299999999999999
nagaland,2021-01-01,13.21,7.75
nagaland,2021-02-01,15.34,4.48
nagaland,2021-03-01,19.03,57.04
nagaland,2021-04-01,22.25,32.400000000000006
nagaland,2021-05-01,23.72,156.85999999999999
nagaland,2021-06-01,24.53,231.9
nagaland,2021-07-01,25.08,265.05
nagaland,2021-08-01,24.2,254.82000000000002
nagaland,2021-09-01,24.26,197.4
nagaland,2021-10-01,22.43,103.85000000000001
nagaland,2021-11-01,16.75,4.8
nagaland,2021-12-01,14.43,16.43
nagaland,2022-01-01,12.62,30.07
nagaland,2022-02-01,12.27,60.199999999999996
nagaland,2022-03-01,20.01,22.32
nagaland,2022-04-01,21.94,172.79999999999998
nagaland,2022-05-01,23.02,248.92999999999998
nagaland,2022-06-01,23.67,307.2
nagaland,2022-07-01,25.11,252.65
nagaland,2022-08-01,25.02,166.78
nagaland,2022-09-01,24.08,209.4
nagaland,2022-10-01,21.43,176.07999999999998
nagaland,2022-11-01,17.23,0.0
nagaland,2022-12-01,14.28,12.709999999999999
odisha,1999-01-01,17.56,0.31
odisha,1999-02-01,24.42,0.0
odisha,1999-03-01,29.29,0.0
odisha,1999-04-01,33.49,0.3
odisha,1999-05-01,33.19,125.85999999999999
odisha,1999-06-01,28.77,231.6
odisha,1999-07-01,27.21,258.84999999999997
odisha,1999-08-01,26.72,356.5
odisha,1999-09-01,26.34,224.4
odisha,1999-10-01,24.87,146.01
odisha,1999-11-01,20.37,3.9000000000000004
odisha,1999-12-01,18.01,0.0
odisha,2000-01-01,19.23,3.41
odisha,2000-02-01,22.59,37.12
odisha,2000-03-01,27.65,0.0
odisha,2000-04-01,33.33,22.2
odisha,2000-05-01,33.12,76.26
odisha,2000-06-01,28.7,225.6
odisha,2000-07-01,27.03,261.95
odisha,2000-08-01,27.09,186.0
odisha,2000-09-01,26.63,144.0
odisha,2000-10-01,25.31,39.68
odisha,2000-11-01,23.35,0.3
odisha,2000-12-01,19.98,0.0
odisha,2001-01-01,20.28,0.31
odisha,2001-02-01,25.15,3.64
odisha,2001-03-01,28.91,62.62
odisha,2001-04-01,31.61,29.7
odisha,2001-05-01,34.15,93.30999999999999
odisha,2001-06-01,27.86,313.5
odisha,2001-07-01,26.63,670.84
odisha,2001-08-01,26.73,331.08
odisha,2001-09-01,26.55,171.0
odisha,2001-10-01,25.46,80.28999999999999
odisha,2001-11-01,22.15,28.799999999999997
odisha,2001-12-01,17.36,0.0
odisha,2002-01-01,19.07,39.68
odisha,2002-02-01,23.15,3.64
odisha,2002-03-01,28.6,17.98
odisha,2002-04-01,33.42,11.4
odisha,2002-05-01,35.13,80.91
odisha,2002-06-01,30.39,156.9
odisha,2002-07-01,28.17,286.13
odisha,2002-08-01,26.79,305.65999999999997
odisha,2002-09-01,26.28,218.1
odisha,2002-10-01,24.52,47.74
odisha,2002-11-01,20.81,19.5
odisha,2002-12-01,19.58,0.31
odisha,2003-01-01,19.47,0.31
odisha,2003-02-01,24.65,22.400000000000002
odisha,2003-03-01,27.82,30.69
odisha,2003-04-01,34.23,5.3999999999999995
odisha,2003-05-01,34.07,62.309999999999995
odisha,2003-06-01,31.36,323.09999999999997
odisha,2003-07-01,27.45,336.04
odisha,2003-08-01,26.88,375.71999999999997
odisha,2003-09-01,26.42,266.09999999999997
odisha,2003-10-01,25.34,337.59000000000003
odisha,2003-11-01,20.82,11.1
odisha,2003-12-01,17.53,29.759999999999998
odisha,2004-01-01,17.54,13.33
odisha,2004-02-01,20.86,2.0300000000000002
odisha,2004-03-01,28.35,11.47
odisha,2004-04-01,32.8,63.0
odisha,2004-05-01,33.9,35.339999999999996
odisha,2004-06-01,29.89,170.70000000000002
odisha,2004-07-01,27.48,294.81
odisha,2004-08-01,26.64,409.51000000000005
odisha,2004-09-01,26.55,139.2
odisha,2004-10-01,24.65,150.97
odisha,2004-11-01,20.48,0.0
odisha,2004-12-01,18.69,0.31
odisha,2005-01-01,19.82,21.389999999999997
odisha,2005-02-01,24.33,7.0
odisha,2005-03-01,29.32,28.830000000000002
odisha,2005-04-01,32.23,28.2
odisha,2005-05-01,34.08,50.220000000000006
odisha,2005-06-01,32.77,189.9
odisha,2005-07-01,27.38,370.45
odisha,2005-08-01,26.69,245.82999999999998
odisha,2005-09-01,26.61,389.7
odisha,2005-10-01,25.24,190.96
odisha,2005-11-01,19.76,5.1000000000000005
odisha,2005-12-01,17.45,17.669999999999998
odisha,2006-01-01,18.22,0.0
odisha,2006-02-01,23.72,0.0
odisha,2006-03-01,27.94,32.24
odisha,2006-04-01,32.43,27.0
odisha,2006-05-01,32.12,105.09
odisha,2006-06-01,28.59,221.4
odisha,2006-07-01,27.01,402.38
odisha,2006-08-01,26.48,512.74
odisha,2006-09-01,26.37,268.5
odisha,2006-10-01,25.21,45.57
odisha,2006-11-01,21.93,10.799999999999999
odisha,2006-12-01,18.96,0.0
odisha,2007-01-01,19.97,0.62
odisha,2007-02-01,22.99,60.480000000000004
odisha,2007-03-01,27.5,4.03
odisha,2007-04-01,32.33,32.1
odisha,2007-05-01,33.54,60.449999999999996
odisha,2007-06-01,30.54,191.1
odisha,2007-07-01,27.39,260.09000000000003
odisha,2007-08-01,26.71,387.19
odisha,2007-09-01,26.45,486.59999999999997
odisha,2007-10-01,24.19,64.48
odisha,2007-11-01,21.35,23.700000000000003
odisha,2007-12-01,17.92,0.0
odisha,2008-01-01,18.54,39.06
odisha,2008-02-01,20.89,30.16
odisha,2008-03-01,27.51,12.709999999999999
odisha,2008-04-01,31.73,33.6
odisha,2008-05-01,33.62,89.89999999999999
odisha,2008-06-01,28.19,394.20000000000005
odisha,2008-07-01,26.8,340.69
odisha,2008-08-01,26.95,404.23999999999995
odisha,2008-09-01,26.08,428.09999999999997
odisha,2008-10-01,25.09,39.68
odisha,2008-11-01,21.88,1.7999999999999998
odisha,2008-12-01,19.81,0.0
odisha,2009-01-01,20.91,0.31
odisha,2009-02-01,24.9,0.0
odisha,2009-03-01,29.12,4.340000000000001
odisha,2009-04-01,33.19,2.4
odisha,2009-05-01,33.65,79.67
odisha,2009-06-01,32.2,89.4
odisha,2009-07-01,27.39,494.45
odisha,2009-08-01,26.9,303.48999999999995
odisha,2009-09-01,26.89,189.0
odisha,2009-10-01,23.84,130.82
odisha,2009-11-01,21.83,21.0
odisha,2009-12-01,19.11,0.9299999999999999
odisha,2010-01-01,18.91,3.1
odisha,2010-02-01,23.9,1.9600000000000002
odisha,2010-03-01,30.71,4.96
odisha,2010-04-01,34.89,3.5999999999999996
odisha,2010-05-01,32.7,131.44
odisha,2010-06-01,30.57,202.79999999999998
odisha,2010-07-01,27.57,263.5
odisha,2010-08-01,27.19,262.57
odisha,2010-09-01,26.87,230.1
odisha,2010-10-01,25.61,114.7
odisha,2010-11-01,23.3,24.599999999999998
odisha,2010-12-01,18.33,40.300000000000004
odisha,2011-01-01,18.45,1.8599999999999999
odisha,2011-02-01,23.08,28.560000000000002
odisha,2011-03-01,28.58,2.48
odisha,2011-04-01,31.2,35.4
odisha,2011-05-01,33.49,113.77
odisha,2011-06-01,29.52,233.1
odisha,2011-07-01,27.18,312.48
odisha,2011-08-01,26.78,391.84000000000003
odisha,2011-09-01,26.23,395.4
odisha,2011-10-01,25.22,26.66
odisha,2011-11-01,21.12,0.0
odisha,2011-12-01,18.81,1.8599999999999999
odisha,2012-01-01,19.93,45.88
odisha,2012-02-01,23.49,4.35
odisha,2012-03-01,28.49,0.9299999999999999
odisha,2012-04-01,32.57,65.4
odisha,2012-05-01,34.55,14.879999999999999
odisha,2012-06-01,31.96,224.4
odisha,2012-07-01,27.29,417.88
odisha,2012-08-01,26.64,381.92
odisha,2012-09-01,26.67,186.6
odisha,2012-10-01,24.01,54.25
odisha,2012-11-01,20.51,88.5
odisha,2012-12-01,17.99,6.2
odisha,2013-01-01,18.87,1.55
odisha,2013-02-01,23.29,10.36
odisha,2013-03-01,28.38,5.2700000000000005
odisha,2013-04-01,31.64,68.39999999999999
odisha,2013-05-01,34.35,58.279999999999994
odisha,2013-06-01,29.31,243.59999999999997
odisha,2013-07-01,27.72,278.69
odisha,2013-08-01,26.98,240.56
odisha,2013-09-01,26.63,279.3
odisha,2013-10-01,24.97,433.07
odisha,2013-11-01,21.13,0.8999999999999999
odisha,2013-12-01,18.01,0.0
odisha,2014-01-01,18.61,0.31
odisha,2014-02-01,21.63,36.68
odisha,2014-03-01,26.84,38.44
odisha,2014-04-01,33.32,12.9
odisha,2014-05-01,33.55,137.02
odisha,2014-06-01,31.23,142.5
odisha,2014-07-01,28.08,418.81
odisha,2014-08-01,26.87,325.19
odisha,2014-09-01,26.47,266.09999999999997
odisha,2014-10-01,25.02,93.62
odisha,2014-11-01,20.5,0.0
odisha,2014-12-01,17.31,14.879999999999999
odisha,2015-01-01,18.51,23.25
odisha,2015-02-01,22.95,11.76
odisha,2015-03-01,28.03,17.98
odisha,2015-04-01,31.15,89.4
odisha,2015-05-01,33.47,24.490000000000002
odisha,2015-06-01,29.85,156.9
odisha,2015-07-01,27.2,389.67
odisha,2015-08-01,27.28,347.2
odisha,2015-09-01,26.75,155.39999999999998
odisha,2015-10-01,25.33,35.339999999999996
odisha,2015-11-01,22.3,4.2
odisha,2015-12-01,20.85,22.94
odisha,2016-01-01,20.35,4.96
odisha,2016-02-01,25.87,17.4
odisha,2016-03-01,29.36,31.62
odisha,2016-04-01,35.22,7.800000000000001
odisha,2016-05-01,33.59,83.7
odisha,2016-06-01,30.18,162.3
odisha,2016-07-01,27.67,246.14000000000001
odisha,2016-08-01,26.83,397.11
odisha,2016-09-01,26.4,227.7
odisha,2016-10-01,24.38,70.37
odisha,2016-11-01,19.91,12.0
odisha,2016-12-01,18.64,0.0
odisha,2017-01-01,20.2,3.1
odisha,2017-02-01,24.19,0.0
odisha,2017-03-01,28.16,35.96
odisha,2017-04-01,33.46,7.5
odisha,2017-05-01,34.15,61.69
odisha,2017-06-01,30.5,211.2
odisha,2017-07-01,27.55,461.59000000000003
odisha,2017-08-01,27.05,262.57
odisha,2017-09-01,26.77,220.5
odisha,2017-10-01,25.83,126.17000000000002
odisha,2017-11-01,21.3,34.199999999999996
odisha,2017-12-01,18.39,6.2
odisha,2018-01-01,17.33,0.0
odisha,2018-02-01,23.17,0.28
odisha,2018-03-01,29.03,2.48
odisha,2018-04-01,31.19,87.9
odisha,2018-05-01,32.3,106.64
odisha,2018-06-01,30.34,214.5
odisha,2018-07-01,27.58,373.86
odisha,2018-08-01,27.06,324.26000000000005
odisha,2018-09-01,26.54,255.89999999999998
odisha,2018-10-01,24.8,99.82000000000001
odisha,2018-11-01,22.19,0.0
odisha,2018-12-01,17.88,63.24
odisha,2019-01-01,17.74,0.31
odisha,2019-02-01,22.95,31.919999999999998
odisha,2019-03-01,27.87,28.21
odisha,2019-04-01,32.79,36.3
odisha,2019-05-01,33.22,119.35000000000001
odisha,2019-06-01,32.52,141.0
odisha,2019-07-01,28.2,269.7
odisha,2019-08-01,27.3,298.84000000000003
odisha,2019-09-01,26.7,327.3
odisha,2019-10-01,25.5,192.20000000000002
odisha,2019-11-01,21.66,5.7
odisha,2019-12-01,18.04,1.8599999999999999
odisha,2020-01-01,17.43,16.12
odisha,2020-02-01,19.73,61.769999999999996
odisha,2020-03-01,26.13,69.75
odisha,2020-04-01,30.75,103.5
odisha,2020-05-01,32.11,109.42999999999999
odisha,2020-06-01,28.82,264.6
odisha,2020-07-01,27.92,163.99
odisha,2020-08-01,27.21,502.51000000000005
odisha,2020-09-01,27.14,149.1
odisha,2020-10-01,25.72,150.97
odisha,2020-11-01,21.88,4.5
odisha,2020-12-01,18.48,0.0
odisha,2021-01-01,19.91,1.24
odisha,2021-02-01,22.65,1.4000000000000001
odisha,2021-03-01,29.08,12.09
odisha,2021-04-01,32.02,22.8
odisha,2021-05-01,31.47,204.6
odisha,2021-06-01,28.51,244.8
odisha,2021-07-01,27.42,283.34000000000003
odisha,2021-08-01,27.27,158.41
odisha,2021-09-01,26.48,377.4
odisha,2021-10-01,25.62,66.03
odisha,2021-11-01,22.44,47.1
odisha,2021-12-01,18.48,60.449999999999996
odisha,2022-01-01,17.55,39.06
odisha,2022-02-01,20.35,16.52
odisha,2022-03-01,28.17,0.62
odisha,2022-04-01,34.03,2.4
odisha,2022-05-01,33.23,83.08
odisha,2022-06-01,30.92,135.9
odisha,2022-07-01,27.57,350.3
odisha,2022-08-01,27.06,436.79
odisha,2022-09-01,26.72,165.0
odisha,2022-10-01,24.79,93.92999999999999
odisha,2022-11-01,20.33,0.0
odisha,2022-12-01,19.82,0.31
puducherry,1999-01-01,24.37,7.75
puducherry,1999-02-01,25.9,4.2
puducherry,1999-03-01,28.06,2.79
puducherry,1999-04-01,30.08,60.6
puducherry,1999-05-01,29.51,49.29
puducherry,1999-06-01,29.28,68.1
puducherry,1999-07-01,29.26,46.5
puducherry,1999-08-01,29.1,73.47
puducherry,1999-09-01,28.65,82.2
puducherry,1999-10-01,27.3,214.52
puducherry,1999-11-01,26.38,203.7
puducherry,1999-12-01,24.94,110.36
puducherry,2000-01-01,24.99,9.92
puducherry,2000-02-01,26.55,102.66
puducherry,2000-03-01,27.39,2.48
puducherry,2000-04-01,29.83,27.6
puducherry,2000-05-01,30.82,25.110000000000003
puducherry,2000-06-01,29.77,56.1
puducherry,2000-07-01,29.61,95.48
puducherry,2000-08-01,28.64,69.44000000000001
puducherry,2000-09-01,28.56,107.69999999999999
puducherry,2000-10-01,27.37,220.1
puducherry,2000-11-01,26.64,166.5
puducherry,2000-12-01,25.19,79.05
puducherry,2001-01-01,24.99,3.7199999999999998
puducherry,2001-02-01,26.28,1.12
puducherry,2001-03-01,28.81,0.9299999999999999
puducherry,2001-04-01,29.37,69.9
puducherry,2001-05-01,31.33,31.0
puducherry,2001-06-01,30.41,52.5
puducherry,2001-07-01,29.69,103.85000000000001
puducherry,2001-08-01,29.53,61.07
puducherry,2001-09-01,28.72,131.7
puducherry,2001-10-01,27.56,246.45000000000002
puducherry,2001-11-01,26.69,173.7
puducherry,2001-12-01,25.33,145.39000000000001
puducherry,2002-01-01,25.09,59.519999999999996
puducherry,2002-02-01,25.69,54.04
puducherry,2002-03-01,27.86,1.55
puducherry,2002-04-01,30.27,6.6
puducherry,2002-05-01,30.86,36.58
puducherry,2002-06-01,29.85,72.6
puducherry,2002-07-01,30.84,29.759999999999998
puducherry,2002-08-01,29.93,59.519999999999996
puducherry,2002-09-01,29.33,78.89999999999999
puducherry,2002-10-01,27.64,249.55
puducherry,2002-11-01,26.21,145.8
puducherry,2002-12-01,24.93,66.96000000000001
puducherry,2003-01-01,25.12,2.48
puducherry,2003-02-01,26.8,1.4000000000000001
puducherry,2003-03-01,28.18,8.99
puducherry,2003-04-01,30.16,12.299999999999999
puducherry,2003-05-01,30.99,55.800000000000004
puducherry,2003-06-01,30.4,34.5
puducherry,2003-07-01,29.13,90.21000000000001
puducherry,2003-08-01,28.6,116.25
puducherry,2003-09-01,29.28,65.1
puducherry,2003-10-01,27.95,206.77
puducherry,2003-11-01,26.72,211.2
puducherry,2003-12-01,25.57,37.199999999999996
puducherry,2004-01-01,25.18,12.4
puducherry,2004-02-01,26.04,0.29
puducherry,2004-03-01,28.05,2.79
puducherry,2004-04-01,30.22,12.299999999999999
puducherry,2004-05-01,28.79,289.54
puducherry,2004-06-01,28.89,44.1
puducherry,2004-07-01,28.42,62.0
puducherry,2004-08-01,29.47,55.18
puducherry,2004-09-01,28.04,213.0
puducherry,2004-10-01,27.48,339.76000000000005
puducherry,2004-11-01,26.42,241.8
puducherry,2004-12-01,25.03,34.720000000000006
puducherry,2005-01-01,25.25,5.58
puducherry,2005-02-01,26.33,7.5600000000000005
puducherry,2005-03-01,28.39,10.540000000000001
puducherry,2005-04-01,28.88,147.3
puducherry,2005-05-01,30.31,63.55
puducherry,2005-06-01,30.48,18.3
puducherry,2005-07-01,30.18,50.220000000000006
puducherry,2005-08-01,30.04,78.42999999999999
puducherry,2005-09-01,28.83,120.3
puducherry,2005-10-01,27.67,326.43
puducherry,2005-11-01,25.87,548.1
puducherry,2005-12-01,24.96,230.02
puducherry,2006-01-01,24.37,13.64
puducherry,2006-02-01,24.92,0.84
puducherry,2006-03-01,27.73,31.93
puducherry,2006-04-01,29.72,21.9
puducherry,2006-05-01,30.03,49.6
puducherry,2006-06-01,29.73,62.699999999999996
puducherry,2006-07-01,30.12,66.64999999999999
puducherry,2006-08-01,29.61,58.589999999999996
puducherry,2006-09-01,28.52,83.39999999999999
puducherry,2006-10-01,27.86,389.05
puducherry,2006-11-01,26.36,236.7
puducherry,2006-12-01,25.49,67.58
puducherry,2007-01-01,24.82,3.1
puducherry,2007-02-01,25.74,22.68
puducherry,2007-03-01,27.57,0.62
puducherry,2007-04-01,29.3,20.1
puducherry,2007-05-01,30.7,30.07
puducherry,2007-06-01,30.18,70.8
puducherry,2007-07-01,29.67,112.53
puducherry,2007-08-01,28.47,143.53
puducherry,2007-09-01,28.19,114.0
puducherry,2007-10-01,27.65,310.0
puducherry,2007-11-01,26.02,92.4
puducherry,2007-12-01,25.17,231.26
puducherry,2008-01-01,24.5,65.72
puducherry,2008-02-01,25.8,13.629999999999999
puducherry,2008-03-01,26.66,150.66
puducherry,2008-04-01,28.69,19.2
puducherry,2008-05-01,30.45,24.8
puducherry,2008-06-01,29.84,49.8
puducherry,2008-07-01,29.56,63.24
puducherry,2008-08-01,28.76,84.94000000000001
puducherry,2008-09-01,28.81,61.800000000000004
puducherry,2008-10-01,27.85,254.51000000000002
puducherry,2008-11-01,26.7,539.0999999999999
puducherry,2008-12-01,25.3,48.980000000000004
puducherry,2009-01-01,24.83,21.7
puducherry,2009-02-01,25.53,0.28
puducherry,2009-03-01,27.37,48.67
puducherry,2009-04-01,29.48,24.9
puducherry,2009-05-01,30.65,48.050000000000004
puducherry,2009-06-01,30.78,18.6
puducherry,2009-07-01,30.32,88.97
puducherry,2009-08-01,29.07,69.13
puducherry,2009-09-01,29.25,115.19999999999999
puducherry,2009-10-01,28.7,60.449999999999996
puducherry,2009-11-01,27.01,419.1
puducherry,2009-12-01,25.68,195.60999999999999
puducherry,2010-01-01,25.14,21.080000000000002
puducherry,2010-02-01,25.49,1.12
puducherry,2010-03-01,28.22,1.8599999999999999
puducherry,2010-04-01,30.39,30.0
puducherry,2010-05-01,31.02,81.84
puducherry,2010-06-01,29.73,102.6
puducherry,2010-07-01,29.0,82.77
puducherry,2010-08-01,28.99,168.02
puducherry,2010-09-01,28.33,135.6
puducherry,2010-10-01,28.23,173.29
puducherry,2010-11-01,26.81,398.09999999999997
puducherry,2010-12-01,25.35,238.07999999999998
puducherry,2011-01-01,24.95,46.5
puducherry,2011-02-01,25.36,12.88
puducherry,2011-03-01,27.08,1.8599999999999999
puducherry,2011-04-01,28.92,72.9
puducherry,2011-05-01,30.48,22.94
puducherry,2011-06-01,31.04,26.7
puducherry,2011-07-01,29.4,104.16
puducherry,2011-08-01,29.14,110.67
puducherry,2011-09-01,28.63,128.4
puducherry,2011-10-01,28.03,282.09999999999997
puducherry,2011-11-01,26.66,324.9
puducherry,2011-12-01,25.55,130.82
puducherry,2012-01-01,24.74,13.950000000000001
puducherry,2012-02-01,25.53,1.4500000000000002
puducherry,2012-03-01,28.24,5.2700000000000005
puducherry,2012-04-01,29.69,23.700000000000003
puducherry,2012-05-01,30.79,22.94
puducherry,2012-06-01,30.53,38.4
puducherry,2012-07-01,29.6,77.80999999999999
puducherry,2012-08-01,28.92,90.21000000000001
puducherry,2012-09-01,28.62,99.0
puducherry,2012-10-01,27.83,443.61
puducherry,2012-11-01,26.27,45.3
puducherry,2012-12-01,25.8,84.32000000000001
puducherry,2013-01-01,25.44,1.55
puducherry,2013-02-01,26.33,14.280000000000001
puducherry,2013-03-01,27.87,35.65
puducherry,2013-04-01,30.36,13.2
puducherry,2013-05-01,31.16,49.6
puducherry,2013-06-01,29.93,89.4
puducherry,2013-07-01,29.21,82.14999999999999
puducherry,2013-08-01,28.76,152.52
puducherry,2013-09-01,28.15,154.5
puducherry,2013-10-01,28.03,147.86999999999998
puducherry,2013-11-01,26.68,146.4
puducherry,2013-12-01,25.31,85.55999999999999
puducherry,2014-01-01,25.31,6.2
puducherry,2014-02-01,26.01,6.44
puducherry,2014-03-01,27.93,1.24
puducherry,2014-04-01,29.9,6.3
puducherry,2014-05-01,30.1,105.09
puducherry,2014-06-01,30.6,71.7
puducherry,2014-07-01,30.33,41.85
puducherry,2014-08-01,29.09,123.07000000000001
puducherry,2014-09-01,28.41,117.9
puducherry,2014-10-01,27.9,300.39
puducherry,2014-11-01,26.23,162.89999999999998
puducherry,2014-12-01,25.33,118.11
puducherry,2015-01-01,24.66,6.51
puducherry,2015-02-01,25.56,2.8000000000000003
puducherry,2015-03-01,27.93,3.1
puducherry,2015-04-01,29.3,60.0
puducherry,2015-05-01,29.98,94.24
puducherry,2015-06-01,29.98,72.6
puducherry,2015-07-01,30.29,62.0
puducherry,2015-08-01,29.49,106.33
puducherry,2015-09-01,28.91,98.39999999999999
puducherry,2015-10-01,28.26,163.36999999999998
puducherry,2015-11-01,26.82,663.6
puducherry,2015-12-01,25.96,234.35999999999999
puducherry,2016-01-01,25.04,1.8599999999999999
puducherry,2016-02-01,26.32,1.74
puducherry,2016-03-01,28.18,2.79
puducherry,2016-04-01,30.51,5.7
puducherry,2016-05-01,30.46,196.85
puducherry,2016-06-01,29.39,107.1
puducherry,2016-07-01,29.14,89.89999999999999
puducherry,2016-08-01,29.37,88.97
puducherry,2016-09-01,28.99,92.4
puducherry,2016-10-01,28.64,41.230000000000004
puducherry,2016-11-01,27.05,32.1
puducherry,2016-12-01,25.6,104.16
puducherry,2017-01-01,25.39,46.19
puducherry,2017-02-01,25.62,2.52
puducherry,2017-03-01,28.01,26.66
puducherry,2017-04-01,30.3,5.7
puducherry,2017-05-01,31.0,37.82
puducherry,2017-06-01,30.57,63.6
puducherry,2017-07-01,30.5,96.10000000000001
puducherry,2017-08-01,28.98,207.70000000000002
puducherry,2017-09-01,28.41,159.9
puducherry,2017-10-01,28.13,237.15
puducherry,2017-11-01,26.83,298.8
puducherry,2017-12-01,25.54,66.96000000000001
puducherry,2018-01-01,24.48,9.92
puducherry,2018-02-01,25.35,3.9200000000000004
puducherry,2018-03-01,27.53,17.669999999999998
puducherry,2018-04-01,29.74,18.6
puducherry,2018-05-01,30.3,60.449999999999996
puducherry,2018-06-01,30.18,63.0
puducherry,2018-07-01,29.94,67.89
puducherry,2018-08-01,29.69,116.55999999999999
puducherry,2018-09-01,28.76,93.0
puducherry,2018-10-01,27.89,166.16
puducherry,2018-11-01,26.85,251.70000000000002
puducherry,2018-12-01,25.61,78.42999999999999
puducherry,2019-01-01,24.58,1.24
puducherry,2019-02-01,26.77,3.64
puducherry,2019-03-01,28.6,2.1700000000000004
puducherry,2019-04-01,30.39,16.5
puducherry,2019-05-01,30.96,27.900000000000002
puducherry,2019-06-01,31.16,54.6
puducherry,2019-07-01,29.95,112.53
puducherry,2019-08-01,28.93,176.39000000000001
puducherry,2019-09-01,28.27,186.6
puducherry,2019-10-01,27.7,198.4
puducherry,2019-11-01,27.45,174.9
puducherry,2019-12-01,26.17,105.71000000000001
puducherry,2020-01-01,25.73,17.98
puducherry,2020-02-01,26.54,2.0300000000000002
puducherry,2020-03-01,28.11,2.48
puducherry,2020-04-01,29.93,31.200000000000003
puducherry,2020-05-01,31.21,50.839999999999996
puducherry,2020-06-01,30.45,71.10000000000001
puducherry,2020-07-01,29.03,138.26
puducherry,2020-08-01,28.96,120.28
puducherry,2020-09-01,28.21,206.1
puducherry,2020-10-01,27.98,148.49
puducherry,2020-11-01,27.18,348.29999999999995
puducherry,2020-12-01,25.65,287.37
puducherry,2021-01-01,25.51,101.99
puducherry,2021-02-01,25.09,24.08
puducherry,2021-03-01,27.24,2.48
puducherry,2021-04-01,29.4,27.900000000000002
puducherry,2021-05-01,30.2,94.24
puducherry,2021-06-01,29.97,63.9
puducherry,2021-07-01,29.09,178.86999999999998
puducherry,2021-08-01,28.79,136.4
puducherry,2021-09-01,28.31,170.70000000000002
puducherry,2021-10-01,27.94,276.52
puducherry,2021-11-01,26.72,660.9000000000001
puducherry,2021-12-01,25.87,85.87
puducherry,2022-01-01,25.65,30.07
puducherry,2022-02-01,25.61,8.12
puducherry,2022-03-01,27.83,22.94
puducherry,2022-04-01,29.32,33.300000000000004
puducherry,2022-05-01,30.09,114.7
puducherry,2022-06-01,29.33,87.0
puducherry,2022-07-01,29.21,115.32000000000001
puducherry,2022-08-01,28.54,141.67000000000002
puducherry,2022-09-01,28.5,116.39999999999999
puducherry,2022-10-01,27.77,195.29999999999998
puducherry,2022-11-01,26.31,221.4
puducherry,2022-12-01,25.79,134.54
punjab,1999-01-01,13.0,35.96
punjab,1999-02-01,17.03,1.68
punjab,1999-03-01,23.42,1.8599999999999999
punjab,1999-04-01,30.87,0.3
punjab,1999-05-01,35.37,6.82
punjab,1999-06-01,36.34,55.2
punjab,1999-07-01,36.12,62.0
punjab,1999-08-01,33.48,113.77
punjab,1999-09-01,32.32,51.6
punjab,1999-10-01,26.46,1.24
punjab,1999-11-01,21.1,1.5
punjab,1999-12-01,16.29,0.0
punjab,2000-01-01,13.91,31.0
punjab,2000-02-01,13.92,18.56
punjab,2000-03-01,21.28,2.48
punjab,2000-04-01,31.39,0.6
punjab,2000-05-01,36.55,19.53
punjab,2000-06-01,35.12,90.89999999999999
punjab,2000-07-01,33.05,159.65
punjab,2000-08-01,33.53,50.529999999999994
punjab,2000-09-01,31.27,40.800000000000004
punjab,2000-10-01,26.81,0.0
punjab,2000-11-01,20.91,2.1
punjab,2000-12-01,15.8,2.1700000000000004
punjab,2001-01-01,12.51,11.47
punjab,2001-02-01,17.27,3.9200000000000004
punjab,2001-03-01,23.02,13.33
punjab,2001-04-01,28.74,17.099999999999998
punjab,2001-05-01,35.52,33.480000000000004
punjab,2001-06-01,35.09,80.7
punjab,2001-07-01,32.4,213.59
punjab,2001-08-01,32.04,70.99
punjab,2001-09-01,30.84,25.2
punjab,2001-10-01,27.25,0.0
punjab,2001-11-01,20.86,0.3
punjab,2001-12-01,15.61,7.13
punjab,2002-01-01,14.05,2.48
punjab,2002-02-01,16.01,21.0
punjab,2002-03-01,23.69,14.569999999999999
punjab,2002-04-01,30.88,5.7
punjab,2002-05-01,36.64,17.05
punjab,2002-06-01,37.7,25.5
punjab,2002-07-01,37.53,60.76
punjab,2002-08-01,33.67,112.22
punjab,2002-09-01,28.93,107.4
punjab,2002-10-01,25.84,2.1700000000000004
punjab,2002-11-01,20.6,0.0
punjab,2002-12-01,15.97,7.75
punjab,2003-01-01,13.0,26.66
punjab,2003-02-01,16.15,64.68
punjab,2003-03-01,21.12,17.360000000000003
punjab,2003-04-01,29.67,4.8
punjab,2003-05-01,33.89,7.4399999999999995
punjab,2003-06-01,37.59,52.5
punjab,2003-07-01,32.23,184.14000000000001
punjab,2003-08-01,31.57,119.66
punjab,2003-09-01,30.31,54.900000000000006
punjab,2003-10-01,25.05,0.62
punjab,2003-11-01,18.69,7.199999999999999
punjab,2003-12-01,15.4,13.33
punjab,2004-01-01,13.25,36.269999999999996
punjab,2004-02-01,16.87,7.54
punjab,2004-03-01,25.24,0.0
punjab,2004-04-01,31.52,32.400000000000006
punjab,2004-05-01,34.15,30.69
punjab,2004-06-01,35.52,60.0
punjab,2004-07-01,35.67,88.97
punjab,2004-08-01,31.04,176.70000000000002
punjab,2004-09-01,31.04,6.9
punjab,2004-10-01,24.5,24.18
punjab,2004-11-01,20.79,0.6
punjab,2004-12-01,15.93,16.12
punjab,2005-01-01,12.05,40.92
punjab,2005-02-01,14.33,50.68
punjab,2005-03-01,22.03,53.94
punjab,2005-04-01,26.69,10.799999999999999
punjab,2005-05-01,33.28,6.2
punjab,2005-06-01,37.25,85.5
punjab,2005-07-01,32.77,141.04999999999998
punjab,2005-08-01,33.82,72.53999999999999
punjab,2005-09-01,30.55,111.9
punjab,2005-10-01,25.47,2.48
punjab,2005-11-01,19.21,2.6999999999999997
punjab,2005-12-01,14.13,0.0
punjab,2006-01-01,12.49,10.540000000000001
punjab,2006-02-01,21.08,3.9200000000000004
punjab,2006-03-01,21.75,44.949999999999996
punjab,2006-04-01,29.45,0.8999999999999999
punjab,2006-05-01,36.58,21.7
punjab,2006-06-01,35.15,78.3
punjab,2006-07-01,33.15,209.86999999999998
punjab,2006-08-01,31.56,89.89999999999999
punjab,2006-09-01,28.28,132.89999999999998
punjab,2006-10-01,25.82,30.69
punjab,2006-11-01,19.41,9.6
punjab,2006-12-01,13.57,15.5
punjab,2007-01-01,12.29,1.55
punjab,2007-02-01,15.75,101.92
punjab,2007-03-01,20.03,45.26
punjab,2007-04-01,30.25,5.7
punjab,2007-05-01,34.88,16.43
punjab,2007-06-01,36.64,102.6
punjab,2007-07-01,35.15,58.279999999999994
punjab,2007-08-01,33.01,119.66
punjab,2007-09-01,31.12,45.0
punjab,2007-10-01,25.67,2.48
punjab,2007-11-01,20.64,6.3
punjab,2007-12-01,13.7,3.1
punjab,2008-01-01,11.54,19.22
punjab,2008-02-01,14.84,5.51
punjab,2008-03-01,25.46,0.0
punjab,2008-04-01,27.93,38.1
punjab,2008-05-01,33.39,66.96000000000001
punjab,2008-06-01,33.3,209.1
punjab,2008-07-01,31.96,155.0
punjab,2008-08-01,29.03,305.96999999999997
punjab,2008-09-01,27.27,112.2
punjab,2008-10-01,25.05,10.540000000000001
punjab,2008-11-01,19.63,1.7999999999999998
punjab,2008-12-01,15.73,5.89
punjab,2009-01-01,14.27,22.32
punjab,2009-02-01,16.85,23.24
punjab,2009-03-01,22.51,35.029999999999994
punjab,2009-04-01,27.85,26.1
punjab,2009-05-01,34.88,14.569999999999999
punjab,2009-06-01,36.85,24.0
punjab,2009-07-01,35.73,110.67
punjab,2009-08-01,33.56,113.46000000000001
punjab,2009-09-01,29.74,70.8
punjab,2009-10-01,25.64,2.79
punjab,2009-11-01,19.11,6.0
punjab,2009-12-01,14.9,0.0
punjab,2010-01-01,13.47,5.89
punjab,2010-02-01,16.98,11.76
punjab,2010-03-01,26.05,2.1700000000000004
punjab,2010-04-01,32.34,0.8999999999999999
punjab,2010-05-01,35.79,5.89
punjab,2010-06-01,35.98,66.3
punjab,2010-07-01,32.81,234.98
punjab,2010-08-01,30.48,129.89000000000001
punjab,2010-09-01,28.19,156.9
punjab,2010-10-01,25.46,3.41
punjab,2010-11-01,19.76,0.3
punjab,2010-12-01,13.23,20.46
punjab,2011-01-01,11.42,1.55
punjab,2011-02-01,15.64,28.28
punjab,2011-03-01,22.67,7.13
punjab,2011-04-01,27.58,21.9
punjab,2011-05-01,35.82,15.19
punjab,2011-06-01,34.86,120.3
punjab,2011-07-01,32.88,125.24
punjab,2011-08-01,30.31,223.51
punjab,2011-09-01,28.22,136.79999999999998
punjab,2011-10-01,25.33,0.31
punjab,2011-11-01,20.49,2.1
punjab,2011-12-01,14.3,2.48
punjab,2012-01-01,11.49,25.110000000000003
punjab,2012-02-01,13.74,4.0600000000000005
punjab,2012-03-01,21.63,3.41
punjab,2012-04-01,28.27,34.5
punjab,2012-05-01,34.04,2.1700000000000004
punjab,2012-06-01,38.03,11.700000000000001
punjab,2012-07-01,35.72,97.96000000000001
punjab,2012-08-01,32.51,117.49
punjab,2012-09-01,28.87,139.5
punjab,2012-10-01,24.25,8.680000000000001
punjab,2012-11-01,18.55,1.2
punjab,2012-12-01,13.91,16.740000000000002
punjab,2013-01-01,11.15,17.669999999999998
punjab,2013-02-01,15.4,79.8
punjab,2013-03-01,21.78,14.879999999999999
punjab,2013-04-01,28.51,6.0
punjab,2013-05-01,35.16,4.03
punjab,2013-06-01,35.83,105.89999999999999
punjab,2013-07-01,33.49,192.20000000000002
punjab,2013-08-01,29.35,294.5
punjab,2013-09-01,28.81,27.0
punjab,2013-10-01,26.16,26.97
punjab,2013-11-01,18.26,8.7
punjab,2013-12-01,14.04,4.03
punjab,2014-01-01,12.54,28.52
punjab,2014-02-01,14.76,20.72
punjab,2014-03-01,20.5,39.37
punjab,2014-04-01,26.67,46.5
punjab,2014-05-01,32.7,26.349999999999998
punjab,2014-06-01,38.07,42.599999999999994
punjab,2014-07-01,34.92,94.55
punjab,2014-08-01,33.88,39.37
punjab,2014-09-01,27.27,304.8
punjab,2014-10-01,24.41,6.82
punjab,2014-11-01,18.45,6.3
punjab,2014-12-01,12.81,7.75
punjab,2015-01-01,11.89,27.28
punjab,2015-02-01,16.46,49.28
punjab,2015-03-01,19.56,115.01
punjab,2015-04-01,26.98,39.900000000000006
punjab,2015-05-01,33.53,21.080000000000002
punjab,2015-06-01,35.07,90.89999999999999
punjab,2015-07-01,31.72,241.49
punjab,2015-08-01,31.12,132.06
punjab,2015-09-01,29.43,90.0
punjab,2015-10-01,25.86,9.299999999999999
punjab,2015-11-01,19.94,3.3
punjab,2015-12-01,14.64,5.2700000000000005
punjab,2016-01-01,14.08,9.61
punjab,2016-02-01,16.73,7.54
punjab,2016-03-01,23.1,43.71
punjab,2016-04-01,30.13,3.9000000000000004
punjab,2016-05-01,35.08,57.970000000000006
punjab,2016-06-01,36.55,93.3
punjab,2016-07-01,32.98,208.94
punjab,2016-08-01,30.93,157.17000000000002
punjab,2016-09-01,30.11,43.199999999999996
punjab,2016-10-01,26.2,2.48
punjab,2016-11-01,20.0,1.7999999999999998
punjab,2016-12-01,16.46,1.24
punjab,2017-01-01,12.72,68.82000000000001
punjab,2017-02-01,16.69,7.28
punjab,2017-03-01,21.51,31.93
punjab,2017-04-01,30.04,24.0
punjab,2017-05-01,35.01,27.59
punjab,2017-06-01,34.62,144.9
punjab,2017-07-01,32.65,168.02
punjab,2017-08-01,30.85,217.93
punjab,2017-09-01,29.12,71.10000000000001
punjab,2017-10-01,26.06,0.0
punjab,2017-11-01,18.92,6.3
punjab,2017-12-01,14.53,19.53
punjab,2018-01-01,12.72,17.05
punjab,2018-02-01,16.77,23.24
punjab,2018-03-01,23.56,7.4399999999999995
punjab,2018-04-01,29.47,19.2
punjab,2018-05-01,34.57,9.92
punjab,2018-06-01,35.33,162.89999999999998
punjab,2018-07-01,31.31,299.77
punjab,2018-08-01,30.42,143.53
punjab,2018-09-01,28.03,238.8
punjab,2018-10-01,23.92,6.82
punjab,2018-11-01,18.81,6.3
punjab,2018-12-01,13.04,6.2
punjab,2019-01-01,11.24,42.779999999999994
punjab,2019-02-01,13.82,82.60000000000001
punjab,2019-03-01,19.32,15.5
punjab,2019-04-01,28.81,26.7
punjab,2019-05-01,32.77,28.52
punjab,2019-06-01,36.85,45.6
punjab,2019-07-01,33.03,236.53
punjab,2019-08-01,29.64,295.12
punjab,2019-09-01,28.72,125.70000000000002
punjab,2019-10-01,23.87,6.2
punjab,2019-11-01,19.07,27.900000000000002
punjab,2019-12-01,12.1,35.339999999999996
punjab,2020-01-01,10.82,57.660000000000004
punjab,2020-02-01,14.87,11.600000000000001
punjab,2020-03-01,18.89,100.44000000000001
punjab,2020-04-01,25.58,25.2
punjab,2020-05-01,31.77,60.76
punjab,2020-06-01,34.31,55.800000000000004
punjab,2020-07-01,33.28,219.17000000000002
punjab,2020-08-01,30.72,234.04999999999998
punjab,2020-09-01,29.73,20.7
punjab,2020-10-01,25.5,0.0
punjab,2020-11-01,18.02,20.1
punjab,2020-12-01,13.36,12.709999999999999
punjab,2021-01-01,11.96,18.599999999999998
punjab,2021-02-01,17.69,6.72
punjab,2021-03-01,24.26,9.61
punjab,2021-04-01,27.24,30.6
punjab,2021-05-01,32.73,35.029999999999994
punjab,2021-06-01,34.67,78.3
punjab,2021-07-01,33.43,279.62
punjab,2021-08-01,30.95,106.95
punjab,2021-09-01,28.8,184.5
punjab,2021-10-01,24.69,51.769999999999996
punjab,2021-11-01,18.19,0.3
punjab,2021-12-01,13.21,1.24
punjab,2022-01-01,11.7,127.72
punjab,2022-02-01,14.35,39.48
punjab,2022-03-01,23.67,2.1700000000000004
punjab,2022-04-01,31.59,0.3
punjab,2022-05-01,34.74,35.65
punjab,2022-06-01,35.84,64.5
punjab,2022-07-01,31.03,368.59000000000003
punjab,2022-08-01,29.0,157.79
punjab,2022-09-01,28.46,175.8
punjab,2022-10-01,23.95,24.18
punjab,2022-11-01,18.87,2.6999999999999997
punjab,2022-12-01,14.49,1.24
rajasthan,1999-01-01,14.67,8.370000000000001
rajasthan,1999-02-01,18.72,5.88
rajasthan,1999-03-01,24.42,0.0
rajasthan,1999-04-01,31.03,0.0
rajasthan,1999-05-01,33.8,8.370000000000001
rajasthan,1999-06-01,34.7,20.1
rajasthan,1999-07-01,33.59,62.62
rajasthan,1999-08-01,31.08,40.300000000000004
rajasthan,1999-09-01,32.56,22.8
rajasthan,1999-10-01,27.52,16.12
rajasthan,1999-11-01,22.89,0.0
rajasthan,1999-12-01,17.01,0.0
rajasthan,2000-01-01,15.79,0.9299999999999999
rajasthan,2000-02-01,16.08,5.800000000000001
rajasthan,2000-03-01,22.63,0.9299999999999999
rajasthan,2000-04-01,31.42,0.3
rajasthan,2000-05-01,34.84,19.22
rajasthan,2000-06-01,35.22,13.5
rajasthan,2000-07-01,31.42,119.97
rajasthan,2000-08-01,30.91,42.470000000000006
rajasthan,2000-09-01,31.73,8.100000000000001
rajasthan,2000-10-01,28.88,1.8599999999999999
rajasthan,2000-11-01,21.99,0.8999999999999999
rajasthan,2000-12-01,17.77,0.9299999999999999
rajasthan,2001-01-01,14.87,0.31
rajasthan,2001-02-01,18.75,1.12
rajasthan,2001-03-01,24.52,1.55
rajasthan,2001-04-01,29.67,11.4
rajasthan,2001-05-01,34.14,41.85
rajasthan,2001-06-01,33.29,75.6
rajasthan,2001-07-01,29.96,161.51
rajasthan,2001-08-01,29.5,83.39
rajasthan,2001-09-01,30.49,8.7
rajasthan,2001-10-01,28.03,21.080000000000002
rajasthan,2001-11-01,21.25,0.0
rajasthan,2001-12-01,17.65,0.0
rajasthan,2002-01-01,14.76,2.1700000000000004
rajasthan,2002-02-01,17.42,12.88
rajasthan,2002-03-01,24.96,0.62
rajasthan,2002-04-01,30.87,3.9000000000000004
rajasthan,2002-05-01,35.19,9.61
rajasthan,2002-06-01,36.49,27.3
rajasthan,2002-07-01,34.8,5.2700000000000005
rajasthan,2002-08-01,33.54,40.300000000000004
rajasthan,2002-09-01,31.54,11.1
rajasthan,2002-10-01,28.46,0.0
rajasthan,2002-11-01,22.3,0.8999999999999999
rajasthan,2002-12-01,17.75,12.709999999999999
rajasthan,2003-01-01,14.79,8.06
rajasthan,2003-02-01,18.12,27.439999999999998
rajasthan,2003-03-01,23.75,0.9299999999999999
rajasthan,2003-04-01,30.62,0.8999999999999999
rajasthan,2003-05-01,33.6,2.79
rajasthan,2003-06-01,34.66,55.800000000000004
rajasthan,2003-07-01,30.49,190.34
rajasthan,2003-08-01,30.04,83.7
rajasthan,2003-09-01,29.85,46.5
rajasthan,2003-10-01,26.01,1.8599999999999999
rajasthan,2003-11-01,20.52,0.0
rajasthan,2003-12-01,16.26,5.89
rajasthan,2004-01-01,15.45,4.340000000000001
rajasthan,2004-02-01,19.14,0.0
rajasthan,2004-03-01,26.7,0.0
rajasthan,2004-04-01,31.46,13.5
rajasthan,2004-05-01,33.54,8.99
rajasthan,2004-06-01,34.58,34.8
rajasthan,2004-07-01,33.65,82.46000000000001
rajasthan,2004-08-01,28.7,231.88000000000002
rajasthan,2004-09-01,29.42,17.7
rajasthan,2004-10-01,24.96,44.33
rajasthan,2004-11-01,21.92,0.3
rajasthan,2004-12-01,17.42,0.9299999999999999
rajasthan,2005-01-01,13.89,2.1700000000000004
rajasthan,2005-02-01,17.05,12.6
rajasthan,2005-03-01,24.44,5.2700000000000005
rajasthan,2005-04-01,28.68,16.8
rajasthan,2005-05-01,32.63,13.950000000000001
rajasthan,2005-06-01,35.19,75.0
rajasthan,2005-07-01,31.14,121.52
rajasthan,2005-08-01,31.32,16.740000000000002
rajasthan,2005-09-01,30.23,71.10000000000001
rajasthan,2005-10-01,26.55,0.0
rajasthan,2005-11-01,21.78,0.8999999999999999
rajasthan,2005-12-01,15.69,0.0
rajasthan,2006-01-01,15.61,0.0
rajasthan,2006-02-01,22.98,0.0
rajasthan,2006-03-01,23.63,12.709999999999999
rajasthan,2006-04-01,30.37,0.8999999999999999
rajasthan,2006-05-01,35.5,23.56
rajasthan,2006-06-01,32.98,84.0
rajasthan,2006-07-01,32.43,73.78
rajasthan,2006-08-01,29.97,75.02
rajasthan,2006-09-01,30.0,44.7
rajasthan,2006-10-01,27.62,9.299999999999999
rajasthan,2006-11-01,21.92,0.0
rajasthan,2006-12-01,16.91,2.1700000000000004
rajasthan,2007-01-01,15.51,1.55
rajasthan,2007-02-01,18.69,51.52
rajasthan,2007-03-01,22.74,21.7
rajasthan,2007-04-01,31.59,4.8
rajasthan,2007-05-01,34.27,9.299999999999999
rajasthan,2007-06-01,35.36,30.900000000000002
rajasthan,2007-07-01,31.72,89.28
rajasthan,2007-08-01,30.39,120.59
rajasthan,2007-09-01,29.81,66.0
rajasthan,2007-10-01,26.3,0.0
rajasthan,2007-11-01,22.43,0.0
rajasthan,2007-12-01,15.74,0.9299999999999999
rajasthan,2008-01-01,13.85,0.62
rajasthan,2008-02-01,16.71,0.29
rajasthan,2008-03-01,26.21,2.48
rajasthan,2008-04-01,29.25,23.400000000000002
rajasthan,2008-05-01,32.34,45.88
rajasthan,2008-06-01,32.18,133.5
rajasthan,2008-07-01,30.82,87.42
rajasthan,2008-08-01,29.08,104.47
rajasthan,2008-09-01,28.97,53.7
rajasthan,2008-10-01,27.94,0.62
rajasthan,2008-11-01,21.99,1.2
rajasthan,2008-12-01,19.13,1.8599999999999999
rajasthan,2009-01-01,16.37,1.8599999999999999
rajasthan,2009-02-01,19.52,2.8000000000000003
rajasthan,2009-03-01,25.1,5.2700000000000005
rajasthan,2009-04-01,29.73,1.5
rajasthan,2009-05-01,35.19,22.63
rajasthan,2009-06-01,34.91,34.8
rajasthan,2009-07-01,32.16,130.82
rajasthan,2009-08-01,31.3,71.92
rajasthan,2009-09-01,30.68,25.2
rajasthan,2009-10-01,27.28,7.75
rajasthan,2009-11-01,20.72,5.7
rajasthan,2009-12-01,17.44,0.31
rajasthan,2010-01-01,15.93,4.03
rajasthan,2010-02-01,18.77,4.48
rajasthan,2010-03-01,26.84,0.0
rajasthan,2010-04-01,32.45,2.4
rajasthan,2010-05-01,35.4,1.8599999999999999
rajasthan,2010-06-01,35.31,39.300000000000004
rajasthan,2010-07-01,32.06,161.20000000000002
rajasthan,2010-08-01,28.93,198.09
rajasthan,2010-09-01,26.84,116.39999999999999
rajasthan,2010-10-01,26.09,2.48
rajasthan,2010-11-01,21.13,45.0
rajasthan,2010-12-01,14.71,9.92
rajasthan,2011-01-01,13.49,0.0
rajasthan,2011-02-01,17.48,19.88
rajasthan,2011-03-01,24.23,2.1700000000000004
rajasthan,2011-04-01,28.91,3.3
rajasthan,2011-05-01,34.7,9.92
rajasthan,2011-06-01,35.16,54.0
rajasthan,2011-07-01,31.32,168.02
rajasthan,2011-08-01,28.89,135.78
rajasthan,2011-09-01,26.92,147.6
rajasthan,2011-10-01,25.54,0.31
rajasthan,2011-11-01,22.75,0.0
rajasthan,2011-12-01,16.31,0.0
rajasthan,2012-01-01,13.39,1.24
rajasthan,2012-02-01,16.32,0.0
rajasthan,2012-03-01,23.18,0.0
rajasthan,2012-04-01,29.71,16.5
rajasthan,2012-05-01,33.86,12.709999999999999
rajasthan,2012-06-01,35.45,6.3
rajasthan,2012-07-01,33.68,56.730000000000004
rajasthan,2012-08-01,28.65,346.58
rajasthan,2012-09-01,26.47,93.60000000000001
rajasthan,2012-10-01,24.6,2.1700000000000004
rajasthan,2012-11-01,19.7,0.0
rajasthan,2012-12-01,15.55,2.1700000000000004
rajasthan,2013-01-01,13.03,9.61
rajasthan,2013-02-01,16.48,22.12
rajasthan,2013-03-01,23.58,5.2700000000000005
rajasthan,2013-04-01,29.42,7.199999999999999
rajasthan,2013-05-01,33.87,4.03
rajasthan,2013-06-01,33.95,89.7
rajasthan,2013-07-01,31.32,159.65
rajasthan,2013-08-01,28.23,203.35999999999999
rajasthan,2013-09-01,28.47,63.0
rajasthan,2013-10-01,25.94,9.61
rajasthan,2013-11-01,20.16,2.1
rajasthan,2013-12-01,16.19,0.9299999999999999
rajasthan,2014-01-01,13.98,8.99
rajasthan,2014-02-01,16.97,13.16
rajasthan,2014-03-01,22.86,7.13
rajasthan,2014-04-01,29.4,12.299999999999999
rajasthan,2014-05-01,33.15,23.25
rajasthan,2014-06-01,35.7,23.400000000000002
rajasthan,2014-07-01,32.71,124.61999999999999
rajasthan,2014-08-01,29.36,135.16
rajasthan,2014-09-01,27.53,94.2
rajasthan,2014-10-01,26.15,2.1700000000000004
rajasthan,2014-11-01,21.9,0.0
rajasthan,2014-12-01,15.46,2.79
rajasthan,2015-01-01,14.09,7.4399999999999995
rajasthan,2015-02-01,19.07,0.84
rajasthan,2015-03-01,22.11,48.980000000000004
rajasthan,2015-04-01,28.89,29.7
rajasthan,2015-05-01,34.02,17.669999999999998
rajasthan,2015-06-01,33.46,78.89999999999999
rajasthan,2015-07-01,30.88,165.54
rajasthan,2015-08-01,29.37,79.05
rajasthan,2015-09-01,29.4,10.799999999999999
rajasthan,2015-10-01,27.14,10.540000000000001
rajasthan,2015-11-01,21.52,0.6
rajasthan,2015-12-01,16.23,0.0
rajasthan,2016-01-01,16.66,0.0
rajasthan,2016-02-01,18.8,5.51
rajasthan,2016-03-01,25.48,3.1
rajasthan,2016-04-01,30.89,0.0
rajasthan,2016-05-01,35.28,15.19
rajasthan,2016-06-01,35.22,60.3
rajasthan,2016-07-01,30.9,172.04999999999998
rajasthan,2016-08-01,28.26,194.68
rajasthan,2016-09-01,28.29,15.9
rajasthan,2016-10-01,26.06,51.769999999999996
rajasthan,2016-11-01,21.29,0.0
rajasthan,2016-12-01,18.73,0.0
rajasthan,2017-01-01,14.67,13.950000000000001
rajasthan,2017-02-01,18.82,0.0
rajasthan,2017-03-01,24.29,9.61
rajasthan,2017-04-01,30.78,5.7
rajasthan,2017-05-01,33.75,69.13
rajasthan,2017-06-01,33.65,91.8
rajasthan,2017-07-01,30.69,149.42000000000002
rajasthan,2017-08-01,29.16,85.55999999999999
rajasthan,2017-09-01,29.1,29.099999999999998
rajasthan,2017-10-01,27.39,0.0
rajasthan,2017-11-01,20.87,0.6
rajasthan,2017-12-01,16.67,4.03
rajasthan,2018-01-01,16.27,0.31
rajasthan,2018-02-01,20.29,0.0
rajasthan,2018-03-01,25.59,1.24
rajasthan,2018-04-01,31.0,6.9
rajasthan,2018-05-01,34.82,9.92
rajasthan,2018-06-01,35.03,62.099999999999994
rajasthan,2018-07-01,30.47,203.67000000000002
rajasthan,2018-08-01,29.13,65.72
rajasthan,2018-09-01,27.69,51.0
rajasthan,2018-10-01,26.19,0.62
rajasthan,2018-11-01,21.38,0.3
rajasthan,2018-12-01,15.44,0.9299999999999999
rajasthan,2019-01-01,14.46,5.89
rajasthan,2019-02-01,16.66,0.56
rajasthan,2019-03-01,22.66,1.24
rajasthan,2019-04-01,31.26,11.4
rajasthan,2019-05-01,33.53,13.950000000000001
rajasthan,2019-06-01,36.42,17.099999999999998
rajasthan,2019-07-01,31.72,256.37
rajasthan,2019-08-01,28.44,255.75
rajasthan,2019-09-01,28.23,54.0
rajasthan,2019-10-01,25.31,16.43
rajasthan,2019-11-01,21.75,13.2
rajasthan,2019-12-01,13.47,4.6499999999999995
rajasthan,2020-01-01,13.15,3.41
rajasthan,2020-02-01,17.79,0.0
rajasthan,2020-03-01,21.83,27.28
rajasthan,2020-04-01,29.41,14.399999999999999
rajasthan,2020-05-01,34.07,46.81
rajasthan,2020-06-01,34.41,45.0
rajasthan,2020-07-01,32.67,103.53999999999999
rajasthan,2020-08-01,30.08,171.74
rajasthan,2020-09-01,29.34,53.1
rajasthan,2020-10-01,26.88,2.79
rajasthan,2020-11-01,19.99,3.0
rajasthan,2020-12-01,16.78,0.0
rajasthan,2021-01-01,14.91,14.879999999999999
rajasthan,2021-02-01,20.62,0.0
rajasthan,2021-03-01,26.75,2.48
rajasthan,2021-04-01,30.28,2.1
rajasthan,2021-05-01,32.44,93.62
rajasthan,2021-06-01,33.99,48.300000000000004
rajasthan,2021-07-01,32.39,151.59
rajasthan,2021-08-01,30.54,73.78
rajasthan,2021-09-01,28.23,162.89999999999998
rajasthan,2021-10-01,25.79,18.91
rajasthan,2021-11-01,20.63,2.6999999999999997
rajasthan,2021-12-01,15.71,3.7199999999999998
rajasthan,2022-01-01,13.83,39.68
rajasthan,2022-02-01,18.45,2.8000000000000003
rajasthan,2022-03-01,26.96,2.1700000000000004
rajasthan,2022-04-01,32.86,0.0
rajasthan,2022-05-01,35.21,9.299999999999999
rajasthan,2022-06-01,34.16,84.6
rajasthan,2022-07-01,29.61,336.65999999999997
rajasthan,2022-08-01,27.7,130.82
rajasthan,2022-09-01,28.64,24.0
rajasthan,2022-10-01,25.72,13.02
rajasthan,2022-11-01,21.96,3.5999999999999996
rajasthan,2022-12-01,17.06,0.0
sikkim,1999-01-01,-0.21,0.9299999999999999
sikkim,1999-02-01,3.91,3.36
sikkim,1999-03-01,5.07,7.4399999999999995
sikkim,1999-04-01,8.78,27.900000000000002
sikkim,1999-05-01,11.19,77.80999999999999
sikkim,1999-06-01,13.04,113.7
sikkim,1999-07-01,13.5,175.46
sikkim,1999-08-01,13.0,252.96
sikkim,1999-09-01,11.89,96.9
sikkim,1999-10-01,8.5,74.71000000000001
sikkim,1999-11-01,5.0,0.3
sikkim,1999-12-01,1.05,0.31
sikkim,2000-01-01,-1.03,0.9299999999999999
sikkim,2000-02-01,-2.09,7.54
sikkim,2000-03-01,1.86,8.06
sikkim,2000-04-01,7.36,56.699999999999996
sikkim,2000-05-01,11.13,56.11
sikkim,2000-06-01,13.36,119.7
sikkim,2000-07-01,13.67,130.82
sikkim,2000-08-01,13.21,194.68
sikkim,2000-09-01,11.03,124.80000000000001
sikkim,2000-10-01,8.77,6.82
sikkim,2000-11-01,4.19,3.0
sikkim,2000-12-01,1.96,0.31
sikkim,2001-01-01,0.03,0.31
sikkim,2001-02-01,1.65,4.760000000000001
sikkim,2001-03-01,3.32,14.879999999999999
sikkim,2001-04-01,6.85,60.0
sikkim,2001-05-01,10.83,69.13
sikkim,2001-06-01,13.08,116.7
sikkim,2001-07-01,14.18,183.82999999999998
sikkim,2001-08-01,13.5,171.11999999999998
sikkim,2001-09-01,11.81,114.3
sikkim,2001-10-01,8.23,62.92999999999999
sikkim,2001-11-01,5.03,3.0
sikkim,2001-12-01,1.25,0.0
sikkim,2002-01-01,-1.13,6.2
sikkim,2002-02-01,1.94,4.2
sikkim,2002-03-01,4.1,23.87
sikkim,2002-04-01,7.04,51.3
sikkim,2002-05-01,10.28,56.42
sikkim,2002-06-01,13.21,99.0
sikkim,2002-07-01,13.55,238.07999999999998
sikkim,2002-08-01,13.04,174.53
sikkim,2002-09-01,11.2,71.10000000000001
sikkim,2002-10-01,7.42,13.02
sikkim,2002-11-01,4.63,1.5
sikkim,2002-12-01,1.28,1.24
sikkim,2003-01-01,0.32,6.51
sikkim,2003-02-01,-0.23,31.639999999999997
sikkim,2003-03-01,3.01,12.709999999999999
sikkim,2003-04-01,7.6,31.5
sikkim,2003-05-01,9.4,36.269999999999996
sikkim,2003-06-01,12.96,145.8
sikkim,2003-07-01,13.36,239.01
sikkim,2003-08-01,13.82,116.87
sikkim,2003-09-01,12.36,72.6
sikkim,2003-10-01,8.76,88.35000000000001
sikkim,2003-11-01,4.53,2.4
sikkim,2003-12-01,1.05,9.92
sikkim,2004-01-01,-0.96,8.06
sikkim,2004-02-01,0.75,0.87
sikkim,2004-03-01,5.93,7.75
sikkim,2004-04-01,7.46,37.8
sikkim,2004-05-01,10.71,44.949999999999996
sikkim,2004-06-01,12.82,109.2
sikkim,2004-07-01,12.87,296.67
sikkim,2004-08-01,13.37,136.71
sikkim,2004-09-01,11.87,92.4
sikkim,2004-10-01,7.05,50.839999999999996
sikkim,2004-11-01,3.07,3.0
sikkim,2004-12-01,2.06,0.0
sikkim,2005-01-01,-0.29,8.370000000000001
sikkim,2005-02-01,1.08,5.6000000000000005
sikkim,2005-03-01,4.52,20.77
sikkim,2005-04-01,6.88,43.8
sikkim,2005-05-01,9.18,46.81
sikkim,2005-06-01,13.06,76.5
sikkim,2005-07-01,13.58,230.02
sikkim,2005-08-01,13.64,245.52
sikkim,2005-09-01,12.18,79.80000000000001
sikkim,2005-10-01,8.03,97.34
sikkim,2005-11-01,4.25,0.0
sikkim,2005-12-01,2.0,0.0
sikkim,2006-01-01,2.24,0.0
sikkim,2006-02-01,3.96,0.28
sikkim,2006-03-01,3.9,14.26
sikkim,2006-04-01,6.62,48.6
sikkim,2006-05-01,11.07,45.26
sikkim,2006-06-01,12.83,108.60000000000001
sikkim,2006-07-01,14.27,218.54999999999998
sikkim,2006-08-01,13.35,114.39
sikkim,2006-09-01,11.64,178.8
sikkim,2006-10-01,7.71,18.91
sikkim,2006-11-01,3.66,10.5
sikkim,2006-12-01,2.33,3.41
sikkim,2007-01-01,0.45,2.1700000000000004
sikkim,2007-02-01,-0.39,25.48
sikkim,2007-03-01,4.12,7.13
sikkim,2007-04-01,8.13,21.9
sikkim,2007-05-01,11.02,88.66
sikkim,2007-06-01,12.94,101.39999999999999
sikkim,2007-07-01,13.51,323.02
sikkim,2007-08-01,13.55,154.69
sikkim,2007-09-01,11.49,168.9
sikkim,2007-10-01,9.0,17.98
sikkim,2007-11-01,4.56,3.0
sikkim,2007-12-01,1.91,0.0
sikkim,2008-01-01,-0.5,10.540000000000001
sikkim,2008-02-01,-0.91,1.16
sikkim,2008-03-01,3.82,40.300000000000004
sikkim,2008-04-01,7.08,24.0
sikkim,2008-05-01,10.27,50.529999999999994
sikkim,2008-06-01,12.98,191.4
sikkim,2008-07-01,13.58,193.44
sikkim,2008-08-01,12.83,242.73
sikkim,2008-09-01,11.51,55.5
sikkim,2008-10-01,8.0,61.07
sikkim,2008-11-01,5.58,5.3999999999999995
sikkim,2008-12-01,3.24,0.0
sikkim,2009-01-01,2.13,1.24
sikkim,2009-02-01,2.64,1.12
sikkim,2009-03-01,4.0,10.23
sikkim,2009-04-01,8.02,23.1
sikkim,2009-05-01,9.95,206.77
sikkim,2009-06-01,12.73,53.7
sikkim,2009-07-01,14.24,209.56
sikkim,2009-08-01,13.3,241.18
sikkim,2009-09-01,11.95,72.30000000000001
sikkim,2009-10-01,8.19,102.92
sikkim,2009-11-01,4.56,1.7999999999999998
sikkim,2009-12-01,1.17,0.9299999999999999
sikkim,2010-01-01,1.03,0.0
sikkim,2010-02-01,1.05,1.12
sikkim,2010-03-01,5.31,18.29
sikkim,2010-04-01,8.59,17.7
sikkim,2010-05-01,10.54,134.23
sikkim,2010-06-01,12.96,157.20000000000002
sikkim,2010-07-01,13.47,315.27
sikkim,2010-08-01,13.32,269.7
sikkim,2010-09-01,11.69,192.6
sikkim,2010-10-01,8.54,38.13
sikkim,2010-11-01,5.59,10.200000000000001
sikkim,2010-12-01,1.18,0.31
sikkim,2011-01-01,-1.47,3.1
sikkim,2011-02-01,0.87,19.32
sikkim,2011-03-01,3.96,7.75
sikkim,2011-04-01,6.28,39.300000000000004
sikkim,2011-05-01,10.46,73.47
sikkim,2011-06-01,12.74,168.3
sikkim,2011-07-01,13.33,312.48
sikkim,2011-08-01,12.63,252.65
sikkim,2011-09-01,11.82,168.9
sikkim,2011-10-01,8.27,10.85
sikkim,2011-11-01,4.55,6.3
sikkim,2011-12-01,2.02,2.48
sikkim,2012-01-01,-2.69,6.51
sikkim,2012-02-01,0.66,13.05
sikkim,2012-03-01,3.26,8.680000000000001
sikkim,2012-04-01,6.97,45.9
sikkim,2012-05-01,10.29,67.89
sikkim,2012-06-01,13.63,109.2
sikkim,2012-07-01,13.84,262.88
sikkim,2012-08-01,13.44,186.31
sikkim,2012-09-01,12.19,165.9
sikkim,2012-10-01,7.48,21.7
sikkim,2012-11-01,3.69,0.0
sikkim,2012-12-01,1.88,0.0
sikkim,2013-01-01,-0.72,3.41
sikkim,2013-02-01,1.79,26.88
sikkim,2013-03-01,4.98,16.43
sikkim,2013-04-01,6.97,35.4
sikkim,2013-05-01,10.45,145.07999999999998
sikkim,2013-06-01,13.45,171.6
sikkim,2013-07-01,13.78,236.84
sikkim,2013-08-01,13.02,254.51000000000002
sikkim,2013-09-01,11.87,103.8
sikkim,2013-10-01,8.12,127.41000000000001
sikkim,2013-11-01,4.71,0.0
sikkim,2013-12-01,1.15,0.62
sikkim,2014-01-01,0.66,0.31
sikkim,2014-02-01,1.03,5.04
sikkim,2014-03-01,3.79,13.950000000000001
sikkim,2014-04-01,7.0,31.8
sikkim,2014-05-01,10.02,161.20000000000002
sikkim,2014-06-01,13.54,167.10000000000002
sikkim,2014-07-01,13.97,185.69
sikkim,2014-08-01,13.21,184.76
sikkim,2014-09-01,11.7,138.3
sikkim,2014-10-01,7.99,8.370000000000001
sikkim,2014-11-01,5.15,0.0
sikkim,2014-12-01,2.8,4.03
sikkim,2015-01-01,0.16,7.4399999999999995
sikkim,2015-02-01,1.64,8.12
sikkim,2015-03-01,4.63,32.86
sikkim,2015-04-01,6.6,55.800000000000004
sikkim,2015-05-01,10.65,86.8
sikkim,2015-06-01,13.25,179.1
sikkim,2015-07-01,13.26,163.99
sikkim,2015-08-01,13.13,262.57
sikkim,2015-09-01,12.35,137.10000000000002
sikkim,2015-10-01,8.54,15.81
sikkim,2015-11-01,5.47,1.2
sikkim,2015-12-01,0.62,0.9299999999999999
sikkim,2016-01-01,-0.98,8.370000000000001
sikkim,2016-02-01,2.59,5.800000000000001
sikkim,2016-03-01,4.86,69.75
sikkim,2016-04-01,8.39,105.3
sikkim,2016-05-01,9.79,195.60999999999999
sikkim,2016-06-01,12.89,283.2
sikkim,2016-07-01,13.37,414.46999999999997
sikkim,2016-08-01,13.5,186.93
sikkim,2016-09-01,11.67,263.09999999999997
sikkim,2016-10-01,9.23,80.60000000000001
sikkim,2016-11-01,5.81,0.0
sikkim,2016-12-01,4.06,0.0
sikkim,2017-01-01,-0.05,4.340000000000001
sikkim,2017-02-01,2.77,4.760000000000001
sikkim,2017-03-01,2.84,82.77
sikkim,2017-04-01,7.52,114.9
sikkim,2017-05-01,9.95,184.45000000000002
sikkim,2017-06-01,13.11,190.8
sikkim,2017-07-01,13.21,308.14
sikkim,2017-08-01,13.42,359.29
sikkim,2017-09-01,12.34,165.6
sikkim,2017-10-01,9.1,56.730000000000004
sikkim,2017-11-01,4.73,3.9000000000000004
sikkim,2017-12-01,3.96,0.0
sikkim,2018-01-01,0.81,0.62
sikkim,2018-02-01,1.89,13.16
sikkim,2018-03-01,3.7,59.519999999999996
sikkim,2018-04-01,6.6,106.2
sikkim,2018-05-01,9.69,181.35
sikkim,2018-06-01,13.02,212.4
sikkim,2018-07-01,13.81,318.68
sikkim,2018-08-01,13.45,383.46999999999997
sikkim,2018-09-01,12.42,201.6
sikkim,2018-10-01,6.78,22.63
sikkim,2018-11-01,3.96,4.8
sikkim,2018-12-01,0.04,14.879999999999999
sikkim,2019-01-01,-1.28,2.1700000000000004
sikkim,2019-02-01,0.42,38.36
sikkim,2019-03-01,2.78,52.39
sikkim,2019-04-01,7.37,129.9
sikkim,2019-05-01,9.64,168.32999999999998
sikkim,2019-06-01,13.0,222.0
sikkim,2019-07-01,13.46,447.64
sikkim,2019-08-01,13.75,262.57
sikkim,2019-09-01,11.79,238.8
sikkim,2019-10-01,8.79,33.17
sikkim,2019-11-01,6.25,1.7999999999999998
sikkim,2019-12-01,0.18,8.99
sikkim,2020-01-01,-1.76,21.7
sikkim,2020-02-01,0.17,25.52
sikkim,2020-03-01,3.31,80.28999999999999
sikkim,2020-04-01,5.69,111.3
sikkim,2020-05-01,9.3,168.95000000000002
sikkim,2020-06-01,12.6,376.8
sikkim,2020-07-01,13.29,575.67
sikkim,2020-08-01,13.75,303.8
sikkim,2020-09-01,12.52,381.90000000000003
sikkim,2020-10-01,10.22,33.79
sikkim,2020-11-01,4.33,0.6
sikkim,2020-12-01,2.06,9.61
sikkim,2021-01-01,1.63,7.75
sikkim,2021-02-01,1.42,22.12
sikkim,2021-03-01,3.77,50.839999999999996
sikkim,2021-04-01,5.97,107.1
sikkim,2021-05-01,9.47,208.94
sikkim,2021-06-01,12.82,371.09999999999997
sikkim,2021-07-01,13.43,405.79
sikkim,2021-08-01,13.29,351.54
sikkim,2021-09-01,12.02,197.10000000000002
sikkim,2021-10-01,9.61,200.57
sikkim,2021-11-01,5.24,3.9000000000000004
sikkim,2021-12-01,1.37,13.33
sikkim,2022-01-01,-1.25,7.75
sikkim,2022-02-01,-1.83,35.84
sikkim,2022-03-01,6.18,35.029999999999994
sikkim,2022-04-01,8.13,208.20000000000002
sikkim,2022-05-01,10.27,211.42000000000002
sikkim,2022-06-01,12.81,480.59999999999997
sikkim,2022-07-01,13.7,284.27
sikkim,2022-08-01,13.7,342.23999999999995
sikkim,2022-09-01,12.36,231.0
sikkim,2022-10-01,8.65,92.69000000000001
sikkim,2022-11-01,5.25,2.4
sikkim,2022-12-01,2.8,1.24
tamil_nadu,1999-01-01,22.79,1.24
tamil_nadu,1999-02-01,26.07,4.48
tamil_nadu,1999-03-01,29.8,1.24
tamil_nadu,1999-04-01,30.9,43.8
tamil_nadu,1999-05-01,28.93,84.01
tamil_nadu,1999-06-01,28.69,38.1
tamil_nadu,1999-07-01,28.5,22.32
tamil_nadu,1999-08-01,28.79,38.75
tamil_nadu,1999-09-01,29.95,45.9
tamil_nadu,1999-10-01,25.92,244.28
tamil_nadu,1999-11-01,24.29,135.0
tamil_nadu,1999-12-01,22.72,46.19
tamil_nadu,2000-01-01,24.13,11.16
tamil_nadu,2000-02-01,26.84,55.68
tamil_nadu,2000-03-01,28.93,0.62
tamil_nadu,2000-04-01,31.91,15.600000000000001
tamil_nadu,2000-05-01,31.24,77.19000000000001
tamil_nadu,2000-06-01,28.89,15.0
tamil_nadu,2000-07-01,29.42,109.12
tamil_nadu,2000-08-01,27.54,54.25
tamil_nadu,2000-09-01,27.6,145.5
tamil_nadu,2000-10-01,25.87,143.84
tamil_nadu,2000-11-01,24.79,166.79999999999998
tamil_nadu,2000-12-01,22.78,74.09
tamil_nadu,2001-01-01,24.15,2.1700000000000004
tamil_nadu,2001-02-01,26.82,1.68
tamil_nadu,2001-03-01,30.57,0.62
tamil_nadu,2001-04-01,29.56,91.8
tamil_nadu,2001-05-01,30.54,45.88
tamil_nadu,2001-06-01,29.0,25.2
tamil_nadu,2001-07-01,29.4,113.46000000000001
tamil_nadu,2001-08-01,28.44,42.160000000000004
tamil_nadu,2001-09-01,27.64,115.8
tamil_nadu,2001-10-01,26.57,119.66
tamil_nadu,2001-11-01,24.78,125.39999999999999
tamil_nadu,2001-12-01,23.68,35.029999999999994
tamil_nadu,2002-01-01,24.91,13.64
tamil_nadu,2002-02-01,25.23,75.60000000000001
tamil_nadu,2002-03-01,29.13,1.55
tamil_nadu,2002-04-01,32.14,4.5
tamil_nadu,2002-05-01,30.57,75.02
tamil_nadu,2002-06-01,28.87,95.7
tamil_nadu,2002-07-01,30.4,6.2
tamil_nadu,2002-08-01,29.53,17.98
tamil_nadu,2002-09-01,29.96,48.6
tamil_nadu,2002-10-01,27.07,179.49
tamil_nadu,2002-11-01,24.98,36.6
tamil_nadu,2002-12-01,23.95,26.04
tamil_nadu,2003-01-01,25.24,0.9299999999999999
tamil_nadu,2003-02-01,28.24,2.8000000000000003
tamil_nadu,2003-03-01,29.25,22.009999999999998
tamil_nadu,2003-04-01,31.74,21.0
tamil_nadu,2003-05-01,30.52,99.2
tamil_nadu,2003-06-01,29.72,17.4
tamil_nadu,2003-07-01,28.34,70.67999999999999
tamil_nadu,2003-08-01,28.04,100.13
tamil_nadu,2003-09-01,28.68,96.60000000000001
tamil_nadu,2003-10-01,26.47,177.32
tamil_nadu,2003-11-01,24.26,167.4
tamil_nadu,2003-12-01,23.62,4.6499999999999995
tamil_nadu,2004-01-01,24.6,5.58
tamil_nadu,2004-02-01,26.46,0.0
tamil_nadu,2004-03-01,29.91,1.55
tamil_nadu,2004-04-01,32.04,10.799999999999999
tamil_nadu,2004-05-01,27.94,215.76
tamil_nadu,2004-06-01,28.27,16.5
tamil_nadu,2004-07-01,27.48,113.46000000000001
tamil_nadu,2004-08-01,28.61,25.73
tamil_nadu,2004-09-01,26.87,259.8
tamil_nadu,2004-10-01,25.53,215.14000000000001
tamil_nadu,2004-11-01,23.92,153.3
tamil_nadu,2004-12-01,22.39,14.569999999999999
tamil_nadu,2005-01-01,24.12,5.89
tamil_nadu,2005-02-01,26.2,5.04
tamil_nadu,2005-03-01,29.85,17.669999999999998
tamil_nadu,2005-04-01,28.83,117.9
tamil_nadu,2005-05-01,30.46,51.769999999999996
tamil_nadu,2005-06-01,30.03,5.7
tamil_nadu,2005-07-01,29.17,28.21
tamil_nadu,2005-08-01,30.11,53.32
tamil_nadu,2005-09-01,28.2,89.4
tamil_nadu,2005-10-01,26.51,323.02
tamil_nadu,2005-11-01,23.31,375.59999999999997
tamil_nadu,2005-12-01,23.06,100.44000000000001
tamil_nadu,2006-01-01,22.21,17.05
tamil_nadu,2006-02-01,23.78,0.0
tamil_nadu,2006-03-01,28.23,41.85
tamil_nadu,2006-04-01,31.25,26.4
tamil_nadu,2006-05-01,30.29,79.36
tamil_nadu,2006-06-01,29.24,24.9
tamil_nadu,2006-07-01,30.06,8.06
tamil_nadu,2006-08-01,29.12,126.48
tamil_nadu,2006-09-01,27.06,80.7
tamil_nadu,2006-10-01,26.87,186.93
tamil_nadu,2006-11-01,24.63,149.1
tamil_nadu,2006-12-01,23.07,26.66
tamil_nadu,2007-01-01,23.99,3.41
tamil_nadu,2007-02-01,26.28,7.0
tamil_nadu,2007-03-01,29.59,0.31
tamil_nadu,2007-04-01,30.67,36.6
tamil_nadu,2007-05-01,31.14,44.019999999999996
tamil_nadu,2007-06-01,29.88,39.6
tamil_nadu,2007-07-01,28.71,72.85000000000001
tamil_nadu,2007-08-01,27.9,96.72
tamil_nadu,2007-09-01,27.71,46.2
tamil_nadu,2007-10-01,26.73,196.85
tamil_nadu,2007-11-01,23.98,68.7
tamil_nadu,2007-12-01,23.19,204.6
tamil_nadu,2008-01-01,22.85,13.64
tamil_nadu,2008-02-01,25.7,25.23
tamil_nadu,2008-03-01,26.07,135.16
tamil_nadu,2008-04-01,28.83,12.6
tamil_nadu,2008-05-01,30.44,58.589999999999996
tamil_nadu,2008-06-01,29.69,20.1
tamil_nadu,2008-07-01,29.04,121.83
tamil_nadu,2008-08-01,27.63,146.01
tamil_nadu,2008-09-01,27.46,31.8
tamil_nadu,2008-10-01,26.78,172.67000000000002
tamil_nadu,2008-11-01,25.04,315.3
tamil_nadu,2008-12-01,22.5,37.199999999999996
tamil_nadu,2009-01-01,22.72,10.23
tamil_nadu,2009-02-01,25.21,0.0
tamil_nadu,2009-03-01,28.37,23.25
tamil_nadu,2009-04-01,30.88,30.0
tamil_nadu,2009-05-01,31.5,34.1
tamil_nadu,2009-06-01,30.38,18.3
tamil_nadu,2009-07-01,29.63,21.389999999999997
tamil_nadu,2009-08-01,29.09,59.21
tamil_nadu,2009-09-01,29.01,66.60000000000001
tamil_nadu,2009-10-01,28.54,58.589999999999996
tamil_nadu,2009-11-01,25.12,262.2
tamil_nadu,2009-12-01,23.8,84.94000000000001
tamil_nadu,2010-01-01,23.96,8.99
tamil_nadu,2010-02-01,25.98,0.0
tamil_nadu,2010-03-01,29.94,0.62
tamil_nadu,2010-04-01,32.33,33.6
tamil_nadu,2010-05-01,30.8,87.42
tamil_nadu,2010-06-01,28.97,78.89999999999999
tamil_nadu,2010-07-01,28.11,50.839999999999996
tamil_nadu,2010-08-01,28.17,115.63
tamil_nadu,2010-09-01,27.51,100.5
tamil_nadu,2010-10-01,27.12,130.20000000000002
tamil_nadu,2010-11-01,24.78,318.90000000000003
tamil_nadu,2010-12-01,23.06,122.14
tamil_nadu,2011-01-01,22.58,8.680000000000001
tamil_nadu,2011-02-01,24.66,10.92
tamil_nadu,2011-03-01,28.28,0.9299999999999999
tamil_nadu,2011-04-01,30.13,72.0
tamil_nadu,2011-05-01,30.74,40.300000000000004
tamil_nadu,2011-06-01,29.99,16.200000000000003
tamil_nadu,2011-07-01,28.45,62.92999999999999
tamil_nadu,2011-08-01,28.56,82.46000000000001
tamil_nadu,2011-09-01,28.27,138.3
tamil_nadu,2011-10-01,26.37,203.35999999999999
tamil_nadu,2011-11-01,24.2,198.9
tamil_nadu,2011-12-01,23.15,40.61
tamil_nadu,2012-01-01,23.42,5.89
tamil_nadu,2012-02-01,25.76,0.0
tamil_nadu,2012-03-01,30.26,4.6499999999999995
tamil_nadu,2012-04-01,31.01,40.5
tamil_nadu,2012-05-01,29.8,69.13
tamil_nadu,2012-06-01,29.15,61.49999999999999
tamil_nadu,2012-07-01,29.15,45.57
tamil_nadu,2012-08-01,28.68,85.25
tamil_nadu,2012-09-01,28.41,110.1
tamil_nadu,2012-10-01,26.32,268.46
tamil_nadu,2012-11-01,24.61,15.0
tamil_nadu,2012-12-01,24.9,15.81
tamil_nadu,2013-01-01,25.37,2.79
tamil_nadu,2013-02-01,27.07,15.680000000000001
tamil_nadu,2013-03-01,29.43,15.19
tamil_nadu,2013-04-01,32.57,7.800000000000001
tamil_nadu,2013-05-01,31.96,33.79
tamil_nadu,2013-06-01,29.1,37.5
tamil_nadu,2013-07-01,29.15,16.43
tamil_nadu,2013-08-01,28.64,107.57000000000001
tamil_nadu,2013-09-01,27.33,132.0
tamil_nadu,2013-10-01,27.27,112.84
tamil_nadu,2013-11-01,25.19,115.8
tamil_nadu,2013-12-01,23.74,50.529999999999994
tamil_nadu,2014-01-01,24.64,2.79
tamil_nadu,2014-02-01,26.73,5.6000000000000005
tamil_nadu,2014-03-01,28.93,0.62
tamil_nadu,2014-04-01,31.79,2.6999999999999997
tamil_nadu,2014-05-01,29.81,128.03
tamil_nadu,2014-06-01,30.05,40.5
tamil_nadu,2014-07-01,29.65,20.77
tamil_nadu,2014-08-01,28.61,87.11
tamil_nadu,2014-09-01,28.82,71.10000000000001
tamil_nadu,2014-10-01,26.84,199.02
tamil_nadu,2014-11-01,24.38,100.8
tamil_nadu,2014-12-01,24.08,39.68
tamil_nadu,2015-01-01,24.2,6.82
tamil_nadu,2015-02-01,25.93,0.84
tamil_nadu,2015-03-01,29.34,5.2700000000000005
tamil_nadu,2015-04-01,29.71,111.3
tamil_nadu,2015-05-01,28.87,132.68
tamil_nadu,2015-06-01,28.31,81.3
tamil_nadu,2015-07-01,29.46,19.22
tamil_nadu,2015-08-01,29.58,87.73
tamil_nadu,2015-09-01,28.91,81.3
tamil_nadu,2015-10-01,26.8,151.9
tamil_nadu,2015-11-01,24.77,322.8
tamil_nadu,2015-12-01,23.63,123.69000000000001
tamil_nadu,2016-01-01,22.65,0.31
tamil_nadu,2016-02-01,25.86,0.0
tamil_nadu,2016-03-01,29.92,0.9299999999999999
tamil_nadu,2016-04-01,32.97,3.0
tamil_nadu,2016-05-01,30.89,121.83
tamil_nadu,2016-06-01,29.09,43.8
tamil_nadu,2016-07-01,28.94,90.52
tamil_nadu,2016-08-01,29.12,63.55
tamil_nadu,2016-09-01,29.26,22.5
tamil_nadu,2016-10-01,28.74,60.14
tamil_nadu,2016-11-01,26.52,22.8
tamil_nadu,2016-12-01,25.4,47.43
tamil_nadu,2017-01-01,24.92,42.779999999999994
tamil_nadu,2017-02-01,25.43,2.24
tamil_nadu,2017-03-01,28.88,39.06
tamil_nadu,2017-04-01,32.95,5.3999999999999995
tamil_nadu,2017-05-01,30.91,57.04
tamil_nadu,2017-06-01,29.79,34.5
tamil_nadu,2017-07-01,30.5,50.529999999999994
tamil_nadu,2017-08-01,28.23,128.03
tamil_nadu,2017-09-01,27.06,143.1
tamil_nadu,2017-10-01,26.9,105.71000000000001
tamil_nadu,2017-11-01,25.06,171.6
tamil_nadu,2017-12-01,23.59,50.839999999999996
tamil_nadu,2018-01-01,23.58,12.09
tamil_nadu,2018-02-01,25.1,14.84
tamil_nadu,2018-03-01,28.81,11.47
tamil_nadu,2018-04-01,31.33,19.8
tamil_nadu,2018-05-01,29.63,96.10000000000001
tamil_nadu,2018-06-01,29.06,51.0
tamil_nadu,2018-07-01,28.66,64.48
tamil_nadu,2018-08-01,28.98,35.029999999999994
tamil_nadu,2018-09-01,29.14,106.2
tamil_nadu,2018-10-01,26.68,112.84
tamil_nadu,2018-11-01,25.17,162.0
tamil_nadu,2018-12-01,24.41,17.98
tamil_nadu,2019-01-01,23.7,0.0
tamil_nadu,2019-02-01,27.93,3.08
tamil_nadu,2019-03-01,30.35,0.62
tamil_nadu,2019-04-01,32.16,16.5
tamil_nadu,2019-05-01,33.22,21.7
tamil_nadu,2019-06-01,31.07,35.099999999999994
tamil_nadu,2019-07-01,29.89,48.36
tamil_nadu,2019-08-01,28.51,125.55
tamil_nadu,2019-09-01,27.28,194.1
tamil_nadu,2019-10-01,25.91,190.96
tamil_nadu,2019-11-01,25.44,145.2
tamil_nadu,2019-12-01,23.9,82.77
tamil_nadu,2020-01-01,24.25,8.680000000000001
tamil_nadu,2020-02-01,26.15,0.29
tamil_nadu,2020-03-01,29.84,0.31
tamil_nadu,2020-04-01,31.44,20.7
tamil_nadu,2020-05-01,32.83,21.080000000000002
tamil_nadu,2020-06-01,29.79,61.49999999999999
tamil_nadu,2020-07-01,27.73,155.93
tamil_nadu,2020-08-01,28.0,88.66
tamil_nadu,2020-09-01,26.91,137.7
tamil_nadu,2020-10-01,26.6,92.69000000000001
tamil_nadu,2020-11-01,25.46,176.1
tamil_nadu,2020-12-01,23.28,205.22
tamil_nadu,2021-01-01,23.44,142.29
tamil_nadu,2021-02-01,23.47,8.68
tamil_nadu,2021-03-01,27.33,5.89
tamil_nadu,2021-04-01,30.51,32.7
tamil_nadu,2021-05-01,30.03,83.7
tamil_nadu,2021-06-01,29.29,60.89999999999999
tamil_nadu,2021-07-01,28.09,114.7
tamil_nadu,2021-08-01,28.03,120.28
tamil_nadu,2021-09-01,27.17,157.20000000000002
tamil_nadu,2021-10-01,26.25,216.38000000000002
tamil_nadu,2021-11-01,24.8,371.40000000000003
tamil_nadu,2021-12-01,23.28,37.82
tamil_nadu,2022-01-01,23.79,30.07
tamil_nadu,2022-02-01,24.72,13.16
tamil_nadu,2022-03-01,28.41,21.7
tamil_nadu,2022-04-01,30.0,57.0
tamil_nadu,2022-05-01,30.19,87.11
tamil_nadu,2022-06-01,28.55,99.6
tamil_nadu,2022-07-01,28.25,99.2
tamil_nadu,2022-08-01,27.49,117.17999999999999
tamil_nadu,2022-09-01,27.5,107.69999999999999
tamil_nadu,2022-10-01,26.29,150.35
tamil_nadu,2022-11-01,24.37,142.5
tamil_nadu,2022-12-01,23.96,109.42999999999999
telangana,1999-01-01,19.82,0.0
telangana,1999-02-01,25.28,3.9200000000000004
telangana,1999-03-01,30.09,0.0
telangana,1999-04-01,33.12,6.0
telangana,1999-05-01,31.48,79.36
telangana,1999-06-01,27.89,71.10000000000001
telangana,1999-07-01,26.55,128.03
telangana,1999-08-01,25.17,128.65
telangana,1999-09-01,25.03,123.60000000000001
telangana,1999-10-01,24.52,38.75
telangana,1999-11-01,22.16,0.0
telangana,1999-12-01,20.5,0.0
telangana,2000-01-01,22.85,0.0
telangana,2000-02-01,24.86,55.39
telangana,2000-03-01,27.53,0.62
telangana,2000-04-01,33.85,0.6
telangana,2000-05-01,31.79,42.779999999999994
telangana,2000-06-01,26.67,227.4
telangana,2000-07-01,25.55,108.5
telangana,2000-08-01,25.17,387.81
telangana,2000-09-01,24.95,58.8
telangana,2000-10-01,25.06,20.77
telangana,2000-11-01,23.17,2.6999999999999997
telangana,2000-12-01,21.79,1.24
telangana,2001-01-01,22.75,7.4399999999999995
telangana,2001-02-01,25.96,0.0
telangana,2001-03-01,29.04,35.339999999999996
telangana,2001-04-01,31.37,32.1
telangana,2001-05-01,34.7,2.79
telangana,2001-06-01,27.2,176.7
telangana,2001-07-01,26.91,71.92
telangana,2001-08-01,24.77,235.29
telangana,2001-09-01,25.5,114.0
telangana,2001-10-01,23.69,111.28999999999999
telangana,2001-11-01,22.67,1.5
telangana,2001-12-01,20.54,0.0
telangana,2002-01-01,21.9,20.77
telangana,2002-02-01,25.59,0.84
telangana,2002-03-01,29.6,9.299999999999999
telangana,2002-04-01,33.69,2.4
telangana,2002-05-01,34.01,55.18
telangana,2002-06-01,28.81,171.3
telangana,2002-07-01,27.39,84.32000000000001
telangana,2002-08-01,25.04,263.19
telangana,2002-09-01,25.63,39.900000000000006
telangana,2002-10-01,24.98,83.7
telangana,2002-11-01,22.98,1.5
telangana,2002-12-01,22.76,0.62
telangana,2003-01-01,23.14,0.0
telangana,2003-02-01,26.74,5.88
telangana,2003-03-01,29.35,10.23
telangana,2003-04-01,32.74,21.599999999999998
telangana,2003-05-01,34.81,0.31
telangana,2003-06-01,30.71,82.8
telangana,2003-07-01,25.78,298.84000000000003
telangana,2003-08-01,24.93,178.86999999999998
telangana,2003-09-01,24.99,70.5
telangana,2003-10-01,24.0,142.29
telangana,2003-11-01,21.33,0.3
telangana,2003-12-01,20.09,2.79
telangana,2004-01-01,21.18,36.269999999999996
telangana,2004-02-01,23.2,10.44
telangana,2004-03-01,29.79,18.29
telangana,2004-04-01,31.44,42.9
telangana,2004-05-01,30.73,36.89
telangana,2004-06-01,29.41,40.2
telangana,2004-07-01,25.63,250.17000000000002
telangana,2004-08-01,25.53,73.16
telangana,2004-09-01,25.4,111.9
telangana,2004-10-01,24.09,74.39999999999999
telangana,2004-11-01,22.79,2.1
telangana,2004-12-01,21.32,0.0
telangana,2005-01-01,22.72,44.019999999999996
telangana,2005-02-01,25.18,1.4000000000000001
telangana,2005-03-01,28.76,12.709999999999999
telangana,2005-04-01,31.79,19.5
telangana,2005-05-01,33.9,23.87
telangana,2005-06-01,30.51,122.99999999999999
telangana,2005-07-01,25.68,381.92
telangana,2005-08-01,24.9,142.29
telangana,2005-09-01,24.8,239.4
telangana,2005-10-01,23.53,200.88000000000002
telangana,2005-11-01,18.68,0.6
telangana,2005-12-01,18.42,3.1
telangana,2006-01-01,20.08,0.0
telangana,2006-02-01,24.77,0.0
telangana,2006-03-01,27.73,43.71
telangana,2006-04-01,31.62,55.800000000000004
telangana,2006-05-01,31.36,85.87
telangana,2006-06-01,28.32,94.80000000000001
telangana,2006-07-01,26.7,195.92000000000002
telangana,2006-08-01,24.82,254.2
telangana,2006-09-01,24.89,251.09999999999997
telangana,2006-10-01,24.04,29.139999999999997
telangana,2006-11-01,21.55,50.099999999999994
telangana,2006-12-01,20.54,0.0
telangana,2007-01-01,21.56,0.0
telangana,2007-02-01,24.88,0.28
telangana,2007-03-01,29.22,0.0
telangana,2007-04-01,32.27,19.2
telangana,2007-05-01,34.64,18.599999999999998
telangana,2007-06-01,28.79,150.0
telangana,2007-07-01,26.63,98.58
telangana,2007-08-01,25.37,225.36999999999998
telangana,2007-09-01,24.84,270.9
telangana,2007-10-01,22.05,28.21
telangana,2007-11-01,20.53,3.5999999999999996
telangana,2007-12-01,21.17,0.0
telangana,2008-01-01,21.61,0.9299999999999999
telangana,2008-02-01,23.73,42.339999999999996
telangana,2008-03-01,27.31,145.07999999999998
telangana,2008-04-01,30.02,10.200000000000001
telangana,2008-05-01,33.67,14.569999999999999
telangana,2008-06-01,28.54,75.89999999999999
telangana,2008-07-01,27.37,129.57999999999998
telangana,2008-08-01,24.93,427.48999999999995
telangana,2008-09-01,24.52,204.60000000000002
telangana,2008-10-01,23.33,46.19
telangana,2008-11-01,21.65,38.4
telangana,2008-12-01,21.32,0.31
telangana,2009-01-01,22.28,0.0
telangana,2009-02-01,26.65,0.0
telangana,2009-03-01,29.56,4.6499999999999995
telangana,2009-04-01,32.54,17.4
telangana,2009-05-01,33.89,27.28
telangana,2009-06-01,29.67,90.89999999999999
telangana,2009-07-01,27.11,94.86
telangana,2009-08-01,26.6,314.03000000000003
telangana,2009-09-01,25.62,120.6
telangana,2009-10-01,23.9,64.78999999999999
telangana,2009-11-01,22.58,45.6
telangana,2009-12-01,21.19,2.79
telangana,2010-01-01,21.21,7.4399999999999995
telangana,2010-02-01,26.33,11.479999999999999
telangana,2010-03-01,31.0,0.0
telangana,2010-04-01,33.98,1.7999999999999998
telangana,2010-05-01,34.49,16.12
telangana,2010-06-01,30.25,134.70000000000002
telangana,2010-07-01,25.44,330.77
telangana,2010-08-01,25.23,262.88
telangana,2010-09-01,24.61,209.70000000000002
telangana,2010-10-01,23.68,72.53999999999999
telangana,2010-11-01,22.82,39.900000000000006
telangana,2010-12-01,18.73,10.85
telangana,2011-01-01,19.38,0.0
telangana,2011-02-01,23.67,7.0
telangana,2011-03-01,28.81,2.79
telangana,2011-04-01,31.16,3.9000000000000004
telangana,2011-05-01,34.09,7.13
telangana,2011-06-01,29.41,59.1
telangana,2011-07-01,26.18,241.18
telangana,2011-08-01,25.3,218.54999999999998
telangana,2011-09-01,24.98,72.6
telangana,2011-10-01,24.63,42.470000000000006
telangana,2011-11-01,22.91,3.0
telangana,2011-12-01,21.82,0.31
telangana,2012-01-01,22.96,1.55
telangana,2012-02-01,25.48,0.0
telangana,2012-03-01,28.45,0.31
telangana,2012-04-01,32.81,10.799999999999999
telangana,2012-05-01,34.93,5.89
telangana,2012-06-01,29.74,108.3
telangana,2012-07-01,26.0,209.56
telangana,2012-08-01,25.37,153.45000000000002
telangana,2012-09-01,24.96,136.79999999999998
telangana,2012-10-01,23.53,62.62
telangana,2012-11-01,22.53,25.5
telangana,2012-12-01,22.18,0.0
telangana,2013-01-01,23.41,4.96
telangana,2013-02-01,24.72,21.560000000000002
telangana,2013-03-01,29.03,0.31
telangana,2013-04-01,31.55,44.4
telangana,2013-05-01,34.6,12.709999999999999
telangana,2013-06-01,26.88,190.2
telangana,2013-07-01,25.12,331.7
telangana,2013-08-01,24.58,132.36999999999998
telangana,2013-09-01,24.85,141.6
telangana,2013-10-01,23.72,190.96
telangana,2013-11-01,20.61,11.1
telangana,2013-12-01,18.69,0.0
telangana,2014-01-01,20.83,0.0
telangana,2014-02-01,23.51,6.16
telangana,2014-03-01,26.65,63.55
telangana,2014-04-01,32.44,12.0
telangana,2014-05-01,32.24,53.01
telangana,2014-06-01,31.54,53.4
telangana,2014-07-01,27.25,149.10999999999999
telangana,2014-08-01,26.67,186.61999999999998
telangana,2014-09-01,24.76,87.30000000000001
telangana,2014-10-01,24.94,22.009999999999998
telangana,2014-11-01,23.22,4.8
telangana,2014-12-01,21.38,2.48
telangana,2015-01-01,20.69,11.47
telangana,2015-02-01,24.63,4.760000000000001
telangana,2015-03-01,27.97,20.77
telangana,2015-04-01,30.01,62.699999999999996
telangana,2015-05-01,34.01,6.82
telangana,2015-06-01,28.88,106.5
telangana,2015-07-01,28.51,56.42
telangana,2015-08-01,26.93,100.75
telangana,2015-09-01,26.47,93.89999999999999
telangana,2015-10-01,27.06,8.370000000000001
telangana,2015-11-01,25.57,0.8999999999999999
telangana,2015-12-01,24.4,0.0
telangana,2016-01-01,22.81,1.55
telangana,2016-02-01,27.16,2.9000000000000004
telangana,2016-03-01,30.22,0.62
telangana,2016-04-01,33.98,5.7
telangana,2016-05-01,33.38,49.29
telangana,2016-06-01,28.93,144.60000000000002
telangana,2016-07-01,26.07,190.03
telangana,2016-08-01,26.21,80.60000000000001
telangana,2016-09-01,24.72,274.8
telangana,2016-10-01,22.72,61.69
telangana,2016-11-01,20.37,0.0
telangana,2016-12-01,20.03,0.31
telangana,2017-01-01,21.39,0.0
telangana,2017-02-01,25.3,0.0
telangana,2017-03-01,28.65,11.78
telangana,2017-04-01,33.27,2.1
telangana,2017-05-01,34.48,27.28
telangana,2017-06-01,28.47,145.8
telangana,2017-07-01,26.66,187.85999999999999
telangana,2017-08-01,25.49,168.32999999999998
telangana,2017-09-01,25.65,117.6
telangana,2017-10-01,24.45,90.83
telangana,2017-11-01,22.19,3.9000000000000004
telangana,2017-12-01,20.42,0.0
telangana,2018-01-01,21.53,0.0
telangana,2018-02-01,25.05,0.28
telangana,2018-03-01,29.42,1.24
telangana,2018-04-01,32.15,26.1
telangana,2018-05-01,33.71,27.28
telangana,2018-06-01,28.75,132.6
telangana,2018-07-01,26.42,121.52
telangana,2018-08-01,25.56,204.29
telangana,2018-09-01,25.31,74.10000000000001
telangana,2018-10-01,25.34,14.26
telangana,2018-11-01,24.58,0.0
telangana,2018-12-01,21.43,17.669999999999998
telangana,2019-01-01,20.91,17.360000000000003
telangana,2019-02-01,25.0,0.56
telangana,2019-03-01,29.83,2.1700000000000004
telangana,2019-04-01,33.05,21.9
telangana,2019-05-01,35.25,8.680000000000001
telangana,2019-06-01,31.47,66.0
telangana,2019-07-01,27.19,175.46
telangana,2019-08-01,25.44,238.39000000000001
telangana,2019-09-01,25.35,208.8
telangana,2019-10-01,24.06,140.43
telangana,2019-11-01,21.43,5.1000000000000005
telangana,2019-12-01,20.21,2.79
telangana,2020-01-01,21.33,11.47
telangana,2020-02-01,23.83,3.48
telangana,2020-03-01,28.83,16.740000000000002
telangana,2020-04-01,32.4,19.5
telangana,2020-05-01,34.02,43.4
telangana,2020-06-01,27.89,183.3
telangana,2020-07-01,25.96,248.92999999999998
telangana,2020-08-01,25.29,345.96
telangana,2020-09-01,25.28,224.70000000000002
telangana,2020-10-01,23.98,143.22
telangana,2020-11-01,20.91,6.6
telangana,2020-12-01,19.15,0.0
telangana,2021-01-01,21.67,0.9299999999999999
telangana,2021-02-01,23.0,1.68
telangana,2021-03-01,28.68,0.0
telangana,2021-04-01,31.79,14.7
telangana,2021-05-01,32.12,37.51
telangana,2021-06-01,27.24,191.7
telangana,2021-07-01,25.81,353.40000000000003
telangana,2021-08-01,25.36,178.25
telangana,2021-09-01,25.01,275.4
telangana,2021-10-01,23.88,69.44000000000001
telangana,2021-11-01,22.29,25.5
telangana,2021-12-01,19.89,0.31
telangana,2022-01-01,19.92,31.31
telangana,2022-02-01,22.71,0.0
telangana,2022-03-01,29.47,0.0
telangana,2022-04-01,33.32,0.8999999999999999
telangana,2022-05-01,32.81,29.139999999999997
telangana,2022-06-01,29.59,107.4
telangana,2022-07-01,25.27,524.21
telangana,2022-08-01,25.19,157.79
telangana,2022-09-01,24.97,190.5
telangana,2022-10-01,23.01,82.46000000000001
telangana,2022-11-01,20.35,0.8999999999999999
telangana,2022-12-01,21.89,2.1700000000000004
tripura,1999-01-01,18.47,0.0
tripura,1999-02-01,23.34,1.12
tripura,1999-03-01,27.36,10.23
tripura,1999-04-01,31.71,18.0
tripura,1999-05-01,28.5,325.5
tripura,1999-06-01,27.92,257.1
tripura,1999-07-01,27.17,428.42
tripura,1999-08-01,27.03,285.2
tripura,1999-09-01,26.46,203.7
tripura,1999-10-01,25.31,167.09
tripura,1999-11-01,21.2,1.2
tripura,1999-12-01,19.04,7.75
tripura,2000-01-01,18.11,14.569999999999999
tripura,2000-02-01,19.41,15.66
tripura,2000-03-01,24.28,97.34
tripura,2000-04-01,28.1,189.0
tripura,2000-05-01,27.42,407.34000000000003
tripura,2000-06-01,27.48,303.0
tripura,2000-07-01,27.64,148.79999999999998
tripura,2000-08-01,27.37,449.81
tripura,2000-09-01,26.37,174.9
tripura,2000-10-01,25.37,200.26
tripura,2000-11-01,20.93,8.4
tripura,2000-12-01,17.55,0.31
tripura,2001-01-01,16.31,0.0
tripura,2001-02-01,21.03,68.88
tripura,2001-03-01,25.38,17.98
tripura,2001-04-01,29.16,98.39999999999999
tripura,2001-05-01,27.12,367.96999999999997
tripura,2001-06-01,27.04,564.0
tripura,2001-07-01,27.28,299.46
tripura,2001-08-01,27.6,217.61999999999998
tripura,2001-09-01,26.86,202.79999999999998
tripura,2001-10-01,25.46,219.79
tripura,2001-11-01,21.86,31.5
tripura,2001-12-01,17.28,10.540000000000001
tripura,2002-01-01,18.31,8.99
tripura,2002-02-01,21.38,0.84
tripura,2002-03-01,25.5,93.92999999999999
tripura,2002-04-01,27.66,171.6
tripura,2002-05-01,27.96,274.04
tripura,2002-06-01,27.54,377.7
tripura,2002-07-01,27.57,458.8
tripura,2002-08-01,27.1,248.61999999999998
tripura,2002-09-01,26.63,173.4
tripura,2002-10-01,24.53,54.87
tripura,2002-11-01,21.66,114.3
tripura,2002-12-01,18.3,31.31
tripura,2003-01-01,16.3,45.26
tripura,2003-02-01,20.68,10.92
tripura,2003-03-01,23.64,115.01
tripura,2003-04-01,28.0,153.3
tripura,2003-05-01,28.8,172.35999999999999
tripura,2003-06-01,27.48,543.9
tripura,2003-07-01,27.7,193.75
tripura,2003-08-01,28.05,189.41
tripura,2003-09-01,26.91,198.9
tripura,2003-10-01,25.46,137.95000000000002
tripura,2003-11-01,20.81,15.600000000000001
tripura,2003-12-01,18.44,36.58
tripura,2004-01-01,17.42,4.340000000000001
tripura,2004-02-01,20.37,6.96
tripura,2004-03-01,26.36,24.18
tripura,2004-04-01,26.97,303.29999999999995
tripura,2004-05-01,28.87,118.42
tripura,2004-06-01,27.94,461.09999999999997
tripura,2004-07-01,27.11,507.47
tripura,2004-08-01,27.55,228.16
tripura,2004-09-01,26.24,522.9
tripura,2004-10-01,24.03,170.19
tripura,2004-11-01,20.55,1.2
tripura,2004-12-01,18.4,2.1700000000000004
tripura,2005-01-01,17.21,3.41
tripura,2005-02-01,22.16,14.280000000000001
tripura,2005-03-01,26.16,162.44
tripura,2005-04-01,27.05,130.8
tripura,2005-05-01,27.45,323.95
tripura,2005-06-01,28.18,146.1
tripura,2005-07-01,27.75,349.98999999999995
tripura,2005-08-01,27.72,377.58
tripura,2005-09-01,27.02,262.8
tripura,2005-10-01,25.13,196.54
tripura,2005-11-01,20.41,2.4
tripura,2005-12-01,18.18,1.24
tripura,2006-01-01,17.51,0.0
tripura,2006-02-01,22.92,18.76
tripura,2006-03-01,26.43,2.79
tripura,2006-04-01,28.21,153.3
tripura,2006-05-01,28.43,417.26000000000005
tripura,2006-06-01,27.53,439.5
tripura,2006-07-01,27.78,214.21
tripura,2006-08-01,27.35,254.2
tripura,2006-09-01,26.61,249.9
tripura,2006-10-01,25.16,69.13
tripura,2006-11-01,21.58,4.5
tripura,2006-12-01,18.95,1.24
tripura,2007-01-01,17.45,0.0
tripura,2007-02-01,20.37,50.96
tripura,2007-03-01,24.33,9.92
tripura,2007-04-01,27.05,350.7
tripura,2007-05-01,27.26,301.63
tripura,2007-06-01,27.29,559.2
tripura,2007-07-01,27.24,692.85
tripura,2007-08-01,27.62,242.10999999999999
tripura,2007-09-01,26.64,244.8
tripura,2007-10-01,24.45,234.04999999999998
tripura,2007-11-01,22.02,78.0
tripura,2007-12-01,17.15,0.0
tripura,2008-01-01,17.21,38.44
tripura,2008-02-01,18.43,13.629999999999999
tripura,2008-03-01,25.2,55.800000000000004
tripura,2008-04-01,28.7,45.0
tripura,2008-05-01,29.11,211.73
tripura,2008-06-01,27.51,243.59999999999997
tripura,2008-07-01,27.28,320.23
tripura,2008-08-01,27.11,305.96999999999997
tripura,2008-09-01,26.61,128.4
tripura,2008-10-01,25.03,179.18
tripura,2008-11-01,21.81,0.3
tripura,2008-12-01,20.24,1.8599999999999999
tripura,2009-01-01,19.23,0.0
tripura,2009-02-01,21.96,7.28
tripura,2009-03-01,26.42,31.93
tripura,2009-04-01,29.24,96.9
tripura,2009-05-01,28.37,325.19
tripura,2009-06-01,27.76,384.0
tripura,2009-07-01,27.87,460.65999999999997
tripura,2009-08-01,27.49,343.48
tripura,2009-09-01,26.99,188.1
tripura,2009-10-01,24.88,149.10999999999999
tripura,2009-11-01,21.71,35.099999999999994
tripura,2009-12-01,17.94,14.879999999999999
tripura,2010-01-01,17.99,0.31
tripura,2010-02-01,20.92,8.12
tripura,2010-03-01,26.87,78.12
tripura,2010-04-01,28.56,195.6
tripura,2010-05-01,27.45,443.3
tripura,2010-06-01,27.38,504.6
tripura,2010-07-01,27.68,192.20000000000002
tripura,2010-08-01,27.4,276.83
tripura,2010-09-01,26.55,208.5
tripura,2010-10-01,25.71,257.92
tripura,2010-11-01,22.54,9.3
tripura,2010-12-01,17.98,59.83
tripura,2011-01-01,16.49,0.9299999999999999
tripura,2011-02-01,21.02,2.24
tripura,2011-03-01,25.25,62.0
tripura,2011-04-01,27.85,65.1
tripura,2011-05-01,27.79,373.55
tripura,2011-06-01,27.46,302.1
tripura,2011-07-01,27.51,251.1
tripura,2011-08-01,26.9,385.95
tripura,2011-09-01,26.86,173.7
tripura,2011-10-01,25.61,46.81
tripura,2011-11-01,22.37,0.0
tripura,2011-12-01,19.5,0.0
tripura,2012-01-01,18.0,7.13
tripura,2012-02-01,21.26,9.28
tripura,2012-03-01,26.63,9.61
tripura,2012-04-01,27.09,283.8
tripura,2012-05-01,28.31,211.42000000000002
tripura,2012-06-01,27.79,402.0
tripura,2012-07-01,27.56,279.0
tripura,2012-08-01,27.25,341.93
tripura,2012-09-01,26.83,171.6
tripura,2012-10-01,25.11,79.98
tripura,2012-11-01,21.19,38.4
tripura,2012-12-01,17.98,8.06
tripura,2013-01-01,16.96,0.0
tripura,2013-02-01,22.11,7.28
tripura,2013-03-01,26.68,26.04
tripura,2013-04-01,29.13,100.5
tripura,2013-05-01,26.9,624.03
tripura,2013-06-01,27.86,313.5
tripura,2013-07-01,27.63,222.89000000000001
tripura,2013-08-01,27.02,281.17
tripura,2013-09-01,26.82,212.10000000000002
tripura,2013-10-01,25.33,175.46
tripura,2013-11-01,22.12,0.0
tripura,2013-12-01,19.31,2.79
tripura,2014-01-01,18.75,0.0
tripura,2014-02-01,20.65,12.04
tripura,2014-03-01,25.76,28.52
tripura,2014-04-01,30.15,89.7
tripura,2014-05-01,29.03,322.40000000000003
tripura,2014-06-01,28.2,504.9
tripura,2014-07-01,27.82,212.97
tripura,2014-08-01,27.26,391.84000000000003
tripura,2014-09-01,26.8,337.2
tripura,2014-10-01,25.28,75.95
tripura,2014-11-01,22.01,0.0
tripura,2014-12-01,19.18,11.78
tripura,2015-01-01,19.39,4.340000000000001
tripura,2015-02-01,21.6,31.639999999999997
tripura,2015-03-01,25.69,23.56
tripura,2015-04-01,26.03,349.5
tripura,2015-05-01,27.25,311.23999999999995
tripura,2015-06-01,27.56,356.40000000000003
tripura,2015-07-01,27.05,679.21
tripura,2015-08-01,27.24,357.43
tripura,2015-09-01,27.07,190.5
tripura,2015-10-01,25.32,89.28
tripura,2015-11-01,22.1,6.3
tripura,2015-12-01,19.05,2.79
tripura,2016-01-01,18.27,18.599999999999998
tripura,2016-02-01,23.1,60.029999999999994
tripura,2016-03-01,26.74,94.24
tripura,2016-04-01,27.67,224.70000000000002
tripura,2016-05-01,27.48,599.2299999999999
tripura,2016-06-01,27.7,273.90000000000003
tripura,2016-07-01,27.38,447.33
tripura,2016-08-01,27.64,357.73999999999995
tripura,2016-09-01,26.93,287.4
tripura,2016-10-01,25.95,199.32999999999998
tripura,2016-11-01,22.19,185.70000000000002
tripura,2016-12-01,19.72,1.55
tripura,2017-01-01,18.47,5.2700000000000005
tripura,2017-02-01,21.65,21.560000000000002
tripura,2017-03-01,23.43,263.19
tripura,2017-04-01,25.97,641.7
tripura,2017-05-01,27.51,414.15999999999997
tripura,2017-06-01,27.37,870.6
tripura,2017-07-01,27.38,604.1899999999999
tripura,2017-08-01,27.57,766.01
tripura,2017-09-01,27.18,565.5
tripura,2017-10-01,25.58,388.12
tripura,2017-11-01,22.16,9.3
tripura,2017-12-01,19.72,172.35999999999999
tripura,2018-01-01,15.92,19.84
tripura,2018-02-01,20.29,29.12
tripura,2018-03-01,25.14,56.42
tripura,2018-04-01,26.34,334.8
tripura,2018-05-01,26.69,703.6999999999999
tripura,2018-06-01,27.45,583.8000000000001
tripura,2018-07-01,27.95,325.81
tripura,2018-08-01,27.76,305.65999999999997
tripura,2018-09-01,27.17,200.70000000000002
tripura,2018-10-01,24.47,80.91
tripura,2018-11-01,21.63,23.1
tripura,2018-12-01,19.04,34.1
tripura,2019-01-01,18.78,0.0
tripura,2019-02-01,21.1,84.56
tripura,2019-03-01,24.44,57.04
tripura,2019-04-01,27.3,169.5
tripura,2019-05-01,28.37,490.42
tripura,2019-06-01,27.96,440.1
tripura,2019-07-01,27.67,760.12
tripura,2019-08-01,27.92,310.0
tripura,2019-09-01,27.05,306.90000000000003
tripura,2019-10-01,25.33,278.07
tripura,2019-11-01,22.32,58.199999999999996
tripura,2019-12-01,17.66,8.370000000000001
tripura,2020-01-01,16.69,49.910000000000004
tripura,2020-02-01,19.16,2.61
tripura,2020-03-01,24.74,17.98
tripura,2020-04-01,27.02,257.1
tripura,2020-05-01,27.33,426.56
tripura,2020-06-01,27.44,522.0
tripura,2020-07-01,27.68,392.77
tripura,2020-08-01,27.61,248.0
tripura,2020-09-01,27.43,358.2
tripura,2020-10-01,26.64,314.03000000000003
tripura,2020-11-01,22.41,15.600000000000001
tripura,2020-12-01,17.74,0.0
tripura,2021-01-01,17.5,4.6499999999999995
tripura,2021-02-01,20.54,0.0
tripura,2021-03-01,26.32,70.37
tripura,2021-04-01,28.76,77.1
tripura,2021-05-01,28.03,317.44
tripura,2021-06-01,27.29,381.90000000000003
tripura,2021-07-01,27.71,420.98
tripura,2021-08-01,27.42,352.78000000000003
tripura,2021-09-01,27.11,273.29999999999995
tripura,2021-10-01,25.87,166.47
tripura,2021-11-01,20.86,15.9
tripura,2021-12-01,18.55,103.23
tripura,2022-01-01,17.31,22.009999999999998
tripura,2022-02-01,18.31,39.199999999999996
tripura,2022-03-01,25.73,28.52
tripura,2022-04-01,29.05,91.8
tripura,2022-05-01,27.81,516.46
tripura,2022-06-01,26.9,511.2
tripura,2022-07-01,27.79,211.73
tripura,2022-08-01,27.74,279.0
tripura,2022-09-01,27.0,339.3
tripura,2022-10-01,25.39,271.87
tripura,2022-11-01,22.09,0.8999999999999999
tripura,2022-12-01,19.04,6.2
uttar_pradesh,1999-01-01,15.43,15.5
uttar_pradesh,1999-02-01,20.35,6.16
uttar_pradesh,1999-03-01,26.14,0.0
uttar_pradesh,1999-04-01,32.66,0.0
uttar_pradesh,1999-05-01,36.4,6.51
uttar_pradesh,1999-06-01,36.48,30.6
uttar_pradesh,1999-07-01,33.73,183.52
uttar_pradesh,1999-08-01,30.31,129.57999999999998
uttar_pradesh,1999-09-01,27.74,236.1
uttar_pradesh,1999-10-01,24.87,37.199999999999996
uttar_pradesh,1999-11-01,21.13,0.0
uttar_pradesh,1999-12-01,17.14,2.1700000000000004
uttar_pradesh,2000-01-01,16.33,6.82
uttar_pradesh,2000-02-01,17.64,2.0300000000000002
uttar_pradesh,2000-03-01,24.58,2.48
uttar_pradesh,2000-04-01,32.54,5.1000000000000005
uttar_pradesh,2000-05-01,35.81,74.09
uttar_pradesh,2000-06-01,33.06,167.7
uttar_pradesh,2000-07-01,30.73,183.52
uttar_pradesh,2000-08-01,30.2,416.33
uttar_pradesh,2000-09-01,27.37,69.9
uttar_pradesh,2000-10-01,24.87,0.31
uttar_pradesh,2000-11-01,21.36,0.0
uttar_pradesh,2000-12-01,16.36,0.9299999999999999
uttar_pradesh,2001-01-01,14.97,2.1700000000000004
uttar_pradesh,2001-02-01,19.66,4.760000000000001
uttar_pradesh,2001-03-01,25.35,4.6499999999999995
uttar_pradesh,2001-04-01,31.54,4.8
uttar_pradesh,2001-05-01,35.57,39.99
uttar_pradesh,2001-06-01,34.27,144.9
uttar_pradesh,2001-07-01,31.51,199.02
uttar_pradesh,2001-08-01,29.82,172.67000000000002
uttar_pradesh,2001-09-01,30.03,32.7
uttar_pradesh,2001-10-01,25.92,107.26
uttar_pradesh,2001-11-01,21.61,6.3
uttar_pradesh,2001-12-01,16.78,0.0
uttar_pradesh,2002-01-01,15.1,19.53
uttar_pradesh,2002-02-01,18.62,29.68
uttar_pradesh,2002-03-01,25.84,0.31
uttar_pradesh,2002-04-01,32.52,1.5
uttar_pradesh,2002-05-01,36.28,18.91
uttar_pradesh,2002-06-01,36.25,67.2
uttar_pradesh,2002-07-01,36.72,125.55
uttar_pradesh,2002-08-01,30.54,139.5
uttar_pradesh,2002-09-01,27.1,243.90000000000003
uttar_pradesh,2002-10-01,25.37,13.33
uttar_pradesh,2002-11-01,21.55,1.7999999999999998
uttar_pradesh,2002-12-01,17.15,22.009999999999998
uttar_pradesh,2003-01-01,14.06,22.32
uttar_pradesh,2003-02-01,18.81,19.040000000000003
uttar_pradesh,2003-03-01,24.56,0.62
uttar_pradesh,2003-04-01,32.14,15.0
uttar_pradesh,2003-05-01,34.74,10.85
uttar_pradesh,2003-06-01,37.14,65.7
uttar_pradesh,2003-07-01,31.87,172.35999999999999
uttar_pradesh,2003-08-01,29.84,229.71
uttar_pradesh,2003-09-01,27.76,304.8
uttar_pradesh,2003-10-01,23.64,31.93
uttar_pradesh,2003-11-01,18.61,0.0
uttar_pradesh,2003-12-01,15.75,20.77
uttar_pradesh,2004-01-01,14.09,41.54
uttar_pradesh,2004-02-01,18.07,0.0
uttar_pradesh,2004-03-01,26.37,0.0
uttar_pradesh,2004-04-01,33.08,15.0
uttar_pradesh,2004-05-01,35.51,28.21
uttar_pradesh,2004-06-01,33.31,242.10000000000002
uttar_pradesh,2004-07-01,29.74,183.21
uttar_pradesh,2004-08-01,29.46,131.13000000000002
uttar_pradesh,2004-09-01,28.9,160.2
uttar_pradesh,2004-10-01,25.04,26.66
uttar_pradesh,2004-11-01,20.66,0.0
uttar_pradesh,2004-12-01,16.75,0.62
uttar_pradesh,2005-01-01,15.04,22.009999999999998
uttar_pradesh,2005-02-01,19.38,5.04
uttar_pradesh,2005-03-01,26.59,16.740000000000002
uttar_pradesh,2005-04-01,30.53,2.4
uttar_pradesh,2005-05-01,34.14,33.17
uttar_pradesh,2005-06-01,37.59,93.0
uttar_pradesh,2005-07-01,29.83,298.21999999999997
uttar_pradesh,2005-08-01,29.94,105.71000000000001
uttar_pradesh,2005-09-01,28.03,197.4
uttar_pradesh,2005-10-01,25.2,26.66
uttar_pradesh,2005-11-01,19.94,0.0
uttar_pradesh,2005-12-01,15.65,2.48
uttar_pradesh,2006-01-01,15.76,0.0
uttar_pradesh,2006-02-01,22.77,0.0
uttar_pradesh,2006-03-01,24.93,22.32
uttar_pradesh,2006-04-01,31.16,27.900000000000002
uttar_pradesh,2006-05-01,35.66,19.22
uttar_pradesh,2006-06-01,33.29,190.2
uttar_pradesh,2006-07-01,30.33,353.40000000000003
uttar_pradesh,2006-08-01,28.89,137.64000000000001
uttar_pradesh,2006-09-01,29.05,61.49999999999999
uttar_pradesh,2006-10-01,27.58,38.13
uttar_pradesh,2006-11-01,21.97,4.5
uttar_pradesh,2006-12-01,17.45,5.89
uttar_pradesh,2007-01-01,15.88,0.62
uttar_pradesh,2007-02-01,18.85,73.92
uttar_pradesh,2007-03-01,23.57,26.04
uttar_pradesh,2007-04-01,32.66,1.7999999999999998
uttar_pradesh,2007-05-01,34.33,60.449999999999996
uttar_pradesh,2007-06-01,36.08,101.7
uttar_pradesh,2007-07-01,31.57,270.63
uttar_pradesh,2007-08-01,28.9,227.54
uttar_pradesh,2007-09-01,28.08,111.9
uttar_pradesh,2007-10-01,24.59,6.2
uttar_pradesh,2007-11-01,21.04,0.0
uttar_pradesh,2007-12-01,15.91,1.8599999999999999
uttar_pradesh,2008-01-01,15.75,0.31
uttar_pradesh,2008-02-01,17.98,3.19
uttar_pradesh,2008-03-01,26.97,0.0
uttar_pradesh,2008-04-01,31.21,18.3
uttar_pradesh,2008-05-01,34.73,62.309999999999995
uttar_pradesh,2008-06-01,31.36,243.59999999999997
uttar_pradesh,2008-07-01,28.61,522.66
uttar_pradesh,2008-08-01,28.21,376.96
uttar_pradesh,2008-09-01,27.13,274.20000000000005
uttar_pradesh,2008-10-01,24.52,5.58
uttar_pradesh,2008-11-01,18.97,0.6
uttar_pradesh,2008-12-01,15.96,0.0
uttar_pradesh,2009-01-01,15.37,0.31
uttar_pradesh,2009-02-01,18.9,5.6000000000000005
uttar_pradesh,2009-03-01,24.97,10.540000000000001
uttar_pradesh,2009-04-01,31.74,2.4
uttar_pradesh,2009-05-01,35.59,15.19
uttar_pradesh,2009-06-01,37.03,36.0
uttar_pradesh,2009-07-01,33.28,175.46
uttar_pradesh,2009-08-01,30.4,290.46999999999997
uttar_pradesh,2009-09-01,27.65,292.5
uttar_pradesh,2009-10-01,22.58,107.57000000000001
uttar_pradesh,2009-11-01,18.49,14.1
uttar_pradesh,2009-12-01,14.9,5.58
uttar_pradesh,2010-01-01,13.9,4.96
uttar_pradesh,2010-02-01,18.36,19.599999999999998
uttar_pradesh,2010-03-01,26.52,0.31
uttar_pradesh,2010-04-01,33.81,0.3
uttar_pradesh,2010-05-01,36.57,34.410000000000004
uttar_pradesh,2010-06-01,37.25,32.7
uttar_pradesh,2010-07-01,32.2,275.28000000000003
uttar_pradesh,2010-08-01,29.23,192.51
uttar_pradesh,2010-09-01,26.87,207.0
uttar_pradesh,2010-10-01,24.45,17.669999999999998
uttar_pradesh,2010-11-01,20.56,19.5
uttar_pradesh,2010-12-01,14.73,4.340000000000001
uttar_pradesh,2011-01-01,13.22,2.79
uttar_pradesh,2011-02-01,18.62,9.799999999999999
uttar_pradesh,2011-03-01,25.41,4.03
uttar_pradesh,2011-04-01,31.07,6.0
uttar_pradesh,2011-05-01,36.53,26.04
uttar_pradesh,2011-06-01,34.42,207.3
uttar_pradesh,2011-07-01,29.48,248.92999999999998
uttar_pradesh,2011-08-01,28.33,397.73
uttar_pradesh,2011-09-01,27.51,137.7
uttar_pradesh,2011-10-01,24.27,0.9299999999999999
uttar_pradesh,2011-11-01,20.23,0.0
uttar_pradesh,2011-12-01,15.52,0.31
uttar_pradesh,2012-01-01,13.75,54.56
uttar_pradesh,2012-02-01,17.16,10.73
uttar_pradesh,2012-03-01,23.88,2.1700000000000004
uttar_pradesh,2012-04-01,31.41,11.700000000000001
uttar_pradesh,2012-05-01,36.0,0.31
uttar_pradesh,2012-06-01,38.86,8.4
uttar_pradesh,2012-07-01,31.59,279.0
uttar_pradesh,2012-08-01,28.75,353.09000000000003
uttar_pradesh,2012-09-01,26.75,213.9
uttar_pradesh,2012-10-01,23.47,0.9299999999999999
uttar_pradesh,2012-11-01,18.22,0.0
uttar_pradesh,2012-12-01,14.91,0.31
uttar_pradesh,2013-01-01,13.38,11.78
uttar_pradesh,2013-02-01,17.55,94.92
uttar_pradesh,2013-03-01,24.34,2.1700000000000004
uttar_pradesh,2013-04-01,31.33,0.8999999999999999
uttar_pradesh,2013-05-01,36.5,8.99
uttar_pradesh,2013-06-01,33.0,289.5
uttar_pradesh,2013-07-01,29.54,226.92000000000002
uttar_pradesh,2013-08-01,28.68,212.04
uttar_pradesh,2013-09-01,28.03,70.5
uttar_pradesh,2013-10-01,24.99,79.98
uttar_pradesh,2013-11-01,18.89,0.3
uttar_pradesh,2013-12-01,15.62,7.13
uttar_pradesh,2014-01-01,14.91,41.54
uttar_pradesh,2014-02-01,17.21,26.040000000000003
uttar_pradesh,2014-03-01,23.49,5.58
uttar_pradesh,2014-04-01,31.0,1.7999999999999998
uttar_pradesh,2014-05-01,35.9,7.75
uttar_pradesh,2014-06-01,38.77,32.1
uttar_pradesh,2014-07-01,32.36,247.07
uttar_pradesh,2014-08-01,31.15,96.72
uttar_pradesh,2014-09-01,29.33,125.1
uttar_pradesh,2014-10-01,26.4,57.35
uttar_pradesh,2014-11-01,20.58,0.0
uttar_pradesh,2014-12-01,14.92,24.18
uttar_pradesh,2015-01-01,14.32,29.45
uttar_pradesh,2015-02-01,19.69,14.56
uttar_pradesh,2015-03-01,22.97,74.39999999999999
uttar_pradesh,2015-04-01,29.03,42.599999999999994
uttar_pradesh,2015-05-01,35.79,8.680000000000001
uttar_pradesh,2015-06-01,36.94,90.0
uttar_pradesh,2015-07-01,30.86,190.03
uttar_pradesh,2015-08-01,30.58,130.82
uttar_pradesh,2015-09-01,30.56,33.300000000000004
uttar_pradesh,2015-10-01,27.95,6.2
uttar_pradesh,2015-11-01,23.97,0.8999999999999999
uttar_pradesh,2015-12-01,17.12,8.370000000000001
uttar_pradesh,2016-01-01,17.07,8.06
uttar_pradesh,2016-02-01,21.02,2.32
uttar_pradesh,2016-03-01,27.01,13.02
uttar_pradesh,2016-04-01,33.79,0.0
uttar_pradesh,2016-05-01,35.85,48.980000000000004
uttar_pradesh,2016-06-01,35.61,102.30000000000001
uttar_pradesh,2016-07-01,29.67,371.07
uttar_pradesh,2016-08-01,28.75,202.74
uttar_pradesh,2016-09-01,28.02,83.1
uttar_pradesh,2016-10-01,25.6,38.13
uttar_pradesh,2016-11-01,20.2,0.0
uttar_pradesh,2016-12-01,16.69,0.0
uttar_pradesh,2017-01-01,15.84,27.900000000000002
uttar_pradesh,2017-02-01,19.67,0.84
uttar_pradesh,2017-03-01,25.4,8.680000000000001
uttar_pradesh,2017-04-01,33.56,4.5
uttar_pradesh,2017-05-01,36.56,31.93
uttar_pradesh,2017-06-01,35.95,106.2
uttar_pradesh,2017-07-01,29.24,348.13
uttar_pradesh,2017-08-01,28.92,324.88
uttar_pradesh,2017-09-01,28.25,105.3
uttar_pradesh,2017-10-01,26.3,0.62
uttar_pradesh,2017-11-01,20.09,0.0
uttar_pradesh,2017-12-01,17.02,0.62
uttar_pradesh,2018-01-01,14.81,2.79
uttar_pradesh,2018-02-01,20.82,8.12
uttar_pradesh,2018-03-01,27.23,0.31
uttar_pradesh,2018-04-01,31.96,20.7
uttar_pradesh,2018-05-01,35.96,12.709999999999999
uttar_pradesh,2018-06-01,36.79,73.5
uttar_pradesh,2018-07-01,31.09,451.05
uttar_pradesh,2018-08-01,28.26,512.4300000000001
uttar_pradesh,2018-09-01,26.95,134.4
uttar_pradesh,2018-10-01,24.33,0.0
uttar_pradesh,2018-11-01,19.99,0.0
uttar_pradesh,2018-12-01,14.85,0.0
uttar_pradesh,2019-01-01,14.37,24.18
uttar_pradesh,2019-02-01,17.85,40.04
uttar_pradesh,2019-03-01,23.31,3.7199999999999998
uttar_pradesh,2019-04-01,32.07,5.1000000000000005
uttar_pradesh,2019-05-01,36.1,0.9299999999999999
uttar_pradesh,2019-06-01,37.34,52.8
uttar_pradesh,2019-07-01,30.61,466.55
uttar_pradesh,2019-08-01,28.93,240.56
uttar_pradesh,2019-09-01,27.41,246.60000000000002
uttar_pradesh,2019-10-01,23.62,10.23
uttar_pradesh,2019-11-01,19.86,2.4
uttar_pradesh,2019-12-01,13.24,30.07
uttar_pradesh,2020-01-01,12.77,57.04
uttar_pradesh,2020-02-01,15.91,15.08
uttar_pradesh,2020-03-01,22.75,48.67
uttar_pradesh,2020-04-01,29.51,17.099999999999998
uttar_pradesh,2020-05-01,33.9,63.24
uttar_pradesh,2020-06-01,32.92,129.9
uttar_pradesh,2020-07-01,29.84,254.82000000000002
uttar_pradesh,2020-08-01,28.86,222.89000000000001
uttar_pradesh,2020-09-01,28.92,71.39999999999999
uttar_pradesh,2020-10-01,26.93,0.0
uttar_pradesh,2020-11-01,20.64,20.1
uttar_pradesh,2020-12-01,16.57,0.0
uttar_pradesh,2021-01-01,16.39,1.24
uttar_pradesh,2021-02-01,20.84,3.9200000000000004
uttar_pradesh,2021-03-01,27.62,0.62
uttar_pradesh,2021-04-01,31.22,15.3
uttar_pradesh,2021-05-01,32.03,82.46000000000001
uttar_pradesh,2021-06-01,32.07,139.2
uttar_pradesh,2021-07-01,31.47,267.84000000000003
uttar_pradesh,2021-08-01,28.78,196.23
uttar_pradesh,2021-09-01,27.78,219.9
uttar_pradesh,2021-10-01,24.64,111.91
uttar_pradesh,2021-11-01,17.91,0.3
uttar_pradesh,2021-12-01,14.56,8.680000000000001
uttar_pradesh,2022-01-01,12.69,31.31
uttar_pradesh,2022-02-01,15.92,172.76
uttar_pradesh,2022-03-01,25.63,0.0
uttar_pradesh,2022-04-01,33.77,0.0
uttar_pradesh,2022-05-01,34.68,45.26
uttar_pradesh,2022-06-01,36.66,72.0
uttar_pradesh,2022-07-01,32.39,168.02
uttar_pradesh,2022-08-01,29.44,155.93
uttar_pradesh,2022-09-01,28.34,248.7
uttar_pradesh,2022-10-01,24.04,210.18
uttar_pradesh,2022-11-01,18.74,0.0
uttar_pradesh,2022-12-01,14.59,0.31
uttarakhand,1999-01-01,9.06,37.199999999999996
uttarakhand,1999-02-01,13.35,1.12
uttarakhand,1999-03-01,17.82,1.24
uttarakhand,1999-04-01,24.16,0.3
uttarakhand,1999-05-01,27.51,3.7199999999999998
uttarakhand,1999-06-01,27.34,144.29999999999998
uttarakhand,1999-07-01,25.49,211.10999999999999
uttarakhand,1999-08-01,23.7,111.60000000000001
uttarakhand,1999-09-01,22.17,185.39999999999998
uttarakhand,1999-10-01,18.49,37.82
uttarakhand,1999-11-01,15.15,0.3
uttarakhand,1999-12-01,11.44,1.55
uttarakhand,2000-01-01,10.28,31.93
uttarakhand,2000-02-01,9.75,26.1
uttarakhand,2000-03-01,15.78,20.46
uttarakhand,2000-04-01,24.09,7.199999999999999
uttarakhand,2000-05-01,27.71,32.550000000000004
uttarakhand,2000-06-01,26.09,135.9
uttarakhand,2000-07-01,24.06,257.92
uttarakhand,2000-08-01,23.28,215.14000000000001
uttarakhand,2000-09-01,21.46,111.60000000000001
uttarakhand,2000-10-01,19.25,0.0
uttarakhand,2000-11-01,15.39,0.3
uttarakhand,2000-12-01,12.11,0.62
uttarakhand,2001-01-01,10.21,22.009999999999998
uttarakhand,2001-02-01,13.32,6.44
uttarakhand,2001-03-01,17.06,9.92
uttarakhand,2001-04-01,21.7,47.7
uttarakhand,2001-05-01,26.07,92.07000000000001
uttarakhand,2001-06-01,24.4,282.9
uttarakhand,2001-07-01,23.74,479.26000000000005
uttarakhand,2001-08-01,22.98,331.39
uttarakhand,2001-09-01,21.35,71.10000000000001
uttarakhand,2001-10-01,18.57,2.79
uttarakhand,2001-11-01,14.89,0.6
uttarakhand,2001-12-01,11.78,6.82
uttarakhand,2002-01-01,9.46,36.269999999999996
uttarakhand,2002-02-01,11.79,87.08
uttarakhand,2002-03-01,16.88,20.150000000000002
uttarakhand,2002-04-01,23.26,39.900000000000006
uttarakhand,2002-05-01,27.82,39.68
uttarakhand,2002-06-01,27.68,89.10000000000001
uttarakhand,2002-07-01,28.1,94.86
uttarakhand,2002-08-01,23.45,321.46999999999997
uttarakhand,2002-09-01,20.61,204.29999999999998
uttarakhand,2002-10-01,18.21,9.299999999999999
uttarakhand,2002-11-01,15.15,0.0
uttarakhand,2002-12-01,11.55,16.43
uttarakhand,2003-01-01,10.06,45.57
uttarakhand,2003-02-01,11.41,31.919999999999998
uttarakhand,2003-03-01,16.02,25.419999999999998
uttarakhand,2003-04-01,23.3,12.6
uttarakhand,2003-05-01,25.71,20.46
uttarakhand,2003-06-01,28.16,96.9
uttarakhand,2003-07-01,23.88,382.54
uttarakhand,2003-08-01,23.23,357.43
uttarakhand,2003-09-01,21.53,250.79999999999998
uttarakhand,2003-10-01,17.93,24.8
uttarakhand,2003-11-01,13.96,4.2
uttarakhand,2003-12-01,10.67,20.150000000000002
uttarakhand,2004-01-01,9.04,74.39999999999999
uttarakhand,2004-02-01,12.34,0.58
uttarakhand,2004-03-01,19.52,0.0
uttarakhand,2004-04-01,23.93,49.8
uttarakhand,2004-05-01,26.19,47.74
uttarakhand,2004-06-01,25.57,220.2
uttarakhand,2004-07-01,23.96,390.59999999999997
uttarakhand,2004-08-01,22.75,356.5
uttarakhand,2004-09-01,21.28,44.4
uttarakhand,2004-10-01,16.89,59.83
uttarakhand,2004-11-01,14.09,0.0
uttarakhand,2004-12-01,11.62,4.6499999999999995
uttarakhand,2005-01-01,9.29,39.06
uttarakhand,2005-02-01,10.85,60.480000000000004
uttarakhand,2005-03-01,17.02,47.12
uttarakhand,2005-04-01,21.42,6.9
uttarakhand,2005-05-01,25.45,14.879999999999999
uttarakhand,2005-06-01,28.95,81.9
uttarakhand,2005-07-01,23.71,438.34000000000003
uttarakhand,2005-08-01,23.05,278.69
uttarakhand,2005-09-01,21.73,297.6
uttarakhand,2005-10-01,17.58,2.79
uttarakhand,2005-11-01,13.78,0.3
uttarakhand,2005-12-01,11.0,0.9299999999999999
uttarakhand,2006-01-01,11.17,11.47
uttarakhand,2006-02-01,16.27,1.12
uttarakhand,2006-03-01,16.28,85.55999999999999
uttarakhand,2006-04-01,21.95,10.200000000000001
uttarakhand,2006-05-01,26.23,115.01
uttarakhand,2006-06-01,26.0,122.4
uttarakhand,2006-07-01,24.13,403.93
uttarakhand,2006-08-01,23.29,271.56
uttarakhand,2006-09-01,21.58,111.60000000000001
uttarakhand,2006-10-01,18.41,12.4
uttarakhand,2006-11-01,14.85,2.4
uttarakhand,2006-12-01,11.82,17.669999999999998
uttarakhand,2007-01-01,11.04,0.9299999999999999
uttarakhand,2007-02-01,11.3,116.75999999999999
uttarakhand,2007-03-01,15.55,60.76
uttarakhand,2007-04-01,23.75,11.1
uttarakhand,2007-05-01,26.26,27.59
uttarakhand,2007-06-01,28.1,103.8
uttarakhand,2007-07-01,23.91,540.33
uttarakhand,2007-08-01,22.97,529.4799999999999
uttarakhand,2007-09-01,21.66,172.20000000000002
uttarakhand,2007-10-01,17.95,6.2
uttarakhand,2007-11-01,13.84,0.3
uttarakhand,2007-12-01,11.04,4.03
uttarakhand,2008-01-01,9.4,8.680000000000001
uttarakhand,2008-02-01,11.19,12.47
uttarakhand,2008-03-01,18.7,1.55
uttarakhand,2008-04-01,21.84,55.2
uttarakhand,2008-05-01,25.18,59.83
uttarakhand,2008-06-01,23.87,323.7
uttarakhand,2008-07-01,22.96,495.07
uttarakhand,2008-08-01,22.37,434.0
uttarakhand,2008-09-01,20.99,175.8
uttarakhand,2008-10-01,18.04,22.32
uttarakhand,2008-11-01,14.52,6.9
uttarakhand,2008-12-01,12.72,0.0
uttarakhand,2009-01-01,12.13,4.96
uttarakhand,2009-02-01,13.69,22.959999999999997
uttarakhand,2009-03-01,17.48,9.299999999999999
uttarakhand,2009-04-01,22.71,21.9
uttarakhand,2009-05-01,26.4,70.99
uttarakhand,2009-06-01,28.23,70.5
uttarakhand,2009-07-01,25.65,282.71999999999997
uttarakhand,2009-08-01,23.34,302.56
uttarakhand,2009-09-01,21.68,210.6
uttarakhand,2009-10-01,17.69,94.86
uttarakhand,2009-11-01,14.09,6.3
uttarakhand,2009-12-01,10.89,0.62
uttarakhand,2010-01-01,10.52,11.16
uttarakhand,2010-02-01,12.21,38.64
uttarakhand,2010-03-01,19.55,1.55
uttarakhand,2010-04-01,25.49,2.6999999999999997
uttarakhand,2010-05-01,27.92,22.32
uttarakhand,2010-06-01,28.26,86.10000000000001
uttarakhand,2010-07-01,23.95,615.66
uttarakhand,2010-08-01,22.65,584.04
uttarakhand,2010-09-01,21.1,555.3000000000001
uttarakhand,2010-10-01,18.4,14.26
uttarakhand,2010-11-01,14.93,19.2
uttarakhand,2010-12-01,10.26,24.490000000000002
uttarakhand,2011-01-01,8.35,7.75
uttarakhand,2011-02-01,11.54,40.879999999999995
uttarakhand,2011-03-01,16.27,8.680000000000001
uttarakhand,2011-04-01,20.84,23.400000000000002
uttarakhand,2011-05-01,26.69,84.63
uttarakhand,2011-06-01,24.61,301.2
uttarakhand,2011-07-01,22.98,493.21
uttarakhand,2011-08-01,22.62,493.21
uttarakhand,2011-09-01,21.58,269.40000000000003
uttarakhand,2011-10-01,18.06,18.29
uttarakhand,2011-11-01,13.95,0.0
uttarakhand,2011-12-01,11.0,5.89
uttarakhand,2012-01-01,7.84,32.24
uttarakhand,2012-02-01,11.12,2.32
uttarakhand,2012-03-01,16.42,14.569999999999999
uttarakhand,2012-04-01,21.55,41.699999999999996
uttarakhand,2012-05-01,26.34,2.48
uttarakhand,2012-06-01,29.61,49.199999999999996
uttarakhand,2012-07-01,24.77,361.15000000000003
uttarakhand,2012-08-01,22.94,591.17
uttarakhand,2012-09-01,21.66,265.79999999999995
uttarakhand,2012-10-01,17.8,2.79
uttarakhand,2012-11-01,14.06,3.9000000000000004
uttarakhand,2012-12-01,11.6,13.950000000000001
uttarakhand,2013-01-01,9.26,79.67
uttarakhand,2013-02-01,11.36,140.28
uttarakhand,2013-03-01,16.94,15.19
uttarakhand,2013-04-01,21.85,3.5999999999999996
uttarakhand,2013-05-01,27.81,12.4
uttarakhand,2013-06-01,25.2,647.4
uttarakhand,2013-07-01,23.32,510.26000000000005
uttarakhand,2013-08-01,22.48,491.96999999999997
uttarakhand,2013-09-01,21.51,147.6
uttarakhand,2013-10-01,18.66,31.0
uttarakhand,2013-11-01,14.23,7.5
uttarakhand,2013-12-01,10.88,7.13
uttarakhand,2014-01-01,9.91,70.67999999999999
uttarakhand,2014-02-01,10.7,88.75999999999999
uttarakhand,2014-03-01,15.02,51.46
uttarakhand,2014-04-01,20.77,22.5
uttarakhand,2014-05-01,25.56,30.69
uttarakhand,2014-06-01,28.92,66.9
uttarakhand,2014-07-01,25.45,304.42
uttarakhand,2014-08-01,23.31,390.90999999999997
uttarakhand,2014-09-01,21.6,120.9
uttarakhand,2014-10-01,18.42,39.06
uttarakhand,2014-11-01,15.76,0.3
uttarakhand,2014-12-01,11.7,27.28
uttarakhand,2015-01-01,9.7,37.51
uttarakhand,2015-02-01,13.61,22.959999999999997
uttarakhand,2015-03-01,15.32,145.39000000000001
uttarakhand,2015-04-01,20.37,48.6
uttarakhand,2015-05-01,26.97,8.99
uttarakhand,2015-06-01,27.43,141.6
uttarakhand,2015-07-01,23.69,379.75
uttarakhand,2015-08-01,22.76,364.56
uttarakhand,2015-09-01,21.8,61.800000000000004
uttarakhand,2015-10-01,19.02,17.05
uttarakhand,2015-11-01,16.16,2.4
uttarakhand,2015-12-01,11.57,7.13
uttarakhand,2016-01-01,10.85,1.55
uttarakhand,2016-02-01,13.92,29.0
uttarakhand,2016-03-01,18.41,37.51
uttarakhand,2016-04-01,24.26,11.1
uttarakhand,2016-05-01,26.59,52.39
uttarakhand,2016-06-01,27.16,87.30000000000001
uttarakhand,2016-07-01,24.18,458.48999999999995
uttarakhand,2016-08-01,23.29,208.63000000000002
uttarakhand,2016-09-01,21.98,60.3
uttarakhand,2016-10-01,19.64,8.06
uttarakhand,2016-11-01,16.1,0.0
uttarakhand,2016-12-01,13.11,2.48
uttarakhand,2017-01-01,10.26,50.220000000000006
uttarakhand,2017-02-01,14.17,13.16
uttarakhand,2017-03-01,16.76,25.419999999999998
uttarakhand,2017-04-01,23.82,44.7
uttarakhand,2017-05-01,26.33,61.38
uttarakhand,2017-06-01,26.29,202.20000000000002
uttarakhand,2017-07-01,23.99,240.86999999999998
uttarakhand,2017-08-01,23.08,255.13000000000002
uttarakhand,2017-09-01,22.01,217.5
uttarakhand,2017-10-01,19.17,0.0
uttarakhand,2017-11-01,14.96,0.6
uttarakhand,2017-12-01,12.99,17.05
uttarakhand,2018-01-01,10.63,14.569999999999999
uttarakhand,2018-02-01,13.86,10.08
uttarakhand,2018-03-01,18.54,19.22
uttarakhand,2018-04-01,22.74,37.5
uttarakhand,2018-05-01,26.75,20.46
uttarakhand,2018-06-01,26.86,150.0
uttarakhand,2018-07-01,24.11,323.33
uttarakhand,2018-08-01,22.75,377.58
uttarakhand,2018-09-01,21.46,167.10000000000002
uttarakhand,2018-10-01,17.41,7.4399999999999995
uttarakhand,2018-11-01,14.17,14.1
uttarakhand,2018-12-01,9.96,1.8599999999999999
uttarakhand,2019-01-01,8.84,57.970000000000006
uttarakhand,2019-02-01,10.57,78.12
uttarakhand,2019-03-01,14.9,24.18
uttarakhand,2019-04-01,22.49,25.5
uttarakhand,2019-05-01,26.17,14.26
uttarakhand,2019-06-01,28.62,56.1
uttarakhand,2019-07-01,25.03,266.29
uttarakhand,2019-08-01,23.53,259.78000000000003
uttarakhand,2019-09-01,22.07,160.5
uttarakhand,2019-10-01,18.08,5.89
uttarakhand,2019-11-01,15.41,23.700000000000003
uttarakhand,2019-12-01,9.48,44.019999999999996
uttarakhand,2020-01-01,7.71,84.32000000000001
uttarakhand,2020-02-01,10.71,58.87
uttarakhand,2020-03-01,14.25,120.28
uttarakhand,2020-04-01,19.88,61.49999999999999
uttarakhand,2020-05-01,23.88,81.22
uttarakhand,2020-06-01,25.58,85.19999999999999
uttarakhand,2020-07-01,24.26,401.76000000000005
uttarakhand,2020-08-01,23.31,266.90999999999997
uttarakhand,2020-09-01,22.46,30.900000000000002
uttarakhand,2020-10-01,20.03,0.0
uttarakhand,2020-11-01,14.96,7.800000000000001
uttarakhand,2020-12-01,12.22,12.4
uttarakhand,2021-01-01,11.26,31.0
uttarakhand,2021-02-01,13.82,19.32
uttarakhand,2021-03-01,18.61,5.58
uttarakhand,2021-04-01,21.85,54.300000000000004
uttarakhand,2021-05-01,23.53,155.93
uttarakhand,2021-06-01,25.17,145.8
uttarakhand,2021-07-01,24.73,410.75
uttarakhand,2021-08-01,22.92,261.33
uttarakhand,2021-09-01,21.9,205.5
uttarakhand,2021-10-01,18.92,143.84
uttarakhand,2021-11-01,13.99,0.0
uttarakhand,2021-12-01,9.96,8.680000000000001
uttarakhand,2022-01-01,8.29,129.57999999999998
uttarakhand,2022-02-01,9.68,49.28
uttarakhand,2022-03-01,18.55,0.0
uttarakhand,2022-04-01,24.44,2.6999999999999997
uttarakhand,2022-05-01,25.94,59.21
uttarakhand,2022-06-01,27.6,104.10000000000001
uttarakhand,2022-07-01,24.4,297.29
uttarakhand,2022-08-01,23.55,191.89000000000001
uttarakhand,2022-09-01,22.02,377.7
uttarakhand,2022-10-01,18.14,133.60999999999999
uttarakhand,2022-11-01,14.56,2.6999999999999997
uttarakhand,2022-12-01,12.03,0.31
west_bengal,1999-01-01,16.37,0.0
west_bengal,1999-02-01,22.61,0.0
west_bengal,1999-03-01,27.79,4.6499999999999995
west_bengal,1999-04-01,33.16,0.8999999999999999
west_bengal,1999-05-01,32.19,113.46000000000001
west_bengal,1999-06-01,30.05,210.9
west_bengal,1999-07-01,28.37,304.42
west_bengal,1999-08-01,27.88,317.75
west_bengal,1999-09-01,27.11,379.8
west_bengal,1999-10-01,25.65,204.6
west_bengal,1999-11-01,20.64,1.7999999999999998
west_bengal,1999-12-01,17.85,0.0
west_bengal,2000-01-01,17.09,3.7199999999999998
west_bengal,2000-02-01,20.72,34.8
west_bengal,2000-03-01,26.41,3.41
west_bengal,2000-04-01,31.4,69.9
west_bengal,2000-05-01,30.0,211.73
west_bengal,2000-06-01,28.92,200.39999999999998
west_bengal,2000-07-01,28.37,283.34000000000003
west_bengal,2000-08-01,28.11,232.81
west_bengal,2000-09-01,27.31,216.0
west_bengal,2000-10-01,26.15,121.21000000000001
west_bengal,2000-11-01,22.42,0.3
west_bengal,2000-12-01,16.83,0.0
west_bengal,2001-01-01,16.11,0.0
west_bengal,2001-02-01,22.35,7.28
west_bengal,2001-03-01,27.59,26.97
west_bengal,2001-04-01,31.66,30.6
west_bengal,2001-05-01,31.45,249.55
west_bengal,2001-06-01,28.36,343.2
west_bengal,2001-07-01,28.21,230.32999999999998
west_bengal,2001-08-01,28.27,212.35
west_bengal,2001-09-01,27.66,185.1
west_bengal,2001-10-01,26.17,163.68
west_bengal,2001-11-01,22.71,14.399999999999999
west_bengal,2001-12-01,16.51,0.0
west_bengal,2002-01-01,17.8,17.05
west_bengal,2002-02-01,21.35,0.28
west_bengal,2002-03-01,27.43,22.63
west_bengal,2002-04-01,31.48,45.6
west_bengal,2002-05-01,33.44,155.31
west_bengal,2002-06-01,29.39,237.6
west_bengal,2002-07-01,28.87,211.42000000000002
west_bengal,2002-08-01,27.93,275.28000000000003
west_bengal,2002-09-01,27.21,170.39999999999998
west_bengal,2002-10-01,25.31,73.16
west_bengal,2002-11-01,21.19,53.1
west_bengal,2002-12-01,17.74,0.31
west_bengal,2003-01-01,15.91,0.31
west_bengal,2003-02-01,22.76,10.36
west_bengal,2003-03-01,25.87,110.36
west_bengal,2003-04-01,31.82,18.0
west_bengal,2003-05-01,33.3,77.80999999999999
west_bengal,2003-06-01,30.97,276.3
west_bengal,2003-07-01,28.57,206.15
west_bengal,2003-08-01,28.55,157.79
west_bengal,2003-09-01,27.79,123.89999999999999
west_bengal,2003-10-01,26.33,266.29
west_bengal,2003-11-01,21.14,6.3
west_bengal,2003-12-01,17.18,14.26
west_bengal,2004-01-01,16.84,2.1700000000000004
west_bengal,2004-02-01,20.49,0.58
west_bengal,2004-03-01,28.02,7.4399999999999995
west_bengal,2004-04-01,31.73,76.2
west_bengal,2004-05-01,33.63,50.220000000000006
west_bengal,2004-06-01,29.85,267.0
west_bengal,2004-07-01,28.37,186.0
west_bengal,2004-08-01,28.23,232.19
west_bengal,2004-09-01,27.15,280.79999999999995
west_bengal,2004-10-01,24.8,181.04
west_bengal,2004-11-01,21.14,0.0
west_bengal,2004-12-01,18.19,0.0
west_bengal,2005-01-01,17.28,25.110000000000003
west_bengal,2005-02-01,22.56,2.8000000000000003
west_bengal,2005-03-01,27.99,54.25
west_bengal,2005-04-01,31.34,32.1
west_bengal,2005-05-01,32.19,107.88
west_bengal,2005-06-01,32.15,96.0
west_bengal,2005-07-01,28.81,243.97
west_bengal,2005-08-01,28.7,245.82999999999998
west_bengal,2005-09-01,27.67,133.5
west_bengal,2005-10-01,25.85,301.01000000000005
west_bengal,2005-11-01,20.17,0.0
west_bengal,2005-12-01,16.84,4.96
west_bengal,2006-01-01,16.93,0.0
west_bengal,2006-02-01,23.45,0.0
west_bengal,2006-03-01,27.92,6.2
west_bengal,2006-04-01,31.83,58.5
west_bengal,2006-05-01,31.32,149.73
west_bengal,2006-06-01,29.25,159.9
west_bengal,2006-07-01,28.56,343.17
west_bengal,2006-08-01,27.99,260.09000000000003
west_bengal,2006-09-01,27.42,320.1
west_bengal,2006-10-01,26.18,36.58
west_bengal,2006-11-01,21.67,6.3
west_bengal,2006-12-01,17.59,0.0
west_bengal,2007-01-01,16.53,1.24
west_bengal,2007-02-01,21.39,47.879999999999995
west_bengal,2007-03-01,25.72,17.669999999999998
west_bengal,2007-04-01,31.67,35.4
west_bengal,2007-05-01,32.39,79.36
west_bengal,2007-06-01,30.28,259.8
west_bengal,2007-07-01,28.25,626.51
west_bengal,2007-08-01,28.06,251.1
west_bengal,2007-09-01,27.32,420.9
west_bengal,2007-10-01,25.3,119.03999999999999
west_bengal,2007-11-01,21.57,42.9
west_bengal,2007-12-01,15.9,0.0
west_bengal,2008-01-01,16.32,51.15
west_bengal,2008-02-01,18.6,15.08
west_bengal,2008-03-01,26.75,8.99
west_bengal,2008-04-01,30.11,63.9
west_bengal,2008-05-01,32.0,137.64000000000001
west_bengal,2008-06-01,28.73,297.0
west_bengal,2008-07-01,28.18,285.51000000000005
west_bengal,2008-08-01,27.95,233.11999999999998
west_bengal,2008-09-01,27.25,245.99999999999997
west_bengal,2008-10-01,25.57,111.60000000000001
west_bengal,2008-11-01,21.75,0.0
west_bengal,2008-12-01,19.09,0.62
west_bengal,2009-01-01,18.51,1.55
west_bengal,2009-02-01,22.17,1.68
west_bengal,2009-03-01,27.37,38.13
west_bengal,2009-04-01,32.3,2.6999999999999997
west_bengal,2009-05-01,30.9,242.42000000000002
west_bengal,2009-06-01,30.37,108.0
west_bengal,2009-07-01,29.04,272.8
west_bengal,2009-08-01,28.2,394.94
west_bengal,2009-09-01,27.65,328.8
west_bengal,2009-10-01,24.71,98.89
west_bengal,2009-11-01,21.64,20.7
west_bengal,2009-12-01,17.57,0.31
west_bengal,2010-01-01,15.9,0.0
west_bengal,2010-02-01,21.43,26.88
west_bengal,2010-03-01,28.54,10.540000000000001
west_bengal,2010-04-01,33.27,26.7
west_bengal,2010-05-01,31.33,189.41
west_bengal,2010-06-01,30.52,201.0
west_bengal,2010-07-01,28.75,206.77
west_bengal,2010-08-01,28.34,197.16
west_bengal,2010-09-01,27.6,273.0
west_bengal,2010-10-01,26.34,110.36
west_bengal,2010-11-01,23.87,4.8
west_bengal,2010-12-01,17.6,62.309999999999995
west_bengal,2011-01-01,16.54,1.24
west_bengal,2011-02-01,21.93,2.8000000000000003
west_bengal,2011-03-01,27.81,25.73
west_bengal,2011-04-01,30.4,72.9
west_bengal,2011-05-01,31.06,188.48
west_bengal,2011-06-01,29.82,371.09999999999997
west_bengal,2011-07-01,28.25,254.51000000000002
west_bengal,2011-08-01,27.71,439.27
west_bengal,2011-09-01,27.39,278.7
west_bengal,2011-10-01,26.38,34.410000000000004
west_bengal,2011-11-01,22.01,1.7999999999999998
west_bengal,2011-12-01,17.24,8.680000000000001
west_bengal,2012-01-01,17.67,44.64
west_bengal,2012-02-01,20.85,9.57
west_bengal,2012-03-01,26.79,8.370000000000001
west_bengal,2012-04-01,31.47,87.30000000000001
west_bengal,2012-05-01,32.78,66.64999999999999
west_bengal,2012-06-01,32.35,102.9
west_bengal,2012-07-01,29.28,280.55
west_bengal,2012-08-01,28.43,224.44
west_bengal,2012-09-01,27.55,218.7
west_bengal,2012-10-01,23.84,55.49
west_bengal,2012-11-01,19.56,61.800000000000004
west_bengal,2012-12-01,15.5,16.43
west_bengal,2013-01-01,15.45,3.41
west_bengal,2013-02-01,21.05,10.92
west_bengal,2013-03-01,27.31,10.23
west_bengal,2013-04-01,31.86,49.5
west_bengal,2013-05-01,31.97,206.46
west_bengal,2013-06-01,29.2,278.7
west_bengal,2013-07-01,28.78,252.96
west_bengal,2013-08-01,27.92,341.93
west_bengal,2013-09-01,27.66,239.4
west_bengal,2013-10-01,25.98,316.2
west_bengal,2013-11-01,20.54,0.0
west_bengal,2013-12-01,17.6,0.0
west_bengal,2014-01-01,16.08,0.31
west_bengal,2014-02-01,19.78,30.240000000000002
west_bengal,2014-03-01,25.8,22.32
west_bengal,2014-04-01,32.7,3.5999999999999996
west_bengal,2014-05-01,33.49,110.98
west_bengal,2014-06-01,31.17,235.2
west_bengal,2014-07-01,29.06,249.23999999999998
west_bengal,2014-08-01,28.3,279.93
west_bengal,2014-09-01,27.87,201.9
west_bengal,2014-10-01,25.92,74.39999999999999
west_bengal,2014-11-01,20.54,0.0
west_bengal,2014-12-01,16.17,5.58
west_bengal,2015-01-01,17.54,31.31
west_bengal,2015-02-01,22.13,18.76
west_bengal,2015-03-01,26.88,40.92
west_bengal,2015-04-01,29.79,109.2
west_bengal,2015-05-01,31.97,69.75
west_bengal,2015-06-01,30.46,215.1
west_bengal,2015-07-01,28.39,646.35
west_bengal,2015-08-01,28.33,201.19
west_bengal,2015-09-01,28.08,190.2
west_bengal,2015-10-01,26.49,23.25
west_bengal,2015-11-01,23.04,0.3
west_bengal,2015-12-01,19.45,4.96
west_bengal,2016-01-01,18.92,9.61
west_bengal,2016-02-01,24.56,64.38000000000001
west_bengal,2016-03-01,28.16,22.009999999999998
west_bengal,2016-04-01,33.9,5.1000000000000005
west_bengal,2016-05-01,32.49,170.19
west_bengal,2016-06-01,30.32,147.0
west_bengal,2016-07-01,28.53,352.78000000000003
west_bengal,2016-08-01,28.23,454.77
west_bengal,2016-09-01,27.72,256.2
west_bengal,2016-10-01,25.95,52.39
west_bengal,2016-11-01,21.07,24.3
west_bengal,2016-12-01,17.49,0.0
west_bengal,2017-01-01,17.78,1.55
west_bengal,2017-02-01,22.38,0.0
west_bengal,2017-03-01,26.61,43.089999999999996
west_bengal,2017-04-01,31.67,34.199999999999996
west_bengal,2017-05-01,32.63,126.48
west_bengal,2017-06-01,30.44,222.0
west_bengal,2017-07-01,28.44,650.0699999999999
west_bengal,2017-08-01,28.16,305.96999999999997
west_bengal,2017-09-01,27.96,215.39999999999998
west_bengal,2017-10-01,26.43,282.71999999999997
west_bengal,2017-11-01,21.38,27.6
west_bengal,2017-12-01,18.18,25.419999999999998
west_bengal,2018-01-01,14.98,0.0
west_bengal,2018-02-01,21.02,1.68
west_bengal,2018-03-01,26.86,6.82
west_bengal,2018-04-01,29.59,124.50000000000001
west_bengal,2018-05-01,31.3,73.16
west_bengal,2018-06-01,30.17,222.0
west_bengal,2018-07-01,29.05,348.44
west_bengal,2018-08-01,28.47,265.05
west_bengal,2018-09-01,27.88,177.6
west_bengal,2018-10-01,25.64,41.85
west_bengal,2018-11-01,22.44,2.1
west_bengal,2018-12-01,17.23,24.8
west_bengal,2019-01-01,17.83,0.0
west_bengal,2019-02-01,22.32,96.60000000000001
west_bengal,2019-03-01,25.84,39.06
west_bengal,2019-04-01,31.38,40.5
west_bengal,2019-05-01,32.62,127.72
west_bengal,2019-06-01,32.06,92.1
west_bengal,2019-07-01,30.15,183.21
west_bengal,2019-08-01,28.89,328.90999999999997
west_bengal,2019-09-01,27.77,256.5
west_bengal,2019-10-01,25.84,159.34
west_bengal,2019-11-01,22.26,74.10000000000001
west_bengal,2019-12-01,17.28,11.78
west_bengal,2020-01-01,16.52,36.269999999999996
west_bengal,2020-02-01,19.25,4.930000000000001
west_bengal,2020-03-01,25.53,59.519999999999996
west_bengal,2020-04-01,30.32,80.1
west_bengal,2020-05-01,30.33,293.88
west_bengal,2020-06-01,29.08,286.8
west_bengal,2020-07-01,28.69,294.5
west_bengal,2020-08-01,28.63,337.59000000000003
west_bengal,2020-09-01,28.11,134.1
west_bengal,2020-10-01,27.14,93.30999999999999
west_bengal,2020-11-01,21.58,6.9
west_bengal,2020-12-01,17.64,0.0
west_bengal,2021-01-01,18.04,0.62
west_bengal,2021-02-01,21.99,1.12
west_bengal,2021-03-01,29.1,4.03
west_bengal,2021-04-01,32.0,24.3
west_bengal,2021-05-01,31.22,255.13000000000002
west_bengal,2021-06-01,28.8,372.6
west_bengal,2021-07-01,28.7,403.31
west_bengal,2021-08-01,28.11,262.88
west_bengal,2021-09-01,27.47,441.6
west_bengal,2021-10-01,26.59,176.70000000000002
west_bengal,2021-11-01,21.6,23.1
west_bengal,2021-12-01,17.87,96.72
west_bengal,2022-01-01,16.63,26.97
west_bengal,2022-02-01,19.14,51.24
west_bengal,2022-03-01,25.61,0.62
west_bengal,2022-04-01,32.22,11.1
west_bengal,2022-05-01,30.91,189.1
west_bengal,2022-06-01,30.1,126.6
west_bengal,2022-07-01,29.05,169.88000000000002
west_bengal,2022-08-01,28.53,277.14
west_bengal,2022-09-01,27.91,219.60000000000002
west_bengal,2022-10-01,25.82,122.14
west_bengal,2022-11-01,20.95,0.0
west_bengal,2022-12-01,18.24,0.0
